ANO,TABELA_DICIONARIO,VARIAVEL_ORIGINAL,DESCRICAO_OFICIAL,NOTA_OFICIAL,DICIONARIO
2021,Cadastro_Escolas,NU_ANO_CENSO,Ano do Censo,,dicionário_dados_educação_básica_2021.xlsx
2021,Cadastro_Escolas,NO_REGIAO,Nome da região geográfica,,dicionário_dados_educação_básica_2021.xlsx
2021,Cadastro_Escolas,CO_REGIAO,Código da região geográfica,,dicionário_dados_educação_básica_2021.xlsx
2021,Cadastro_Escolas,NO_UF,Nome da Unidade da Federação,,dicionário_dados_educação_básica_2021.xlsx
2021,Cadastro_Escolas,SG_UF,Sigla da Unidade da Federação,,dicionário_dados_educação_básica_2021.xlsx
2021,Cadastro_Escolas,CO_UF,Código da UF,,dicionário_dados_educação_básica_2021.xlsx
2021,Cadastro_Escolas,NO_MUNICIPIO,Nome do Município,,dicionário_dados_educação_básica_2021.xlsx
2021,Cadastro_Escolas,CO_MUNICIPIO,Código do Município,,dicionário_dados_educação_básica_2021.xlsx
2021,Cadastro_Escolas,NO_MESORREGIAO,Nome da Mesorregião,,dicionário_dados_educação_básica_2021.xlsx
2021,Cadastro_Escolas,CO_MESORREGIAO,Código da Mesorregião,,dicionário_dados_educação_básica_2021.xlsx
2021,Cadastro_Escolas,NO_MICRORREGIAO,Nome da Microrregião,,dicionário_dados_educação_básica_2021.xlsx
2021,Cadastro_Escolas,CO_MICRORREGIAO,Código da Microrregião,,dicionário_dados_educação_básica_2021.xlsx
2021,Cadastro_Escolas,CO_DISTRITO,Código completo do Distrito da escola,,dicionário_dados_educação_básica_2021.xlsx
2021,Cadastro_Escolas,CO_ENTIDADE,Código da Escola,,dicionário_dados_educação_básica_2021.xlsx
2021,Cadastro_Escolas,NO_ENTIDADE,Nome da Escola,,dicionário_dados_educação_básica_2021.xlsx
2021,Cadastro_Escolas,TP_DEPENDENCIA,Dependência Administrativa,,dicionário_dados_educação_básica_2021.xlsx
2021,Cadastro_Escolas,TP_CATEGORIA_ESCOLA_PRIVADA,Categoria da escola privada,,dicionário_dados_educação_básica_2021.xlsx
2021,Cadastro_Escolas,TP_LOCALIZACAO,Localização,,dicionário_dados_educação_básica_2021.xlsx
2021,Cadastro_Escolas,TP_LOCALIZACAO_DIFERENCIADA,Localização diferenciada da escola,"De 2007 a 2011:  
0 - Não se aplica
1 - Área de assentamento
2 - Terra indígena
3 - Área remanescente de quilombos
De 2012 a 2018:  
0 - A escola não está em área de localização diferenciada
1 - Área de assentamento
2 - Terra indígena
3 - Área remanescente de quilombos
4 - Unidade de uso sustentável
5 - Unidade de uso sustentável em terra indígena
6 - Unidade de uso sustentável em área 
remanescente de quilombos",dicionário_dados_educação_básica_2021.xlsx
2021,Cadastro_Escolas,DS_ENDERECO,Endereço,,dicionário_dados_educação_básica_2021.xlsx
2021,Cadastro_Escolas,NU_ENDERECO,Número,,dicionário_dados_educação_básica_2021.xlsx
2021,Cadastro_Escolas,DS_COMPLEMENTO,Complemento,,dicionário_dados_educação_básica_2021.xlsx
2021,Cadastro_Escolas,NO_BAIRRO,Bairro,,dicionário_dados_educação_básica_2021.xlsx
2021,Cadastro_Escolas,CO_CEP,CEP,,dicionário_dados_educação_básica_2021.xlsx
2021,Cadastro_Escolas,NU_DDD,DDD,,dicionário_dados_educação_básica_2021.xlsx
2021,Cadastro_Escolas,NU_TELEFONE,Telefone,,dicionário_dados_educação_básica_2021.xlsx
2021,Cadastro_Escolas,TP_SITUACAO_FUNCIONAMENTO,Situação de funcionamento,,dicionário_dados_educação_básica_2021.xlsx
2021,Cadastro_Escolas,CO_ORGAO_REGIONAL,Código do Órgão Regional de Ensino,,dicionário_dados_educação_básica_2021.xlsx
2021,Cadastro_Escolas,DT_ANO_LETIVO_INICIO,Início do ano letivo,,dicionário_dados_educação_básica_2021.xlsx
2021,Cadastro_Escolas,DT_ANO_LETIVO_TERMINO,Término (Previsão) do ano letivo,,dicionário_dados_educação_básica_2021.xlsx
2021,Cadastro_Escolas,IN_VINCULO_SECRETARIA_EDUCACAO,Órgão que a escola pública está vinculada - Secretaria de Educação/Ministério da Educação,,dicionário_dados_educação_básica_2021.xlsx
2021,Cadastro_Escolas,IN_VINCULO_SEGURANCA_PUBLICA,Órgão que a escola pública está vinculada - Secretaria de Segurança Pública/Forças Armadas/Militar,,dicionário_dados_educação_básica_2021.xlsx
2021,Cadastro_Escolas,IN_VINCULO_SECRETARIA_SAUDE,Órgão que a escola pública está vinculada - Secretaria de Saúde/Ministério da Saúde,,dicionário_dados_educação_básica_2021.xlsx
2021,Cadastro_Escolas,IN_VINCULO_OUTRO_ORGAO,Órgão que a escola pública está vinculada - Outro órgão da administração pública,,dicionário_dados_educação_básica_2021.xlsx
2021,Cadastro_Escolas,IN_CONVENIADA_PP,Conveniada com o poder público,,dicionário_dados_educação_básica_2021.xlsx
2021,Cadastro_Escolas,TP_CONVENIO_PODER_PUBLICO,Dependência do convênio com o poder público,,dicionário_dados_educação_básica_2021.xlsx
2021,Cadastro_Escolas,IN_MANT_ESCOLA_PRIVADA_EMP,Mantenedora da escola privada - Empresa ou grupo empresarial do setor privado ou pessoa física,,dicionário_dados_educação_básica_2021.xlsx
2021,Cadastro_Escolas,IN_MANT_ESCOLA_PRIVADA_ONG,Mantenedora da escola privada - Organização não governamental (ONG) - internacional ou nacional,,dicionário_dados_educação_básica_2021.xlsx
2021,Cadastro_Escolas,IN_MANT_ESCOLA_PRIVADA_OSCIP,Mantenedora da escola privada - Organização da Sociedade Civil de Interesse Público (Oscip),,dicionário_dados_educação_básica_2021.xlsx
2021,Cadastro_Escolas,IN_MANT_ESCOLA_PRIV_ONG_OSCIP,"Mantenedora da escola privada - Organização não governamental (ONG) - internacional ou nacional.
Organização da Sociedade Civil de Interesse Público (Oscip)","A partir de 2019:
Variável derivada juntando IN_MANT_ESCOLA_PRIVADA_ONG e IN_MANT_ESCOLA_PRIVADA_OSCIP",dicionário_dados_educação_básica_2021.xlsx
2021,Cadastro_Escolas,IN_MANT_ESCOLA_PRIVADA_SIND,"Mantenedora da escola privada - Sindicatos de trabalhadores ou patronais, associações e cooperativas",,dicionário_dados_educação_básica_2021.xlsx
2021,Cadastro_Escolas,IN_MANT_ESCOLA_PRIVADA_SIST_S,"Mantenedora da escola privada - Sistema S (Sesi, Senai, Sesc, Outros)",,dicionário_dados_educação_básica_2021.xlsx
2021,Cadastro_Escolas,IN_MANT_ESCOLA_PRIVADA_S_FINS,Mantenedora da escola privada - Instituições sem fins lucrativos,,dicionário_dados_educação_básica_2021.xlsx
2021,Cadastro_Escolas,NU_CNPJ_ESCOLA_PRIVADA,Número do CNPJ da escola privada,,dicionário_dados_educação_básica_2021.xlsx
2021,Cadastro_Escolas,NU_CNPJ_MANTENEDORA,Número do CNPJ da mantenedora principal da escola privada,,dicionário_dados_educação_básica_2021.xlsx
2021,Cadastro_Escolas,TP_REGULAMENTACAO,"Regulamentação/Autorização no conselho ou órgão municipal, estadual ou federal de educação",,dicionário_dados_educação_básica_2021.xlsx
2021,Cadastro_Escolas,TP_RESPONSAVEL_REGULAMENTACAO,Esfera administrativa do conselho ou órgão responsável pela Regulamentação/Autorização,,dicionário_dados_educação_básica_2021.xlsx
2021,Cadastro_Escolas,CO_ESCOLA_SEDE_VINCULADA,Código da escola sede,,dicionário_dados_educação_básica_2021.xlsx
2021,Cadastro_Escolas,CO_IES_OFERTANTE,Código da IES vinculada à escola,,dicionário_dados_educação_básica_2021.xlsx
2021,Cadastro_Escolas,IN_LOCAL_FUNC_PREDIO_ESCOLAR,Local de funcionamento da escola - Prédio Escolar,,dicionário_dados_educação_básica_2021.xlsx
2021,Cadastro_Escolas,TP_OCUPACAO_PREDIO_ESCOLAR,Forma de ocupação do Prédio escolar,,dicionário_dados_educação_básica_2021.xlsx
2021,Cadastro_Escolas,IN_LOCAL_FUNC_SALAS_EMPRESA,Local de funcionamento da escola - Salas de empresa,,dicionário_dados_educação_básica_2021.xlsx
2021,Cadastro_Escolas,IN_LOCAL_FUNC_SOCIOEDUCATIVO,Local de funcionamento da escola - Unidade de Atendimento socioeducativo,,dicionário_dados_educação_básica_2021.xlsx
2021,Cadastro_Escolas,IN_LOCAL_FUNC_UNID_PRISIONAL,Local de funcionamento da escola - Unidade Prisional,,dicionário_dados_educação_básica_2021.xlsx
2021,Cadastro_Escolas,IN_LOCAL_FUNC_PRISIONAL_SOCIO,Local de funcionamento da escola - Unidade Prisional ou Unidade de atendimento socioeducativo,,dicionário_dados_educação_básica_2021.xlsx
2021,Cadastro_Escolas,IN_LOCAL_FUNC_TEMPLO_IGREJA,Local de funcionamento da escola - Templo/Igreja,,dicionário_dados_educação_básica_2021.xlsx
2021,Cadastro_Escolas,IN_LOCAL_FUNC_CASA_PROFESSOR,Local de funcionamento da escola - Casa do professor,,dicionário_dados_educação_básica_2021.xlsx
2021,Cadastro_Escolas,IN_LOCAL_FUNC_GALPAO,Local de funcionamento da escola - Galpão/Rancho/Paiol/Barracão,,dicionário_dados_educação_básica_2021.xlsx
2021,Cadastro_Escolas,TP_OCUPACAO_GALPAO,Forma de ocupação do Galpão/Rancho/Paiol/Barracão,,dicionário_dados_educação_básica_2021.xlsx
2021,Cadastro_Escolas,IN_LOCAL_FUNC_SALAS_OUTRA_ESC,Local de funcionamento da escola - Salas em outra escola,,dicionário_dados_educação_básica_2021.xlsx
2021,Cadastro_Escolas,IN_LOCAL_FUNC_OUTROS,Local de funcionamento da escola - Outros,,dicionário_dados_educação_básica_2021.xlsx
2021,Cadastro_Escolas,IN_PREDIO_COMPARTILHADO,Prédio compartilhado com outra escola,,dicionário_dados_educação_básica_2021.xlsx
2021,Cadastro_Escolas,IN_AGUA_FILTRADA,Água consumida pelos alunos,,dicionário_dados_educação_básica_2021.xlsx
2021,Cadastro_Escolas,IN_AGUA_POTAVEL,Fornece água potável para o consumo humano,,dicionário_dados_educação_básica_2021.xlsx
2021,Cadastro_Escolas,IN_AGUA_REDE_PUBLICA,Abastecimento de água - Rede pública,,dicionário_dados_educação_básica_2021.xlsx
2021,Cadastro_Escolas,IN_AGUA_POCO_ARTESIANO,Abastecimento de água - Poço artesiano,,dicionário_dados_educação_básica_2021.xlsx
2021,Cadastro_Escolas,IN_AGUA_CACIMBA,Abastecimento de água - Cacimba/Cisterna/Poço,,dicionário_dados_educação_básica_2021.xlsx
2021,Cadastro_Escolas,IN_AGUA_FONTE_RIO,Abastecimento de água - Fonte/Rio/Igarapé/Riacho/Córrego,,dicionário_dados_educação_básica_2021.xlsx
2021,Cadastro_Escolas,IN_AGUA_INEXISTENTE,Abastecimento de água - Não há abastecimento de água,,dicionário_dados_educação_básica_2021.xlsx
2021,Cadastro_Escolas,IN_ENERGIA_REDE_PUBLICA,Abastecimento de energia elétrica - Rede pública,,dicionário_dados_educação_básica_2021.xlsx
2021,Cadastro_Escolas,IN_ENERGIA_GERADOR,Abastecimento de energia elétrica - Gerador,,dicionário_dados_educação_básica_2021.xlsx
2021,Cadastro_Escolas,IN_ENERGIA_GERADOR_FOSSIL,Abastecimento de energia elétrica - Gerador movido a combustível fóssil,,dicionário_dados_educação_básica_2021.xlsx
2021,Cadastro_Escolas,IN_ENERGIA_OUTROS,Abastecimento de energia elétrica - Outros (Energia alternativa),,dicionário_dados_educação_básica_2021.xlsx
2021,Cadastro_Escolas,IN_ENERGIA_RENOVAVEL,"Abastecimento de energia elétrica - Fontes de energia renováveis ou alternativas (gerador a biocombustível e/ou biodigestores, eólica, solar, outras)",,dicionário_dados_educação_básica_2021.xlsx
2021,Cadastro_Escolas,IN_ENERGIA_INEXISTENTE,Abastecimento de energia elétrica - Não há energia elétrica,,dicionário_dados_educação_básica_2021.xlsx
2021,Cadastro_Escolas,IN_ESGOTO_REDE_PUBLICA,Esgoto sanitário - Rede pública,,dicionário_dados_educação_básica_2021.xlsx
2021,Cadastro_Escolas,IN_ESGOTO_FOSSA_SEPTICA,Esgoto sanitário - Fossa Séptica,,dicionário_dados_educação_básica_2021.xlsx
2021,Cadastro_Escolas,IN_ESGOTO_FOSSA_COMUM,Esgoto sanitário - Fossa rudimentar/comum,,dicionário_dados_educação_básica_2021.xlsx
2021,Cadastro_Escolas,IN_ESGOTO_FOSSA,Esgoto sanitário - Fossa,"A partir de 2019:
Variável derivada juntando IN_ESGOTO_FOSSA_SEPTICA e IN_ESGOTO_FOSSA_COMUM",dicionário_dados_educação_básica_2021.xlsx
2021,Cadastro_Escolas,IN_ESGOTO_INEXISTENTE,Esgoto sanitário - Não há esgotamento sanitário,,dicionário_dados_educação_básica_2021.xlsx
2021,Cadastro_Escolas,IN_LIXO_SERVICO_COLETA,Destinação do lixo - Serviço de coleta,,dicionário_dados_educação_básica_2021.xlsx
2021,Cadastro_Escolas,IN_LIXO_QUEIMA,Destinação do lixo - Queima,,dicionário_dados_educação_básica_2021.xlsx
2021,Cadastro_Escolas,IN_LIXO_ENTERRA,Destinação do lixo - Enterra,,dicionário_dados_educação_básica_2021.xlsx
2021,Cadastro_Escolas,IN_LIXO_DESTINO_FINAL_PUBLICO,Destinação do lixo - Leva a uma destinação final financiada pelo poder público,,dicionário_dados_educação_básica_2021.xlsx
2021,Cadastro_Escolas,IN_LIXO_DESCARTA_OUTRA_AREA,Destinação do lixo - Descarta em outra área,,dicionário_dados_educação_básica_2021.xlsx
2021,Cadastro_Escolas,IN_LIXO_JOGA_OUTRA_AREA,Destinação do lixo - Joga em outra área,,dicionário_dados_educação_básica_2021.xlsx
2021,Cadastro_Escolas,IN_LIXO_OUTROS,Destinação do lixo - Outros,,dicionário_dados_educação_básica_2021.xlsx
2021,Cadastro_Escolas,IN_LIXO_RECICLA,Tratamento do lixo/resíduos que a escola realiza - Reciclagem,,dicionário_dados_educação_básica_2021.xlsx
2021,Cadastro_Escolas,IN_TRATAMENTO_LIXO_SEPARACAO,Tratamento do lixo/resíduos que a escola realiza - Separação do lixo/resíduos,,dicionário_dados_educação_básica_2021.xlsx
2021,Cadastro_Escolas,IN_TRATAMENTO_LIXO_REUTILIZA,Tratamento do lixo/resíduos que a escola realiza - Reaproveitamento/reutilização,,dicionário_dados_educação_básica_2021.xlsx
2021,Cadastro_Escolas,IN_TRATAMENTO_LIXO_RECICLAGEM,Tratamento do lixo/resíduos que a escola realiza - Reciclagem,,dicionário_dados_educação_básica_2021.xlsx
2021,Cadastro_Escolas,IN_TRATAMENTO_LIXO_INEXISTENTE,Tratamento do lixo/resíduos que a escola realiza - Não faz tratamento,,dicionário_dados_educação_básica_2021.xlsx
2021,Cadastro_Escolas,IN_ALMOXARIFADO,Dependências físicas existentes e utilizadas na escola - Almoxarifado,,dicionário_dados_educação_básica_2021.xlsx
2021,Cadastro_Escolas,IN_AREA_VERDE,Dependências físicas existentes e utilizadas na escola - Área Verde,,dicionário_dados_educação_básica_2021.xlsx
2021,Cadastro_Escolas,IN_AUDITORIO,Dependências físicas existentes e utilizadas na escola - Auditório,,dicionário_dados_educação_básica_2021.xlsx
2021,Cadastro_Escolas,IN_BANHEIRO_FORA_PREDIO,Dependências físicas existentes e utilizadas na escola - Banheiro fora do prédio,,dicionário_dados_educação_básica_2021.xlsx
2021,Cadastro_Escolas,IN_BANHEIRO_DENTRO_PREDIO,Dependências físicas existentes e utilizadas na escola - Banheiro dentro do prédio,,dicionário_dados_educação_básica_2021.xlsx
2021,Cadastro_Escolas,IN_BANHEIRO,Dependências físicas existentes e utilizadas na escola - Banheiro,,dicionário_dados_educação_básica_2021.xlsx
2021,Cadastro_Escolas,IN_BANHEIRO_EI,Dependências físicas existentes e utilizadas na escola - Banheiro adequado à educação infantil,,dicionário_dados_educação_básica_2021.xlsx
2021,Cadastro_Escolas,IN_BANHEIRO_PNE,"Dependências físicas existentes e utilizadas na escola - Banheiro acessível, adequado ao uso de pessoas com deficiência ou mobilidade reduzida",,dicionário_dados_educação_básica_2021.xlsx
2021,Cadastro_Escolas,IN_BANHEIRO_FUNCIONARIOS,Dependências físicas existentes e utilizadas na escola - Banheiro exclusivo para os funcionários,,dicionário_dados_educação_básica_2021.xlsx
2021,Cadastro_Escolas,IN_BANHEIRO_CHUVEIRO,Dependências físicas existentes e utilizadas na escola - Banheiro ou vestiário com chuveiro,"De 2012 a 2018: ""Banheiro com chuveiro""
A partir de 2019: ""Banheiro ou vestiário com chuveiro""",dicionário_dados_educação_básica_2021.xlsx
2021,Cadastro_Escolas,IN_BERCARIO,Dependências físicas existentes e utilizadas na escola - Berçário,,dicionário_dados_educação_básica_2021.xlsx
2021,Cadastro_Escolas,IN_BIBLIOTECA,Dependências físicas existentes e utilizadas na escola - Biblioteca,,dicionário_dados_educação_básica_2021.xlsx
2021,Cadastro_Escolas,IN_BIBLIOTECA_SALA_LEITURA,Dependências físicas existentes e utilizadas na escola - Biblioteca e/ou Sala de leitura,,dicionário_dados_educação_básica_2021.xlsx
2021,Cadastro_Escolas,IN_COZINHA,Dependências físicas existentes e utilizadas na escola - Cozinha,,dicionário_dados_educação_básica_2021.xlsx
2021,Cadastro_Escolas,IN_DESPENSA,Dependências físicas existentes e utilizadas na escola - Despensa,,dicionário_dados_educação_básica_2021.xlsx
2021,Cadastro_Escolas,IN_DORMITORIO_ALUNO,Dependências físicas existentes e utilizadas na escola - Dormitório de Aluno,"De 2012 a 2018: ""Alojamento de aluno""
A partir de 2019: ""Dormitório de aluno(a)",dicionário_dados_educação_básica_2021.xlsx
2021,Cadastro_Escolas,IN_DORMITORIO_PROFESSOR,Dependências físicas existentes e utilizadas na escola - Dormitório de professor,"De 2012 a 2018: ""Alojamento de professor""
A partir de 2019: ""Dormitório de professor(a)""",dicionário_dados_educação_básica_2021.xlsx
2021,Cadastro_Escolas,IN_LABORATORIO_CIENCIAS,Dependências físicas existentes e utilizadas na escola - Laboratório de ciências,,dicionário_dados_educação_básica_2021.xlsx
2021,Cadastro_Escolas,IN_LABORATORIO_INFORMATICA,Dependências físicas existentes e utilizadas na escola - Laboratório de informática,,dicionário_dados_educação_básica_2021.xlsx
2021,Cadastro_Escolas,IN_PATIO_COBERTO,Dependências físicas existentes e utilizadas na escola - Pátio Coberto,,dicionário_dados_educação_básica_2021.xlsx
2021,Cadastro_Escolas,IN_PATIO_DESCOBERTO,Dependências físicas existentes e utilizadas na escola - Pátio Descoberto,,dicionário_dados_educação_básica_2021.xlsx
2021,Cadastro_Escolas,IN_PARQUE_INFANTIL,Dependências físicas existentes e utilizadas na escola - Parque infantil,,dicionário_dados_educação_básica_2021.xlsx
2021,Cadastro_Escolas,IN_PISCINA,Dependências físicas existentes e utilizadas na escola - Piscina,,dicionário_dados_educação_básica_2021.xlsx
2021,Cadastro_Escolas,IN_QUADRA_ESPORTES,Dependências físicas existentes e utilizadas na escola - Quadra de esportes coberta ou descoberta,,dicionário_dados_educação_básica_2021.xlsx
2021,Cadastro_Escolas,IN_QUADRA_ESPORTES_COBERTA,Dependências físicas existentes e utilizadas na escola - Quadra de esportes Coberta,,dicionário_dados_educação_básica_2021.xlsx
2021,Cadastro_Escolas,IN_QUADRA_ESPORTES_DESCOBERTA,Dependências físicas existentes e utilizadas na escola - Quadra de esportes Descoberta,,dicionário_dados_educação_básica_2021.xlsx
2021,Cadastro_Escolas,IN_REFEITORIO,Dependências físicas existentes e utilizadas na escola - Refeitório,,dicionário_dados_educação_básica_2021.xlsx
2021,Cadastro_Escolas,IN_SALA_ATELIE_ARTES,Dependências físicas existentes e utilizadas na escola - Sala/ateliê de artes,,dicionário_dados_educação_básica_2021.xlsx
2021,Cadastro_Escolas,IN_SALA_MUSICA_CORAL,Dependências físicas existentes e utilizadas na escola -  Sala de música/coral,,dicionário_dados_educação_básica_2021.xlsx
2021,Cadastro_Escolas,IN_SALA_ESTUDIO_DANCA,Dependências físicas existentes e utilizadas na escola - Sala/estúdio de dança,,dicionário_dados_educação_básica_2021.xlsx
2021,Cadastro_Escolas,IN_SALA_MULTIUSO,"Dependências físicas existentes e utilizadas na escola - Sala multiuso (música, dança e artes)",,dicionário_dados_educação_básica_2021.xlsx
2021,Cadastro_Escolas,IN_SALA_DIRETORIA,Dependências físicas existentes e utilizadas na escola - Sala de Diretoria,,dicionário_dados_educação_básica_2021.xlsx
2021,Cadastro_Escolas,IN_SALA_LEITURA,Dependências físicas existentes e utilizadas na escola - Sala de Leitura,,dicionário_dados_educação_básica_2021.xlsx
2021,Cadastro_Escolas,IN_SALA_PROFESSOR,Dependências físicas existentes e utilizadas na escola - Sala de professores,,dicionário_dados_educação_básica_2021.xlsx
2021,Cadastro_Escolas,IN_SALA_REPOUSO_ALUNO,Dependências físicas existentes e utilizadas na escola - Sala de repouso para aluno(a),,dicionário_dados_educação_básica_2021.xlsx
2021,Cadastro_Escolas,IN_SECRETARIA,Dependências físicas existentes e utilizadas na escola - Sala de secretaria,,dicionário_dados_educação_básica_2021.xlsx
2021,Cadastro_Escolas,IN_SALA_ATENDIMENTO_ESPECIAL,Dependências físicas existentes e utilizadas na escola - Sala de recursos Multifuncionais para Atendimento Educacional Especializado (AEE),,dicionário_dados_educação_básica_2021.xlsx
2021,Cadastro_Escolas,IN_TERREIRAO,"Dependências físicas existentes e utilizadas na escola - Terreirão (área para prática desportiva e recreação sem cobertura, sem piso e sem edificações)",,dicionário_dados_educação_básica_2021.xlsx
2021,Cadastro_Escolas,IN_VIVEIRO,Dependências físicas existentes e utilizadas na escola -  Viveiro/criação de animais,,dicionário_dados_educação_básica_2021.xlsx
2021,Cadastro_Escolas,IN_DEPENDENCIAS_PNE,Dependências físicas existentes e utilizadas na escola - Dependências e vias adequadas a alunos com deficiência ou mobilidade reduzida,,dicionário_dados_educação_básica_2021.xlsx
2021,Cadastro_Escolas,IN_LAVANDERIA,Dependências físicas existentes e utilizadas na escola - Lavanderia,,dicionário_dados_educação_básica_2021.xlsx
2021,Cadastro_Escolas,IN_DEPENDENCIAS_OUTRAS,Dependências existentes na escola - Nenhuma das dependências relacionadas,,dicionário_dados_educação_básica_2021.xlsx
2021,Cadastro_Escolas,IN_ACESSIBILIDADE_CORRIMAO,Recursos de acessibilidade para pessoas com deficiência ou mobilidade reduzida nas vias de circulação interna na escola - Corrimão e guarda corpos,,dicionário_dados_educação_básica_2021.xlsx
2021,Cadastro_Escolas,IN_ACESSIBILIDADE_ELEVADOR,Recursos de acessibilidade para pessoas com deficiência ou mobilidade reduzida nas vias de circulação interna na escola - Elevador,,dicionário_dados_educação_básica_2021.xlsx
2021,Cadastro_Escolas,IN_ACESSIBILIDADE_PISOS_TATEIS,Recursos de acessibilidade para pessoas com deficiência ou mobilidade reduzida nas vias de circulação interna na escola - Pisos táteis,,dicionário_dados_educação_básica_2021.xlsx
2021,Cadastro_Escolas,IN_ACESSIBILIDADE_VAO_LIVRE,Recursos de acessibilidade para pessoas com deficiência ou mobilidade reduzida nas vias de circulação interna na escola - Portas com vão livre de no mínimo 80 cm,,dicionário_dados_educação_básica_2021.xlsx
2021,Cadastro_Escolas,IN_ACESSIBILIDADE_RAMPAS,Recursos de acessibilidade para pessoas com deficiência ou mobilidade reduzida nas vias de circulação interna na escola - Rampas,,dicionário_dados_educação_básica_2021.xlsx
2021,Cadastro_Escolas,IN_ACESSIBILIDADE_SINAL_SONORO,Recursos de acessibilidade para pessoas com deficiência ou mobilidade reduzida nas vias de circulação interna na escola - Sinalização sonora,,dicionário_dados_educação_básica_2021.xlsx
2021,Cadastro_Escolas,IN_ACESSIBILIDADE_SINAL_TATIL,Recursos de acessibilidade para pessoas com deficiência ou mobilidade reduzida nas vias de circulação interna na escola - Sinalização tátil (piso/paredes),,dicionário_dados_educação_básica_2021.xlsx
2021,Cadastro_Escolas,IN_ACESSIBILIDADE_SINAL_VISUAL,Recursos de acessibilidade para pessoas com deficiência ou mobilidade reduzida nas vias de circulação interna na escola - Sinalização visual (piso/paredes),,dicionário_dados_educação_básica_2021.xlsx
2021,Cadastro_Escolas,IN_ACESSIBILIDADE_INEXISTENTE,Recursos de acessibilidade para pessoas com deficiência ou mobilidade reduzida nas vias de circulação interna na escola - Nenhum dos recursos de acessibilidade listados,,dicionário_dados_educação_básica_2021.xlsx
2021,Cadastro_Escolas,QT_SALAS_EXISTENTES,Número de salas de aula existentes na escola,,dicionário_dados_educação_básica_2021.xlsx
2021,Cadastro_Escolas,QT_SALAS_UTILIZADAS_DENTRO,Número de salas de aula utilizadas na escola - Dentro do prédio,,dicionário_dados_educação_básica_2021.xlsx
2021,Cadastro_Escolas,QT_SALAS_UTILIZADAS_FORA,Número de salas de aula utilizadas na escola - Fora do prédio,,dicionário_dados_educação_básica_2021.xlsx
2021,Cadastro_Escolas,QT_SALAS_UTILIZADAS,Número de salas de aula utilizadas na escola (dentro e fora do prédio),"A partir de 2019:
Variável derivada juntando QT_SALAS_UTILIZADAS_DENTRO e QT_SALAS_UTILIZADAS_FORA",dicionário_dados_educação_básica_2021.xlsx
2021,Cadastro_Escolas,QT_SALAS_UTILIZA_CLIMATIZADAS,Condições das salas de aula utilizadas na escola (dentro e fora do prédio escolar) - Número de salas de aula climatizadas,,dicionário_dados_educação_básica_2021.xlsx
2021,Cadastro_Escolas,QT_SALAS_UTILIZADAS_ACESSIVEIS,Condições das salas de aula utilizadas na escola (dentro e fora do prédio escolar) - Número de salas de aula com acessibilidade para pessoas com deficiência ou mobilidade reduzida,,dicionário_dados_educação_básica_2021.xlsx
2021,Cadastro_Escolas,IN_EQUIP_PARABOLICA,Equipamentos existentes na escola para uso técnico e administrativo - Antena parabólica,,dicionário_dados_educação_básica_2021.xlsx
2021,Cadastro_Escolas,IN_COMPUTADOR,Equipamentos existentes na escola para uso técnico e administrativo - Computador,,dicionário_dados_educação_básica_2021.xlsx
2021,Cadastro_Escolas,IN_EQUIP_COPIADORA,Equipamentos existentes na escola para uso técnico e administrativo - Copiadora,,dicionário_dados_educação_básica_2021.xlsx
2021,Cadastro_Escolas,IN_EQUIP_IMPRESSORA,Equipamentos existentes na escola para uso técnico e administrativo - Impressora,,dicionário_dados_educação_básica_2021.xlsx
2021,Cadastro_Escolas,IN_EQUIP_IMPRESSORA_MULT,Equipamentos existentes na escola para uso técnico e administrativo - Impressora Multifuncional,,dicionário_dados_educação_básica_2021.xlsx
2021,Cadastro_Escolas,IN_EQUIP_SCANNER,Equipamentos existentes na escola para uso técnico e administrativo - Scanner,,dicionário_dados_educação_básica_2021.xlsx
2021,Cadastro_Escolas,IN_EQUIP_NENHUM,"Nenhum dos equipamentos listados para uso técnico e administrativo - Antena parabólica, Computador, Copiadora, Impressora, Impressora Multifuncional ou Scanner",,dicionário_dados_educação_básica_2021.xlsx
2021,Cadastro_Escolas,IN_EQUIP_DVD,Equipamentos existentes na escola para o processo ensino aprendizagem - DVD/Blu-ray,,dicionário_dados_educação_básica_2021.xlsx
2021,Cadastro_Escolas,QT_EQUIP_DVD,Quantidade de Aparelhos de DVD/Blu-ray,"Em 2019:
primeiro ano em que foi aplicado tratamento de valores extremos, que são marcados com o código 88888.",dicionário_dados_educação_básica_2021.xlsx
2021,Cadastro_Escolas,IN_EQUIP_SOM,Equipamentos existentes na escola para o processo ensino aprendizagem - Aparelho de som,,dicionário_dados_educação_básica_2021.xlsx
2021,Cadastro_Escolas,QT_EQUIP_SOM,Quantidade de Aparelhos de som,"Em 2019:
primeiro ano em que foi aplicado tratamento de valores extremos, que são marcados com o código 88888.",dicionário_dados_educação_básica_2021.xlsx
2021,Cadastro_Escolas,IN_EQUIP_TV,Equipamentos existentes na escola para o processo ensino aprendizagem - Aparelho de televisão,,dicionário_dados_educação_básica_2021.xlsx
2021,Cadastro_Escolas,QT_EQUIP_TV,Quantidade de Aparelhos de televisão,"Em 2019:
primeiro ano em que foi aplicado tratamento de valores extremos, que são marcados com o código 88888.",dicionário_dados_educação_básica_2021.xlsx
2021,Cadastro_Escolas,IN_EQUIP_LOUSA_DIGITAL,Equipamentos existentes na escola para o processo ensino aprendizagem - Lousa digital,,dicionário_dados_educação_básica_2021.xlsx
2021,Cadastro_Escolas,QT_EQUIP_LOUSA_DIGITAL,Quantidade de Lousas digitais,,dicionário_dados_educação_básica_2021.xlsx
2021,Cadastro_Escolas,IN_EQUIP_MULTIMIDIA,Equipamentos existentes na escola para o processo ensino aprendizagem - Projetor Multimídia (Datashow),,dicionário_dados_educação_básica_2021.xlsx
2021,Cadastro_Escolas,QT_EQUIP_MULTIMIDIA,Quantidade de Projetores Multimídia (Datashow),"Em 2019:
primeiro ano em que foi aplicado tratamento de valores extremos, que são marcados com o código 88888.",dicionário_dados_educação_básica_2021.xlsx
2021,Cadastro_Escolas,IN_EQUIP_VIDEOCASSETE,Equipamentos existentes na escola - Videocassete,,dicionário_dados_educação_básica_2021.xlsx
2021,Cadastro_Escolas,IN_EQUIP_RETROPROJETOR,Equipamentos existentes na escola - Retroprojetor,,dicionário_dados_educação_básica_2021.xlsx
2021,Cadastro_Escolas,IN_EQUIP_FAX,Equipamentos existentes na escola - Fax,,dicionário_dados_educação_básica_2021.xlsx
2021,Cadastro_Escolas,IN_EQUIP_FOTO,Equipamentos existentes na escola - Máquina fotográfica/Filmadora,,dicionário_dados_educação_básica_2021.xlsx
2021,Cadastro_Escolas,QT_EQUIP_VIDEOCASSETE,Quantidade de Videocassetes,,dicionário_dados_educação_básica_2021.xlsx
2021,Cadastro_Escolas,QT_EQUIP_PARABOLICA,Quantidade de Antenas parabólicas,,dicionário_dados_educação_básica_2021.xlsx
2021,Cadastro_Escolas,QT_EQUIP_COPIADORA,Quantidade de Copiadoras,,dicionário_dados_educação_básica_2021.xlsx
2021,Cadastro_Escolas,QT_EQUIP_RETROPROJETOR,Quantidade de Retroprojetores,,dicionário_dados_educação_básica_2021.xlsx
2021,Cadastro_Escolas,QT_EQUIP_IMPRESSORA,Quantidade de Impressoras,,dicionário_dados_educação_básica_2021.xlsx
2021,Cadastro_Escolas,QT_EQUIP_IMPRESSORA_MULT,Quantidade de Impressoras Multifuncionais,,dicionário_dados_educação_básica_2021.xlsx
2021,Cadastro_Escolas,QT_EQUIP_FAX,Quantidade de Fax,,dicionário_dados_educação_básica_2021.xlsx
2021,Cadastro_Escolas,QT_EQUIP_FOTO,Quantidade de Máquinas Fotográficas/ Filmadoras,,dicionário_dados_educação_básica_2021.xlsx
2021,Cadastro_Escolas,QT_COMP_ALUNO,Quantidade de computadores em uso pelos alunos,,dicionário_dados_educação_básica_2021.xlsx
2021,Cadastro_Escolas,IN_DESKTOP_ALUNO,Computadores em uso pelos alunos - Computador de mesa (desktop),,dicionário_dados_educação_básica_2021.xlsx
2021,Cadastro_Escolas,QT_DESKTOP_ALUNO,Quantidade de computadores em uso pelos alunos - Computador de mesa (desktop),,dicionário_dados_educação_básica_2021.xlsx
2021,Cadastro_Escolas,IN_COMP_PORTATIL_ALUNO,Computadores em uso pelos alunos - Computador portátil,,dicionário_dados_educação_básica_2021.xlsx
2021,Cadastro_Escolas,QT_COMP_PORTATIL_ALUNO,Quantidade de computadores em uso pelos alunos - Computador portátil,,dicionário_dados_educação_básica_2021.xlsx
2021,Cadastro_Escolas,IN_TABLET_ALUNO,Computadores em uso pelos alunos - Tablet,,dicionário_dados_educação_básica_2021.xlsx
2021,Cadastro_Escolas,QT_TABLET_ALUNO,Quantidade de computadores em uso pelos alunos - Tablet,,dicionário_dados_educação_básica_2021.xlsx
2021,Cadastro_Escolas,QT_COMPUTADOR,Quantidade de computadores na escola,,dicionário_dados_educação_básica_2021.xlsx
2021,Cadastro_Escolas,QT_COMP_ADMINISTRATIVO,Quantidade de computadores de uso administrativo,,dicionário_dados_educação_básica_2021.xlsx
2021,Cadastro_Escolas,IN_INTERNET,Acesso à Internet,,dicionário_dados_educação_básica_2021.xlsx
2021,Cadastro_Escolas,IN_INTERNET_ALUNOS,Acesso à Internet - Para uso dos alunos,,dicionário_dados_educação_básica_2021.xlsx
2021,Cadastro_Escolas,IN_INTERNET_ADMINISTRATIVO,Acesso à Internet - Para uso administrativo,,dicionário_dados_educação_básica_2021.xlsx
2021,Cadastro_Escolas,IN_INTERNET_APRENDIZAGEM,Acesso à Internet - Para uso nos processos de ensino e aprendizagem,,dicionário_dados_educação_básica_2021.xlsx
2021,Cadastro_Escolas,IN_INTERNET_COMUNIDADE,Acesso à Internet - Para uso da comunidade,,dicionário_dados_educação_básica_2021.xlsx
2021,Cadastro_Escolas,IN_ACESSO_INTERNET_COMPUTADOR,"Equipamentos que os alunos usam para acessar a internet da escola - Computadores de mesa, portáteis e tablets da escola (no laboratório de informática, biblioteca, sala de aula, etc.)",,dicionário_dados_educação_básica_2021.xlsx
2021,Cadastro_Escolas,IN_ACES_INTERNET_DISP_PESSOAIS,"Equipamentos que os alunos usam para acessar a internet da escola - Dispositivos pessoais (computadores portáteis, celulares, tablets, etc.)",,dicionário_dados_educação_básica_2021.xlsx
2021,Cadastro_Escolas,TP_REDE_LOCAL,Rede local de interligação de computadores,,dicionário_dados_educação_básica_2021.xlsx
2021,Cadastro_Escolas,IN_BANDA_LARGA,Internet Banda Larga,,dicionário_dados_educação_básica_2021.xlsx
2021,Cadastro_Escolas,QT_FUNCIONARIOS,Total de funcionários da escola (inclusive profissionais escolares em sala de aula),,dicionário_dados_educação_básica_2021.xlsx
2021,Cadastro_Escolas,IN_PROF_ADMINISTRATIVOS,"Profissionais que atuam na escola - Auxiliares de secretaria ou auxiliares administrativos, atendentes",,dicionário_dados_educação_básica_2021.xlsx
2021,Cadastro_Escolas,QT_PROF_ADMINISTRATIVOS,"Quantidade de profissionais que atuam na escola - Auxiliares de secretaria ou auxiliares administrativos, atendentes",,dicionário_dados_educação_básica_2021.xlsx
2021,Cadastro_Escolas,IN_PROF_SERVICOS_GERAIS,"Profissionais que atuam na escola - Auxiliar de serviços gerais, porteiro(a), zelador(a), faxineiro(a), horticultor(a), jardineiro(a)",,dicionário_dados_educação_básica_2021.xlsx
2021,Cadastro_Escolas,QT_PROF_SERVICOS_GERAIS,"Quantidade de profissionais que atuam na escola - Auxiliar de serviços gerais, porteiro(a), zelador(a), faxineiro(a), horticultor(a), jardineiro(a)",,dicionário_dados_educação_básica_2021.xlsx
2021,Cadastro_Escolas,IN_PROF_BIBLIOTECARIO,"Profissionais que atuam na escola - Bibliotecário(a), auxiliar de biblioteca ou monitor(a) da sala de leitura",,dicionário_dados_educação_básica_2021.xlsx
2021,Cadastro_Escolas,QT_PROF_BIBLIOTECARIO,"Quantidade de profissionais que atuam na escola - Bibliotecário(a), auxiliar de biblioteca ou monitor(a) da sala de leitura",,dicionário_dados_educação_básica_2021.xlsx
2021,Cadastro_Escolas,IN_PROF_SAUDE,"Profissionais que atuam na escola - Bombeiro(a) brigadista, profissionais de assistência à saúde (urgência e emergência), Enfermeiro(a), Técnico(a) de enfermagem e socorrista",,dicionário_dados_educação_básica_2021.xlsx
2021,Cadastro_Escolas,QT_PROF_SAUDE,"Quantidade de profissionais que atuam na escola - Bombeiro(a) brigadista, profissionais de assistência à saúde (urgência e emergência), Enfermeiro(a), Técnico(a) de enfermagem e socorrista",,dicionário_dados_educação_básica_2021.xlsx
2021,Cadastro_Escolas,IN_PROF_COORDENADOR,Profissionais que atuam na escola - Coordenador(a) de turno/disciplina,,dicionário_dados_educação_básica_2021.xlsx
2021,Cadastro_Escolas,QT_PROF_COORDENADOR,Quantidade de profissionais que atuam na escola - Coordenador(a) de turno/disciplina,,dicionário_dados_educação_básica_2021.xlsx
2021,Cadastro_Escolas,IN_PROF_FONAUDIOLOGO,Profissionais que atuam na escola - Fonoaudiólogo(a),,dicionário_dados_educação_básica_2021.xlsx
2021,Cadastro_Escolas,QT_PROF_FONAUDIOLOGO,Quantidade de profissionais que atuam na escola - Fonoaudiólogo(a),,dicionário_dados_educação_básica_2021.xlsx
2021,Cadastro_Escolas,IN_PROF_NUTRICIONISTA,Profissionais que atuam na escola - Nutricionista,,dicionário_dados_educação_básica_2021.xlsx
2021,Cadastro_Escolas,QT_PROF_NUTRICIONISTA,Quantidade de profissionais que atuam na escola - Nutricionista,,dicionário_dados_educação_básica_2021.xlsx
2021,Cadastro_Escolas,IN_PROF_PSICOLOGO,Profissionais que atuam na escola - Psicólogo(a) Escolar,,dicionário_dados_educação_básica_2021.xlsx
2021,Cadastro_Escolas,QT_PROF_PSICOLOGO,Quantidade de profissionais que atuam na escola - Psicólogo(a) Escolar,,dicionário_dados_educação_básica_2021.xlsx
2021,Cadastro_Escolas,IN_PROF_ALIMENTACAO,"Profissionais que atuam na escola - Profissionais de preparação e segurança alimentar, cozinheiro(a), merendeiro(a) e auxiliar de cozinha",,dicionário_dados_educação_básica_2021.xlsx
2021,Cadastro_Escolas,QT_PROF_ALIMENTACAO,"Quantidade de profissionais que atuam na escola -  Profissionais de preparação e segurança alimentar, cozinheiro(a), merendeira e auxiliar de cozinha",,dicionário_dados_educação_básica_2021.xlsx
2021,Cadastro_Escolas,IN_PROF_PEDAGOGIA,"Profissionais que atuam na escola -  Profissionais de apoio e supervisão pedagógica: pedagogo(a), coordenador(a) pedagógico(a), orientador(a) educacional, supervisor(a) escolar e coordenador(a) de área de ensino",,dicionário_dados_educação_básica_2021.xlsx
2021,Cadastro_Escolas,QT_PROF_PEDAGOGIA,"Quantidade de profissionais que atuam na escola -  Profissionais de apoio e supervisão pedagógica: pedagogo(a), coordenador(a) pedagógico(a), orientador(a) educacional, supervisor(a) escolar e coordenador(a) de área de ensino",,dicionário_dados_educação_básica_2021.xlsx
2021,Cadastro_Escolas,IN_PROF_SECRETARIO,Profissionais que atuam na escola - Secretário(a) escolar,,dicionário_dados_educação_básica_2021.xlsx
2021,Cadastro_Escolas,QT_PROF_SECRETARIO,Quantidade de profissionais que atuam na escola - Secretário(a) escolar,,dicionário_dados_educação_básica_2021.xlsx
2021,Cadastro_Escolas,IN_PROF_SEGURANCA,"Profissionais que atuam na escola - Seguranças, guarda ou segurança patrimonial",,dicionário_dados_educação_básica_2021.xlsx
2021,Cadastro_Escolas,QT_PROF_SEGURANCA,"Quantidade de profissionais que atuam na escola - Seguranças, guarda ou segurança patrimonial",,dicionário_dados_educação_básica_2021.xlsx
2021,Cadastro_Escolas,IN_PROF_MONITORES,"Profissionais que atuam na escola - Técnicos(as), monitores(as), supervisores(as) ou auxiliares de laboratório(s), de apoio a tecnologias educacionais ou em multimeios/multimídias eletrônico/digitais",,dicionário_dados_educação_básica_2021.xlsx
2021,Cadastro_Escolas,QT_PROF_MONITORES,"Quantidade de profissionais que atuam na escola - Técnicos(as), monitores(as), supervisores(as) ou auxiliares de laboratório(s), de apoio a tecnologias educacionais ou em multimeios/multimídias eletrônico/digitais",,dicionário_dados_educação_básica_2021.xlsx
2021,Cadastro_Escolas,IN_PROF_GESTAO,"Profissionais que atuam na escola - Vice-diretor(a) ou diretor(a) adjunto(a), profissionais responsáveis pela gestão administrativa e/ou financeira",,dicionário_dados_educação_básica_2021.xlsx
2021,Cadastro_Escolas,QT_PROF_GESTAO,"Quantidade de profissionais que atuam na escola - Vice-diretor(a) ou diretor(a) adjunto(a), profissionais responsáveis pela gestão administrativa e/ou financeira",,dicionário_dados_educação_básica_2021.xlsx
2021,Cadastro_Escolas,IN_PROF_ASSIST_SOCIAL,Profissionais que atuam na escola - Orientador(a) comunitário(a) ou assistente social,,dicionário_dados_educação_básica_2021.xlsx
2021,Cadastro_Escolas,QT_PROF_ASSIST_SOCIAL,Quantidade de profissionais que atuam na escola - Orientador(a) comunitário(a) ou assistente social,,dicionário_dados_educação_básica_2021.xlsx
2021,Cadastro_Escolas,IN_ALIMENTACAO,Alimentação escolar para os alunos - PNAE/FNDE,,dicionário_dados_educação_básica_2021.xlsx
2021,Cadastro_Escolas,IN_SERIE_ANO,Forma de organização do ensino - Série/Ano (séries anuais),,dicionário_dados_educação_básica_2021.xlsx
2021,Cadastro_Escolas,IN_PERIODOS_SEMESTRAIS,Forma de organização do ensino -  Períodos semestrais,,dicionário_dados_educação_básica_2021.xlsx
2021,Cadastro_Escolas,IN_FUNDAMENTAL_CICLOS,Forma de organização do ensino - Ciclo(s) do Ensino Fundamental,,dicionário_dados_educação_básica_2021.xlsx
2021,Cadastro_Escolas,IN_GRUPOS_NAO_SERIADOS,Forma de organização do ensino - Grupos não-seriados com base na idade ou competência (art. 23 LDB),,dicionário_dados_educação_básica_2021.xlsx
2021,Cadastro_Escolas,IN_MODULOS,Forma de organização do ensino - Módulos,,dicionário_dados_educação_básica_2021.xlsx
2021,Cadastro_Escolas,IN_FORMACAO_ALTERNANCIA,Forma de organização do ensino - Alternância regular de períodos de estudos (proposta pedagógica de formação por alternância com tempo-escola e tempo-comunidade),,dicionário_dados_educação_básica_2021.xlsx
2021,Cadastro_Escolas,IN_MATERIAL_PED_MULTIMIDIA,"Instrumentos, materiais socioculturais e/ou pedagógicos em uso na escola para o desenvolvimento de atividades de ensino aprendizagem - Acervo multimídia","Em 2019:
Existe adicionalmente a categoria ""9 - Não informado"".",dicionário_dados_educação_básica_2021.xlsx
2021,Cadastro_Escolas,IN_MATERIAL_PED_INFANTIL,"Instrumentos, materiais socioculturais e/ou pedagógicos em uso na escola para o desenvolvimento de atividades de ensino aprendizagem - Brinquedos para Educação Infantil","Em 2019:
Existe adicionalmente a categoria ""9 - Não informado"".",dicionário_dados_educação_básica_2021.xlsx
2021,Cadastro_Escolas,IN_MATERIAL_PED_CIENTIFICO,"Instrumentos, materiais socioculturais e/ou pedagógicos em uso na escola para o desenvolvimento de atividades de ensino aprendizagem - Conjunto de materiais científicos","Em 2019:
Existe adicionalmente a categoria ""9 - Não informado"".",dicionário_dados_educação_básica_2021.xlsx
2021,Cadastro_Escolas,IN_MATERIAL_PED_DIFUSAO,"Instrumentos, materiais socioculturais e/ou pedagógicos em uso na escola para o desenvolvimento de atividades de ensino aprendizagem - Equipamento para amplificação e difusão de som/áudio","Em 2019:
Existe adicionalmente a categoria ""9 - Não informado"".",dicionário_dados_educação_básica_2021.xlsx
2021,Cadastro_Escolas,IN_MATERIAL_PED_MUSICAL,"Instrumentos, materiais socioculturais e/ou pedagógicos em uso na escola para o desenvolvimento de atividades de ensino aprendizagem - Instrumentos musicais para conjunto, banda/fanfarra e/ou aulas de música","Em 2019:
Existe adicionalmente a categoria ""9 - Não informado"".",dicionário_dados_educação_básica_2021.xlsx
2021,Cadastro_Escolas,IN_MATERIAL_PED_JOGOS,"Instrumentos, materiais socioculturais e/ou pedagógicos em uso na escola para o desenvolvimento de atividades de ensino aprendizagem - Jogos Educativos","Em 2019:
Existe adicionalmente a categoria ""9 - Não informado"".",dicionário_dados_educação_básica_2021.xlsx
2021,Cadastro_Escolas,IN_MATERIAL_PED_ARTISTICAS,"Instrumentos, materiais socioculturais e/ou pedagógicos em uso na escola para o desenvolvimento de atividades de ensino aprendizagem - Materiais para atividades culturais e artísticas","Em 2019:
Existe adicionalmente a categoria ""9 - Não informado"".",dicionário_dados_educação_básica_2021.xlsx
2021,Cadastro_Escolas,IN_MATERIAL_PED_DESPORTIVA,"Instrumentos, materiais socioculturais e/ou pedagógicos em uso na escola para o desenvolvimento de atividades de ensino aprendizagem - Materiais para prática desportiva e recreação","Em 2019:
Existe adicionalmente a categoria ""9 - Não informado"".",dicionário_dados_educação_básica_2021.xlsx
2021,Cadastro_Escolas,IN_MATERIAL_PED_INDIGENA,"Instrumentos, materiais socioculturais e/ou pedagógicos em uso na escola para o desenvolvimento de atividades de ensino aprendizagem - Indígena","Em 2019:
Existe adicionalmente a categoria ""9 - Não informado"".",dicionário_dados_educação_básica_2021.xlsx
2021,Cadastro_Escolas,IN_MATERIAL_PED_ETNICO,"Instrumentos, materiais socioculturais e/ou pedagógicos em uso na escola para o desenvolvimento de atividades de ensino aprendizagem - Materiais pedagógicos para a educação das Relações Étnicos Raciais","Em 2019:
Existe adicionalmente a categoria ""9 - Não informado"".",dicionário_dados_educação_básica_2021.xlsx
2021,Cadastro_Escolas,IN_MATERIAL_PED_CAMPO,"Instrumentos, materiais socioculturais e/ou pedagógicos em uso na escola para o desenvolvimento de atividades de ensino aprendizagem - Materiais pedagógicos para a educação do campo","Em 2019:
Existe adicionalmente a categoria ""9 - Não informado"".",dicionário_dados_educação_básica_2021.xlsx
2021,Cadastro_Escolas,IN_MATERIAL_PED_NENHUM,"Instrumentos, materiais socioculturais e/ou pedagógicos em uso na escola para o desenvolvimento de atividades de ensino aprendizagem - Nenhum",,dicionário_dados_educação_básica_2021.xlsx
2021,Cadastro_Escolas,IN_MATERIAL_ESP_QUILOMBOLA,Materiais didáticos específicos para atendimento à diversidade sociocultural - Quilombolas,,dicionário_dados_educação_básica_2021.xlsx
2021,Cadastro_Escolas,IN_MATERIAL_ESP_INDIGENA,Materiais didáticos específicos para atendimento à diversidade sociocultural - Indígena,,dicionário_dados_educação_básica_2021.xlsx
2021,Cadastro_Escolas,IN_MATERIAL_ESP_NAO_UTILIZA,Materiais didáticos específicos para atendimento à diversidade sociocultural - Não utiliza,,dicionário_dados_educação_básica_2021.xlsx
2021,Cadastro_Escolas,IN_EDUCACAO_INDIGENA,Educação Escolar Indígena,,dicionário_dados_educação_básica_2021.xlsx
2021,Cadastro_Escolas,TP_INDIGENA_LINGUA,Educação Indígena - Língua em que o ensino é ministrado,,dicionário_dados_educação_básica_2021.xlsx
2021,Cadastro_Escolas,CO_LINGUA_INDIGENA_1,Educação Indígena - Língua em que o ensino é ministrado - Língua Indígena - Código da língua Indígena 1,De 2007 a 2018: Apenas uma língua indígena,dicionário_dados_educação_básica_2021.xlsx
2021,Cadastro_Escolas,CO_LINGUA_INDIGENA_2,Educação Indígena - Língua em que o ensino é ministrado - Língua Indígena - Código da língua Indígena 2,,dicionário_dados_educação_básica_2021.xlsx
2021,Cadastro_Escolas,CO_LINGUA_INDIGENA_3,Educação Indígena - Língua em que o ensino é ministrado - Língua Indígena - Código da língua Indígena 3,,dicionário_dados_educação_básica_2021.xlsx
2021,Cadastro_Escolas,IN_BRASIL_ALFABETIZADO,Escola cede espaço para turmas do Programa Brasil Alfabetizado,,dicionário_dados_educação_básica_2021.xlsx
2021,Cadastro_Escolas,IN_FINAL_SEMANA,Escola abre aos finais de semana para a comunidade,,dicionário_dados_educação_básica_2021.xlsx
2021,Cadastro_Escolas,IN_EXAME_SELECAO,A escola faz exame de seleção para ingresso de seus alunos (Avaliação por prova e/ou análise curricular),,dicionário_dados_educação_básica_2021.xlsx
2021,Cadastro_Escolas,IN_RESERVA_PPI,"Reserva de vagas por sistema de cotas para grupos específicos de alunos - Autodeclarado preto, pardo ou indígena (PPI)",,dicionário_dados_educação_básica_2021.xlsx
2021,Cadastro_Escolas,IN_RESERVA_RENDA,Reserva de vagas por sistema de cotas para grupos específicos de alunos - Condição de Renda,,dicionário_dados_educação_básica_2021.xlsx
2021,Cadastro_Escolas,IN_RESERVA_PUBLICA,Reserva de vagas por sistema de cotas para grupos específicos de alunos - Oriundo de escola pública,,dicionário_dados_educação_básica_2021.xlsx
2021,Cadastro_Escolas,IN_RESERVA_PCD,Reserva de vagas por sistema de cotas para grupos específicos de alunos - Pessoa com deficiência (PCD),,dicionário_dados_educação_básica_2021.xlsx
2021,Cadastro_Escolas,IN_RESERVA_OUTROS,Reserva de vagas por sistema de cotas para grupos específicos de alunos - Outros grupos,,dicionário_dados_educação_básica_2021.xlsx
2021,Cadastro_Escolas,IN_RESERVA_NENHUMA,Reserva de vagas por sistema de cotas para grupos específicos de alunos - Sem reservas de vagas para sistema de cotas (ampla concorrência),,dicionário_dados_educação_básica_2021.xlsx
2021,Cadastro_Escolas,IN_REDES_SOCIAIS,A escola possui site ou blog ou página em redes sociais para comunicação institucional,,dicionário_dados_educação_básica_2021.xlsx
2021,Cadastro_Escolas,IN_ESPACO_ATIVIDADE,A escola compartilha espaços para atividades de integração escola-comunidade,,dicionário_dados_educação_básica_2021.xlsx
2021,Cadastro_Escolas,IN_ESPACO_EQUIPAMENTO,A escola usa espaços e equipamentos do entorno escolar para atividades regulares com os alunos,,dicionário_dados_educação_básica_2021.xlsx
2021,Cadastro_Escolas,IN_ORGAO_ASS_PAIS,Órgãos colegiados em funcionamento na escola - Associação de Pais,"Em 2019:
Existe adicionalmente a categoria ""9 - Não informado"".",dicionário_dados_educação_básica_2021.xlsx
2021,Cadastro_Escolas,IN_ORGAO_ASS_PAIS_MESTRES,Órgãos colegiados em funcionamento na escola - Associação de Pais e Mestres,"Em 2019:
Existe adicionalmente a categoria ""9 - Não informado"".",dicionário_dados_educação_básica_2021.xlsx
2021,Cadastro_Escolas,IN_ORGAO_CONSELHO_ESCOLAR,Órgãos colegiados em funcionamento na escola - Conselho Escolar,"Em 2019:
Existe adicionalmente a categoria ""9 - Não informado"".",dicionário_dados_educação_básica_2021.xlsx
2021,Cadastro_Escolas,IN_ORGAO_GREMIO_ESTUDANTIL,Órgãos colegiados em funcionamento na escola - Grêmio Estudantil,"Em 2019:
Existe adicionalmente a categoria ""9 - Não informado"".",dicionário_dados_educação_básica_2021.xlsx
2021,Cadastro_Escolas,IN_ORGAO_OUTROS,Órgãos colegiados em funcionamento na escola - Outros,"Em 2019:
Existe adicionalmente a categoria ""9 - Não informado"".",dicionário_dados_educação_básica_2021.xlsx
2021,Cadastro_Escolas,IN_ORGAO_NENHUM,Órgãos colegiados em funcionamento na escola - Não há órgãos colegiados em funcionamento,"Em 2019:
Existe adicionalmente a categoria ""9 - Não informado"".",dicionário_dados_educação_básica_2021.xlsx
2021,Cadastro_Escolas,TP_PROPOSTA_PEDAGOGICA,Projeto político pedagógico ou a proposta pedagógica da escola (conforme art. 12 da LDB) atualizado nos últimos 12 meses até a data de referência,,dicionário_dados_educação_básica_2021.xlsx
2021,Cadastro_Escolas,TP_AEE,Atendimento Educacional Especializado (AEE),,dicionário_dados_educação_básica_2021.xlsx
2021,Cadastro_Escolas,TP_ATIVIDADE_COMPLEMENTAR,Atividade Complementar,,dicionário_dados_educação_básica_2021.xlsx
2021,Cadastro_Escolas,IN_MEDIACAO_PRESENCIAL,Mediação didático-pedagógica oferecida pela escola - Presencial,,dicionário_dados_educação_básica_2021.xlsx
2021,Cadastro_Escolas,IN_MEDIACAO_SEMIPRESENCIAL,Mediação didático-pedagógica oferecida pela escola - Semipresencial,,dicionário_dados_educação_básica_2021.xlsx
2021,Cadastro_Escolas,IN_MEDIACAO_EAD,Mediação didático-pedagógica oferecida pela escola - Educação a Distância - EAD,,dicionário_dados_educação_básica_2021.xlsx
2021,Cadastro_Escolas,IN_REGULAR,"Modo, maneira ou metodologia de ensino correspondente às turmas com etapas de escolarização consecutivas, Creche ao Ensino Médio",,dicionário_dados_educação_básica_2021.xlsx
2021,Cadastro_Escolas,IN_DIURNO,Turno - Diurno - Horário de início da turma de escolarização entre 05h e 16h,,dicionário_dados_educação_básica_2021.xlsx
2021,Cadastro_Escolas,IN_NOTURNO,Turno - Noturno - Turno de início da turma de escolarização entre 17h e 04h,,dicionário_dados_educação_básica_2021.xlsx
2021,Cadastro_Escolas,IN_EAD,Turno Não aplicável para turmas semipresenciais ou educação a distância (EAD),,dicionário_dados_educação_básica_2021.xlsx
2021,Cadastro_Escolas,IN_BAS,Educação Básica (Possui uma ou mais matrículas),,dicionário_dados_educação_básica_2021.xlsx
2021,Cadastro_Escolas,IN_INF,Etapa de Ensino - Educação Infantil (Possui uma ou mais matrículas),,dicionário_dados_educação_básica_2021.xlsx
2021,Cadastro_Escolas,IN_INF_CRE,Etapa de Ensino - Educação Infantil - Creche (Possui uma ou mais matrículas),,dicionário_dados_educação_básica_2021.xlsx
2021,Cadastro_Escolas,IN_INF_PRE,Etapa de Ensino - Educação Infantil - Pré-Escola (Possui uma ou mais matrículas),,dicionário_dados_educação_básica_2021.xlsx
2021,Cadastro_Escolas,IN_FUND,Etapa de Ensino - Ensino Fundamental (Possui uma ou mais matrículas),,dicionário_dados_educação_básica_2021.xlsx
2021,Cadastro_Escolas,IN_FUND_AI,Etapa de Ensino - Ensino Fundamental - Anos Iniciais (Possui uma ou mais matrículas),,dicionário_dados_educação_básica_2021.xlsx
2021,Cadastro_Escolas,IN_FUND_AF,Etapa de Ensino - Ensino Fundamental - Anos Finais (Possui uma ou mais matrículas),,dicionário_dados_educação_básica_2021.xlsx
2021,Cadastro_Escolas,IN_MED,Etapa de Ensino - Ensino Médio (Possui uma ou mais matrículas),,dicionário_dados_educação_básica_2021.xlsx
2021,Cadastro_Escolas,IN_PROF,Etapa de Ensino - Educação Profissional - Modo profissionalizante de ensino correspondente às turmas de cursos de formação inicial e continuada ou de qualificação profissional (Cursos FIC) articulados à EJA ou concomitantes; ou de cursos técnicos de nível médio nas formas articulada (integrada ou concomitante) ou subsequente ao ensino médio e de normal/magistério (Possui uma ou mais matrículas),,dicionário_dados_educação_básica_2021.xlsx
2021,Cadastro_Escolas,IN_PROF_TEC,"Etapa de Ensino - Educação Profissional Técnica - Modo profissionalizante de ensino correspondente às turmas de cursos técnicos de nível médio nas formas articuladas (integrada ou concomitante), ou subsequente ao ensino médio e de normal/magistério (Possui uma ou mais matrículas)",,dicionário_dados_educação_básica_2021.xlsx
2021,Cadastro_Escolas,IN_EJA,"Etapa de Ensino - Educação de Jovens e Adultos (EJA) - Modo, maneira ou metodologia de ensino correspondente às turmas destinadas a pessoas que não cursaram o ensino fundamental e/ou médio em idade própria (Possui uma ou mais matrículas)",,dicionário_dados_educação_básica_2021.xlsx
2021,Cadastro_Escolas,IN_EJA_FUND,Educação de Jovens e Adultos (EJA) - Ensino Fundamental  (Possui uma ou mais matrículas),,dicionário_dados_educação_básica_2021.xlsx
2021,Cadastro_Escolas,IN_EJA_MED,Educação de Jovens e Adultos (EJA) - Ensino Médio (Possui uma ou mais matrículas),,dicionário_dados_educação_básica_2021.xlsx
2021,Cadastro_Escolas,IN_ESP,"Etapa de Ensino -  Educação Especial - Escola exclusivamente especializada para o atendimento de alunos com deficiência, transtorno global do desenvolvimento ou altas habilidades/superdotação e/ou escolas de Ensino Regular ou EJA que possui classe especial exclusiva para o atendimento desses alunos (Possui uma ou mais matrículas)",,dicionário_dados_educação_básica_2021.xlsx
2021,Cadastro_Escolas,IN_ESP_CC,"Etapa de Ensino - Educação Especial Classe Comum - Escola possui um ou mais alunos com deficiência, transtorno global do desenvolvimento ou altas habilidades/superdotação estudando em classes comuns do Ensino Regular e/ou Educação de Jovens e Adultos (Possui uma ou mais matrículas)",,dicionário_dados_educação_básica_2021.xlsx
2021,Cadastro_Escolas,IN_ESP_CE,"Etapa de Ensino - Educação Especial Classe Exclusiva - Escola exclusivamente especializada e/ou que possui classe especial exclusiva para o atendimento de alunos com deficiência, transtorno global do desenvolvimento ou altas habilidades/superdotação (Possui uma ou mais matrículas)",,dicionário_dados_educação_básica_2021.xlsx
2021,Cadastro_Escolas,QT_MAT_BAS,Número de Matrículas na Educação Básica,,dicionário_dados_educação_básica_2021.xlsx
2021,Cadastro_Escolas,QT_MAT_INF,Número de Matrículas na Educação Infantil,,dicionário_dados_educação_básica_2021.xlsx
2021,Cadastro_Escolas,QT_MAT_INF_CRE,Número de Matrículas na Educação Infantil - Creche,,dicionário_dados_educação_básica_2021.xlsx
2021,Cadastro_Escolas,QT_MAT_INF_PRE,Número de Matrículas na Educação Infantil - Pré-Escola,,dicionário_dados_educação_básica_2021.xlsx
2021,Cadastro_Escolas,QT_MAT_FUND,Número de Matrículas no Ensino Fundamental,,dicionário_dados_educação_básica_2021.xlsx
2021,Cadastro_Escolas,QT_MAT_FUND_AI,Número de Matrículas no Ensino Fundamental - Anos Iniciais,,dicionário_dados_educação_básica_2021.xlsx
2021,Cadastro_Escolas,QT_MAT_FUND_AF,Número de Matrículas no Ensino Fundamental - Anos Finais,,dicionário_dados_educação_básica_2021.xlsx
2021,Cadastro_Escolas,QT_MAT_MED,Número de Matrículas no Ensino Médio,,dicionário_dados_educação_básica_2021.xlsx
2021,Cadastro_Escolas,QT_MAT_PROF,Número de Matrículas na Educação Profissional,,dicionário_dados_educação_básica_2021.xlsx
2021,Cadastro_Escolas,QT_MAT_PROF_TEC,"Número de Matrículas na Educação Profissional Técnica - Modo profissionalizante de ensino correspondente às turmas de cursos técnicos de nível médio nas formas articuladas (integrada ou concomitante), ou subsequente ao ensino médio e de normal/magistério",,dicionário_dados_educação_básica_2021.xlsx
2021,Cadastro_Escolas,QT_MAT_EJA,Número de Matrículas na Educação de Jovens e Adultos (EJA),,dicionário_dados_educação_básica_2021.xlsx
2021,Cadastro_Escolas,QT_MAT_EJA_FUND,Número de Matrículas na Educação de Jovens e Adultos (EJA) - Ensino Fundamental,,dicionário_dados_educação_básica_2021.xlsx
2021,Cadastro_Escolas,QT_MAT_EJA_MED,Número de Matrículas na Educação de Jovens e Adultos (EJA) - Ensino Médio,,dicionário_dados_educação_básica_2021.xlsx
2021,Cadastro_Escolas,QT_MAT_ESP,Número de Matrículas na Educação Especial,,dicionário_dados_educação_básica_2021.xlsx
2021,Cadastro_Escolas,QT_MAT_ESP_CC,Número de Matrículas na Educação Especial Inclusiva,,dicionário_dados_educação_básica_2021.xlsx
2021,Cadastro_Escolas,QT_MAT_ESP_CE,Número de Matrículas na Educação Especial Exclusiva,,dicionário_dados_educação_básica_2021.xlsx
2021,Cadastro_Escolas,QT_MAT_BAS_FEM,Número de Matrículas na Educação Básica - Feminino,,dicionário_dados_educação_básica_2021.xlsx
2021,Cadastro_Escolas,QT_MAT_BAS_MASC,Número de Matrículas na Educação Básica - Masculino,,dicionário_dados_educação_básica_2021.xlsx
2021,Cadastro_Escolas,QT_MAT_BAS_ND,Número de Matrículas na Educação Básica - Cor/Raça Não Declarada,,dicionário_dados_educação_básica_2021.xlsx
2021,Cadastro_Escolas,QT_MAT_BAS_BRANCA,Número de Matrículas na Educação Básica - Cor/Raça Branca,,dicionário_dados_educação_básica_2021.xlsx
2021,Cadastro_Escolas,QT_MAT_BAS_PRETA,Número de Matrículas na Educação Básica - Cor/Raça Preta,,dicionário_dados_educação_básica_2021.xlsx
2021,Cadastro_Escolas,QT_MAT_BAS_PARDA,Número de Matrículas na Educação Básica - Cor/Raça Parda,,dicionário_dados_educação_básica_2021.xlsx
2021,Cadastro_Escolas,QT_MAT_BAS_AMARELA,Número de Matrículas na Educação Básica - Cor/Raça Amarela,,dicionário_dados_educação_básica_2021.xlsx
2021,Cadastro_Escolas,QT_MAT_BAS_INDIGENA,Número de Matrículas na Educação Básica - Cor/Raça Indígena,,dicionário_dados_educação_básica_2021.xlsx
2021,Cadastro_Escolas,QT_MAT_BAS_0_3,Número de Matrículas na Educação Básica - Até 3 anos de idade,,dicionário_dados_educação_básica_2021.xlsx
2021,Cadastro_Escolas,QT_MAT_BAS_4_5,Número de Matrículas na Educação Básica - Entre 4 e 5 anos de idade,,dicionário_dados_educação_básica_2021.xlsx
2021,Cadastro_Escolas,QT_MAT_BAS_6_10,Número de Matrículas na Educação Básica - Entre 6 e 10 anos de idade,,dicionário_dados_educação_básica_2021.xlsx
2021,Cadastro_Escolas,QT_MAT_BAS_11_14,Número de Matrículas na Educação Básica - Entre 11 e 14 anos de idade,,dicionário_dados_educação_básica_2021.xlsx
2021,Cadastro_Escolas,QT_MAT_BAS_15_17,Número de Matrículas na Educação Básica - Entre 15 e 17 anos de idade,,dicionário_dados_educação_básica_2021.xlsx
2021,Cadastro_Escolas,QT_MAT_BAS_18_MAIS,Número de Matrículas na Educação Básica - Com 18 ou mais anos de idade,,dicionário_dados_educação_básica_2021.xlsx
2021,Cadastro_Escolas,QT_MAT_BAS_D,Número de Matrículas na Educação Básica - Turno Diurno,,dicionário_dados_educação_básica_2021.xlsx
2021,Cadastro_Escolas,QT_MAT_BAS_N,Número de Matrículas na Educação Básica - Turno Noturno,,dicionário_dados_educação_básica_2021.xlsx
2021,Cadastro_Escolas,QT_MAT_BAS_EAD,Número de Matrículas na Educação Básica - A Distância,,dicionário_dados_educação_básica_2021.xlsx
2021,Cadastro_Escolas,QT_MAT_INF_INT,Número de Matrículas na Educação Infantil - Tempo Integral,,dicionário_dados_educação_básica_2021.xlsx
2021,Cadastro_Escolas,QT_MAT_INF_CRE_INT,Número de Matrículas na Educação Infantil - Creche - Tempo Integral,,dicionário_dados_educação_básica_2021.xlsx
2021,Cadastro_Escolas,QT_MAT_INF_PRE_INT,Número de Matrículas na Educação Infantil - Pré-Escola - Tempo Integral,,dicionário_dados_educação_básica_2021.xlsx
2021,Cadastro_Escolas,QT_MAT_FUND_INT,Número de Matrículas no Ensino Fundamental - Tempo Integral,,dicionário_dados_educação_básica_2021.xlsx
2021,Cadastro_Escolas,QT_MAT_FUND_AI_INT,Número de Matrículas no Ensino Fundamental - Anos Iniciais - Tempo Integral,,dicionário_dados_educação_básica_2021.xlsx
2021,Cadastro_Escolas,QT_MAT_FUND_AF_INT,Número de Matrículas no Ensino Fundamental - Anos Finais - Tempo Integral,,dicionário_dados_educação_básica_2021.xlsx
2021,Cadastro_Escolas,QT_MAT_MED_INT,Número de Matrículas no Ensino Médio - Tempo Integral,,dicionário_dados_educação_básica_2021.xlsx
2021,Cadastro_Escolas,QT_DOC_BAS,Número de Docentes da Educação Básica,,dicionário_dados_educação_básica_2021.xlsx
2021,Cadastro_Escolas,QT_DOC_INF,Número de Docentes da Educação Infantil,,dicionário_dados_educação_básica_2021.xlsx
2021,Cadastro_Escolas,QT_DOC_INF_CRE,Número de Docentes da Educação Infantil - Creche,,dicionário_dados_educação_básica_2021.xlsx
2021,Cadastro_Escolas,QT_DOC_INF_PRE,Número de Docentes da Educação Infantil - Pré-Escola,,dicionário_dados_educação_básica_2021.xlsx
2021,Cadastro_Escolas,QT_DOC_FUND,Número de Docentes do Ensino Fundamental,,dicionário_dados_educação_básica_2021.xlsx
2021,Cadastro_Escolas,QT_DOC_FUND_AI,Número de Docentes do Ensino Fundamental - Anos Iniciais,,dicionário_dados_educação_básica_2021.xlsx
2021,Cadastro_Escolas,QT_DOC_FUND_AF,Número de Docentes do Ensino Fundamental - Anos Finais,,dicionário_dados_educação_básica_2021.xlsx
2021,Cadastro_Escolas,QT_DOC_MED,Número de Docentes do Ensino Médio,,dicionário_dados_educação_básica_2021.xlsx
2021,Cadastro_Escolas,QT_DOC_PROF,Número de Docentes da Educação Profissional,,dicionário_dados_educação_básica_2021.xlsx
2021,Cadastro_Escolas,QT_DOC_PROF_TEC,Número de Docentes da Educação Profissional Técnica,,dicionário_dados_educação_básica_2021.xlsx
2021,Cadastro_Escolas,QT_DOC_EJA,Número de Docentes da Educação de Jovens e Adultos (EJA),,dicionário_dados_educação_básica_2021.xlsx
2021,Cadastro_Escolas,QT_DOC_EJA_FUND,Número de Docentes da Educação de Jovens e Adultos (EJA) - Ensino Fundamental,,dicionário_dados_educação_básica_2021.xlsx
2021,Cadastro_Escolas,QT_DOC_EJA_MED,Número de Docentes da Educação de Jovens e Adultos (EJA) - Ensino Médio,,dicionário_dados_educação_básica_2021.xlsx
2021,Cadastro_Escolas,QT_DOC_ESP,Número de Docentes da Educação Especial,,dicionário_dados_educação_básica_2021.xlsx
2021,Cadastro_Escolas,QT_DOC_ESP_CC,Número de Docentes da Educação Especial Inclusiva,,dicionário_dados_educação_básica_2021.xlsx
2021,Cadastro_Escolas,QT_DOC_ESP_CE,Número de Docentes da Educação Especial Exclusiva,,dicionário_dados_educação_básica_2021.xlsx
2021,Cadastro_Escolas,QT_TUR_BAS,Número de Turmas de Educação Básica,,dicionário_dados_educação_básica_2021.xlsx
2021,Cadastro_Escolas,QT_TUR_INF,Número de Turmas de Educação Infantil,,dicionário_dados_educação_básica_2021.xlsx
2021,Cadastro_Escolas,QT_TUR_INF_CRE,Número de Turmas de Educação Infantil - Creche,,dicionário_dados_educação_básica_2021.xlsx
2021,Cadastro_Escolas,QT_TUR_INF_PRE,Número de Turmas de Educação Infantil - Pré-Escola,,dicionário_dados_educação_básica_2021.xlsx
2021,Cadastro_Escolas,QT_TUR_FUND,Número de Turmas de Ensino Fundamental,,dicionário_dados_educação_básica_2021.xlsx
2021,Cadastro_Escolas,QT_TUR_FUND_AI,Número de Turmas de Ensino Fundamental - Anos Iniciais,,dicionário_dados_educação_básica_2021.xlsx
2021,Cadastro_Escolas,QT_TUR_FUND_AF,Número de Turmas de Ensino Fundamental - Anos Finais,,dicionário_dados_educação_básica_2021.xlsx
2021,Cadastro_Escolas,QT_TUR_MED,Número de Turmas de Ensino Médio,,dicionário_dados_educação_básica_2021.xlsx
2021,Cadastro_Escolas,QT_TUR_PROF,Número de Turmas de Educação Profissional,,dicionário_dados_educação_básica_2021.xlsx
2021,Cadastro_Escolas,QT_TUR_PROF_TEC,Número de Turmas de Educação Profissional Técnica,,dicionário_dados_educação_básica_2021.xlsx
2021,Cadastro_Escolas,QT_TUR_EJA,Número de Turmas de Educação de Jovens e Adultos (EJA),,dicionário_dados_educação_básica_2021.xlsx
2021,Cadastro_Escolas,QT_TUR_EJA_FUND,Número de Turmas de Educação de Jovens e Adultos (EJA) - Ensino Fundamental,,dicionário_dados_educação_básica_2021.xlsx
2021,Cadastro_Escolas,QT_TUR_EJA_MED,Número de Turmas de Educação de Jovens e Adultos (EJA) - Ensino Médio,,dicionário_dados_educação_básica_2021.xlsx
2021,Cadastro_Escolas,QT_TUR_ESP,Número de Turmas de Educação Especial,,dicionário_dados_educação_básica_2021.xlsx
2021,Cadastro_Escolas,QT_TUR_ESP_CC,Número de Turmas de Educação Especial Inclusiva,,dicionário_dados_educação_básica_2021.xlsx
2021,Cadastro_Escolas,QT_TUR_ESP_CE,Número de Turmas de Educação Especial Exclusiva,,dicionário_dados_educação_básica_2021.xlsx
2022,Cadastro_Escolas,NU_ANO_CENSO,Ano do Censo,,dicionário_dados_educação_básica_2022.xlsx
2022,Cadastro_Escolas,NO_REGIAO,Nome da Região Geográfica,,dicionário_dados_educação_básica_2022.xlsx
2022,Cadastro_Escolas,CO_REGIAO,Código da Região Geográfica,,dicionário_dados_educação_básica_2022.xlsx
2022,Cadastro_Escolas,NO_UF,Nome da Unidade da Federação,,dicionário_dados_educação_básica_2022.xlsx
2022,Cadastro_Escolas,SG_UF,Sigla da Unidade da Federação,,dicionário_dados_educação_básica_2022.xlsx
2022,Cadastro_Escolas,CO_UF,Código da Unidade da Federação,,dicionário_dados_educação_básica_2022.xlsx
2022,Cadastro_Escolas,NO_MUNICIPIO,Nome do Município,,dicionário_dados_educação_básica_2022.xlsx
2022,Cadastro_Escolas,CO_MUNICIPIO,Código do Município,,dicionário_dados_educação_básica_2022.xlsx
2022,Cadastro_Escolas,NO_MESORREGIAO,Nome da Mesorregião,,dicionário_dados_educação_básica_2022.xlsx
2022,Cadastro_Escolas,CO_MESORREGIAO,Código da Mesorregião,,dicionário_dados_educação_básica_2022.xlsx
2022,Cadastro_Escolas,NO_MICRORREGIAO,Nome da Microrregião,,dicionário_dados_educação_básica_2022.xlsx
2022,Cadastro_Escolas,CO_MICRORREGIAO,Código da Microrregião,,dicionário_dados_educação_básica_2022.xlsx
2022,Cadastro_Escolas,CO_DISTRITO,Código completo do Distrito da escola,,dicionário_dados_educação_básica_2022.xlsx
2022,Cadastro_Escolas,NO_ENTIDADE,Nome da Escola,,dicionário_dados_educação_básica_2022.xlsx
2022,Cadastro_Escolas,CO_ENTIDADE,Código da Escola,,dicionário_dados_educação_básica_2022.xlsx
2022,Cadastro_Escolas,TP_DEPENDENCIA,Dependência Administrativa,,dicionário_dados_educação_básica_2022.xlsx
2022,Cadastro_Escolas,TP_CATEGORIA_ESCOLA_PRIVADA,Categoria da escola privada,,dicionário_dados_educação_básica_2022.xlsx
2022,Cadastro_Escolas,TP_LOCALIZACAO,Localização,,dicionário_dados_educação_básica_2022.xlsx
2022,Cadastro_Escolas,TP_LOCALIZACAO_DIFERENCIADA,Localização diferenciada da escola,"De 2007 a 2011:  
0 - Não se aplica
1 - Área de assentamento
2 - Terra indígena
3 - Área remanescente de quilombos
De 2012 a 2018:  
0 - A escola não está em área de localização diferenciada
1 - Área de assentamento
2 - Terra indígena
3 - Área remanescente de quilombos
4 - Unidade de uso sustentável
5 - Unidade de uso sustentável em terra indígena
6 - Unidade de uso sustentável em área 
remanescente de quilombos",dicionário_dados_educação_básica_2022.xlsx
2022,Cadastro_Escolas,DS_ENDERECO,Endereço,,dicionário_dados_educação_básica_2022.xlsx
2022,Cadastro_Escolas,NU_ENDERECO,Número,,dicionário_dados_educação_básica_2022.xlsx
2022,Cadastro_Escolas,DS_COMPLEMENTO,Complemento,,dicionário_dados_educação_básica_2022.xlsx
2022,Cadastro_Escolas,NO_BAIRRO,Bairro,,dicionário_dados_educação_básica_2022.xlsx
2022,Cadastro_Escolas,CO_CEP,CEP,,dicionário_dados_educação_básica_2022.xlsx
2022,Cadastro_Escolas,NU_DDD,DDD,,dicionário_dados_educação_básica_2022.xlsx
2022,Cadastro_Escolas,NU_TELEFONE,Telefone,,dicionário_dados_educação_básica_2022.xlsx
2022,Cadastro_Escolas,TP_SITUACAO_FUNCIONAMENTO,Situação de funcionamento,,dicionário_dados_educação_básica_2022.xlsx
2022,Cadastro_Escolas,CO_ORGAO_REGIONAL,Código do Órgão Regional de Ensino,,dicionário_dados_educação_básica_2022.xlsx
2022,Cadastro_Escolas,DT_ANO_LETIVO_INICIO,Início do ano letivo,,dicionário_dados_educação_básica_2022.xlsx
2022,Cadastro_Escolas,DT_ANO_LETIVO_TERMINO,Término (previsão) do ano letivo,,dicionário_dados_educação_básica_2022.xlsx
2022,Cadastro_Escolas,IN_VINCULO_SECRETARIA_EDUCACAO,Órgão ao qual a escola pública está vinculada - Secretaria de Educação/Ministério da Educação,,dicionário_dados_educação_básica_2022.xlsx
2022,Cadastro_Escolas,IN_VINCULO_SEGURANCA_PUBLICA,Órgão ao qual a escola pública está vinculada - Secretaria de Segurança Pública/Forças Armadas/Militar,,dicionário_dados_educação_básica_2022.xlsx
2022,Cadastro_Escolas,IN_VINCULO_SECRETARIA_SAUDE,Órgão ao qual a escola pública está vinculada - Secretaria de Saúde/Ministério da Saúde,,dicionário_dados_educação_básica_2022.xlsx
2022,Cadastro_Escolas,IN_VINCULO_OUTRO_ORGAO,Órgão ao qual a escola pública está vinculada - Outro órgão da administração pública,,dicionário_dados_educação_básica_2022.xlsx
2022,Cadastro_Escolas,IN_PODER_PUBLICO_PARCERIA,"Parceria ou convênio com o poder público (parceria ou convênio firmado entre a Administração Pública e instituições privadas ou instituições públicas de ensino, autarquias e fundações da administração indireta para financiamento do atendimento educacional ou para a oferta do itinerário de formação técnica e profissional do ensino médio)",,dicionário_dados_educação_básica_2022.xlsx
2022,Cadastro_Escolas,TP_PODER_PUBLICO_PARCERIA,Poder público responsável pela parceria ou convênio entre a Administração Pública e outras instituições,,dicionário_dados_educação_básica_2022.xlsx
2022,Cadastro_Escolas,IN_CONVENIADA_PP,Conveniada com o poder público,,dicionário_dados_educação_básica_2022.xlsx
2022,Cadastro_Escolas,TP_CONVENIO_PODER_PUBLICO,Dependência do convênio com o poder público,,dicionário_dados_educação_básica_2022.xlsx
2022,Cadastro_Escolas,IN_FORMA_CONT_TERMO_COLABORA,Forma de contratação entre a Administração Pública e outras instituições - Termo de colaboração (Lei nº 13.019/2014),,dicionário_dados_educação_básica_2022.xlsx
2022,Cadastro_Escolas,IN_FORMA_CONT_TERMO_FOMENTO,Forma de contratação entre a Administração Pública e outras instituições - Termo de fomento (Lei nº 13.019/2014),,dicionário_dados_educação_básica_2022.xlsx
2022,Cadastro_Escolas,IN_FORMA_CONT_ACORDO_COOP,Forma de contratação entre a Administração Pública e outras instituições - Acordo de cooperação (Lei nº 13.019/2014),,dicionário_dados_educação_básica_2022.xlsx
2022,Cadastro_Escolas,IN_FORMA_CONT_PRESTACAO_SERV,Forma de contratação entre a Administração Pública e outras instituições - Contrato de prestação de serviço,,dicionário_dados_educação_básica_2022.xlsx
2022,Cadastro_Escolas,IN_FORMA_CONT_COOP_TEC_FIN,Forma de contratação entre a Administração Pública e outras instituições - Termo de cooperação técnica e financeira,,dicionário_dados_educação_básica_2022.xlsx
2022,Cadastro_Escolas,IN_FORMA_CONT_CONSORCIO_PUB,Forma de contratação entre a Administração Pública e outras instituições - Contrato de consórcio público/Convênio de cooperação,,dicionário_dados_educação_básica_2022.xlsx
2022,Cadastro_Escolas,IN_TIPO_ATEND_ESCOLARIZACAO,Tipo de atendimento ofertado por meio da parceria ou convênio - Escolarização,,dicionário_dados_educação_básica_2022.xlsx
2022,Cadastro_Escolas,IN_TIPO_ATEND_AC,Tipo de atendimento ofertado por meio da parceria ou convênio - Atividade Complementar,,dicionário_dados_educação_básica_2022.xlsx
2022,Cadastro_Escolas,IN_TIPO_ATEND_AEE,Tipo de atendimento ofertado por meio da parceria ou convênio - Atendimento Educacional Especializado (AEE),,dicionário_dados_educação_básica_2022.xlsx
2022,Cadastro_Escolas,IN_MANT_ESCOLA_PRIVADA_EMP,Mantenedora da escola privada - Empresa ou grupo empresarial do setor privado ou pessoa física,,dicionário_dados_educação_básica_2022.xlsx
2022,Cadastro_Escolas,IN_MANT_ESCOLA_PRIVADA_ONG,Mantenedora da escola privada - Organização Não Governamental (ONG) - internacional ou nacional,,dicionário_dados_educação_básica_2022.xlsx
2022,Cadastro_Escolas,IN_MANT_ESCOLA_PRIVADA_OSCIP,Mantenedora da escola privada - Organização da Sociedade Civil de Interesse Público (Oscip),,dicionário_dados_educação_básica_2022.xlsx
2022,Cadastro_Escolas,IN_MANT_ESCOLA_PRIV_ONG_OSCIP,"Mantenedora da escola privada - Organização Não Governamental (ONG) - internacional ou nacional.
Organização da Sociedade Civil de Interesse Público (Oscip)","A partir de 2019:
Variável derivada juntando IN_MANT_ESCOLA_PRIVADA_ONG e IN_MANT_ESCOLA_PRIVADA_OSCIP",dicionário_dados_educação_básica_2022.xlsx
2022,Cadastro_Escolas,IN_MANT_ESCOLA_PRIVADA_SIND,"Mantenedora da escola privada - Sindicatos de trabalhadores ou patronais, associações e cooperativas",,dicionário_dados_educação_básica_2022.xlsx
2022,Cadastro_Escolas,IN_MANT_ESCOLA_PRIVADA_SIST_S,"Mantenedora da escola privada - Sistema S (Sesi, Senai, Sesc, outros)",,dicionário_dados_educação_básica_2022.xlsx
2022,Cadastro_Escolas,IN_MANT_ESCOLA_PRIVADA_S_FINS,Mantenedora da escola privada - Instituições sem fins lucrativos,,dicionário_dados_educação_básica_2022.xlsx
2022,Cadastro_Escolas,NU_CNPJ_ESCOLA_PRIVADA,Número do CNPJ da escola privada,,dicionário_dados_educação_básica_2022.xlsx
2022,Cadastro_Escolas,NU_CNPJ_MANTENEDORA,Número do CNPJ da mantenedora principal da escola privada,,dicionário_dados_educação_básica_2022.xlsx
2022,Cadastro_Escolas,TP_REGULAMENTACAO,"Regulamentação/Autorização no conselho ou órgão municipal, estadual ou federal de educação",,dicionário_dados_educação_básica_2022.xlsx
2022,Cadastro_Escolas,TP_RESPONSAVEL_REGULAMENTACAO,Esfera administrativa do conselho ou órgão responsável pela Regulamentação/Autorização,,dicionário_dados_educação_básica_2022.xlsx
2022,Cadastro_Escolas,CO_ESCOLA_SEDE_VINCULADA,Código da escola sede,,dicionário_dados_educação_básica_2022.xlsx
2022,Cadastro_Escolas,CO_IES_OFERTANTE,Código da IES vinculada à escola,,dicionário_dados_educação_básica_2022.xlsx
2022,Cadastro_Escolas,IN_LOCAL_FUNC_PREDIO_ESCOLAR,Local de funcionamento da escola - Prédio Escolar,,dicionário_dados_educação_básica_2022.xlsx
2022,Cadastro_Escolas,TP_OCUPACAO_PREDIO_ESCOLAR,Forma de ocupação do Prédio escolar,,dicionário_dados_educação_básica_2022.xlsx
2022,Cadastro_Escolas,IN_LOCAL_FUNC_SALAS_EMPRESA,Local de funcionamento da escola - Salas de empresa,,dicionário_dados_educação_básica_2022.xlsx
2022,Cadastro_Escolas,IN_LOCAL_FUNC_SOCIOEDUCATIVO,Local de funcionamento da escola - Unidade de Atendimento socioeducativo,,dicionário_dados_educação_básica_2022.xlsx
2022,Cadastro_Escolas,IN_LOCAL_FUNC_UNID_PRISIONAL,Local de funcionamento da escola - Unidade Prisional,,dicionário_dados_educação_básica_2022.xlsx
2022,Cadastro_Escolas,IN_LOCAL_FUNC_PRISIONAL_SOCIO,Local de funcionamento da escola - Unidade Prisional ou Unidade de atendimento socioeducativo,,dicionário_dados_educação_básica_2022.xlsx
2022,Cadastro_Escolas,IN_LOCAL_FUNC_TEMPLO_IGREJA,Local de funcionamento da escola - Templo/Igreja,,dicionário_dados_educação_básica_2022.xlsx
2022,Cadastro_Escolas,IN_LOCAL_FUNC_CASA_PROFESSOR,Local de funcionamento da escola - Casa do professor,,dicionário_dados_educação_básica_2022.xlsx
2022,Cadastro_Escolas,IN_LOCAL_FUNC_GALPAO,Local de funcionamento da escola - Galpão/Rancho/Paiol/Barracão,,dicionário_dados_educação_básica_2022.xlsx
2022,Cadastro_Escolas,TP_OCUPACAO_GALPAO,Forma de ocupação do Galpão/Rancho/Paiol/Barracão,,dicionário_dados_educação_básica_2022.xlsx
2022,Cadastro_Escolas,IN_LOCAL_FUNC_SALAS_OUTRA_ESC,Local de funcionamento da escola - Salas em outra escola,,dicionário_dados_educação_básica_2022.xlsx
2022,Cadastro_Escolas,IN_LOCAL_FUNC_OUTROS,Local de funcionamento da escola - Outros,,dicionário_dados_educação_básica_2022.xlsx
2022,Cadastro_Escolas,IN_PREDIO_COMPARTILHADO,Prédio compartilhado com outra escola,,dicionário_dados_educação_básica_2022.xlsx
2022,Cadastro_Escolas,IN_AGUA_FILTRADA,Água consumida pelos alunos,,dicionário_dados_educação_básica_2022.xlsx
2022,Cadastro_Escolas,IN_AGUA_POTAVEL,Fornece água potável para o consumo humano,,dicionário_dados_educação_básica_2022.xlsx
2022,Cadastro_Escolas,IN_AGUA_REDE_PUBLICA,Abastecimento de água - Rede pública,,dicionário_dados_educação_básica_2022.xlsx
2022,Cadastro_Escolas,IN_AGUA_POCO_ARTESIANO,Abastecimento de água - Poço artesiano,,dicionário_dados_educação_básica_2022.xlsx
2022,Cadastro_Escolas,IN_AGUA_CACIMBA,Abastecimento de água - Cacimba/Cisterna/Poço,,dicionário_dados_educação_básica_2022.xlsx
2022,Cadastro_Escolas,IN_AGUA_FONTE_RIO,Abastecimento de água - Fonte/Rio/Igarapé/Riacho/Córrego,,dicionário_dados_educação_básica_2022.xlsx
2022,Cadastro_Escolas,IN_AGUA_INEXISTENTE,Abastecimento de água - Não há abastecimento de água,,dicionário_dados_educação_básica_2022.xlsx
2022,Cadastro_Escolas,IN_ENERGIA_REDE_PUBLICA,Abastecimento de energia elétrica - Rede pública,,dicionário_dados_educação_básica_2022.xlsx
2022,Cadastro_Escolas,IN_ENERGIA_GERADOR,Abastecimento de energia elétrica - Gerador,,dicionário_dados_educação_básica_2022.xlsx
2022,Cadastro_Escolas,IN_ENERGIA_GERADOR_FOSSIL,Abastecimento de energia elétrica - Gerador movido a combustível fóssil,,dicionário_dados_educação_básica_2022.xlsx
2022,Cadastro_Escolas,IN_ENERGIA_OUTROS,Abastecimento de energia elétrica - Outros (Energia alternativa),,dicionário_dados_educação_básica_2022.xlsx
2022,Cadastro_Escolas,IN_ENERGIA_RENOVAVEL,"Abastecimento de energia elétrica - Fontes de energia renováveis ou alternativas (gerador a biocombustível e/ou biodigestores, eólica, solar, outras)",,dicionário_dados_educação_básica_2022.xlsx
2022,Cadastro_Escolas,IN_ENERGIA_INEXISTENTE,Abastecimento de energia elétrica - Não há energia elétrica,,dicionário_dados_educação_básica_2022.xlsx
2022,Cadastro_Escolas,IN_ESGOTO_REDE_PUBLICA,Esgoto sanitário - Rede pública,,dicionário_dados_educação_básica_2022.xlsx
2022,Cadastro_Escolas,IN_ESGOTO_FOSSA_SEPTICA,Esgoto sanitário - Fossa Séptica,,dicionário_dados_educação_básica_2022.xlsx
2022,Cadastro_Escolas,IN_ESGOTO_FOSSA_COMUM,Esgoto sanitário - Fossa rudimentar/comum,,dicionário_dados_educação_básica_2022.xlsx
2022,Cadastro_Escolas,IN_ESGOTO_FOSSA,Esgoto sanitário - Fossa,"A partir de 2019:
Variável derivada juntando IN_ESGOTO_FOSSA_SEPTICA e IN_ESGOTO_FOSSA_COMUM",dicionário_dados_educação_básica_2022.xlsx
2022,Cadastro_Escolas,IN_ESGOTO_INEXISTENTE,Esgoto sanitário - Não há esgotamento sanitário,,dicionário_dados_educação_básica_2022.xlsx
2022,Cadastro_Escolas,IN_LIXO_SERVICO_COLETA,Destinação do lixo - Serviço de coleta,,dicionário_dados_educação_básica_2022.xlsx
2022,Cadastro_Escolas,IN_LIXO_QUEIMA,Destinação do lixo - Queima,,dicionário_dados_educação_básica_2022.xlsx
2022,Cadastro_Escolas,IN_LIXO_ENTERRA,Destinação do lixo - Enterra,,dicionário_dados_educação_básica_2022.xlsx
2022,Cadastro_Escolas,IN_LIXO_DESTINO_FINAL_PUBLICO,Destinação do lixo - Leva a uma destinação final financiada pelo poder público,,dicionário_dados_educação_básica_2022.xlsx
2022,Cadastro_Escolas,IN_LIXO_DESCARTA_OUTRA_AREA,Destinação do lixo - Descarta em outra área,,dicionário_dados_educação_básica_2022.xlsx
2022,Cadastro_Escolas,IN_LIXO_JOGA_OUTRA_AREA,Destinação do lixo - Joga em outra área,,dicionário_dados_educação_básica_2022.xlsx
2022,Cadastro_Escolas,IN_LIXO_OUTROS,Destinação do lixo - Outros,,dicionário_dados_educação_básica_2022.xlsx
2022,Cadastro_Escolas,IN_LIXO_RECICLA,Tratamento do lixo/resíduos que a escola realiza - Reciclagem,,dicionário_dados_educação_básica_2022.xlsx
2022,Cadastro_Escolas,IN_TRATAMENTO_LIXO_SEPARACAO,Tratamento do lixo/resíduos que a escola realiza - Separação do lixo/resíduos,,dicionário_dados_educação_básica_2022.xlsx
2022,Cadastro_Escolas,IN_TRATAMENTO_LIXO_REUTILIZA,Tratamento do lixo/resíduos que a escola realiza - Reaproveitamento/reutilização,,dicionário_dados_educação_básica_2022.xlsx
2022,Cadastro_Escolas,IN_TRATAMENTO_LIXO_RECICLAGEM,Tratamento do lixo/resíduos que a escola realiza - Reciclagem,,dicionário_dados_educação_básica_2022.xlsx
2022,Cadastro_Escolas,IN_TRATAMENTO_LIXO_INEXISTENTE,Tratamento do lixo/resíduos que a escola realiza - Não faz tratamento,,dicionário_dados_educação_básica_2022.xlsx
2022,Cadastro_Escolas,IN_ALMOXARIFADO,Dependências físicas existentes e utilizadas na escola - Almoxarifado,,dicionário_dados_educação_básica_2022.xlsx
2022,Cadastro_Escolas,IN_AREA_VERDE,Dependências físicas existentes e utilizadas na escola - Área Verde,,dicionário_dados_educação_básica_2022.xlsx
2022,Cadastro_Escolas,IN_AUDITORIO,Dependências físicas existentes e utilizadas na escola - Auditório,,dicionário_dados_educação_básica_2022.xlsx
2022,Cadastro_Escolas,IN_BANHEIRO_FORA_PREDIO,Dependências físicas existentes e utilizadas na escola - Banheiro fora do prédio,,dicionário_dados_educação_básica_2022.xlsx
2022,Cadastro_Escolas,IN_BANHEIRO_DENTRO_PREDIO,Dependências físicas existentes e utilizadas na escola - Banheiro dentro do prédio,,dicionário_dados_educação_básica_2022.xlsx
2022,Cadastro_Escolas,IN_BANHEIRO,Dependências físicas existentes e utilizadas na escola - Banheiro,,dicionário_dados_educação_básica_2022.xlsx
2022,Cadastro_Escolas,IN_BANHEIRO_EI,Dependências físicas existentes e utilizadas na escola - Banheiro adequado à educação infantil,,dicionário_dados_educação_básica_2022.xlsx
2022,Cadastro_Escolas,IN_BANHEIRO_PNE,"Dependências físicas existentes e utilizadas na escola - Banheiro acessível, adequado ao uso de pessoas com deficiência ou mobilidade reduzida",,dicionário_dados_educação_básica_2022.xlsx
2022,Cadastro_Escolas,IN_BANHEIRO_FUNCIONARIOS,Dependências físicas existentes e utilizadas na escola - Banheiro exclusivo para os funcionários,,dicionário_dados_educação_básica_2022.xlsx
2022,Cadastro_Escolas,IN_BANHEIRO_CHUVEIRO,Dependências físicas existentes e utilizadas na escola - Banheiro ou vestiário com chuveiro,"De 2012 a 2018: ""Banheiro com chuveiro""
A partir de 2019: ""Banheiro ou vestiário com chuveiro""",dicionário_dados_educação_básica_2022.xlsx
2022,Cadastro_Escolas,IN_BERCARIO,Dependências físicas existentes e utilizadas na escola - Berçário,,dicionário_dados_educação_básica_2022.xlsx
2022,Cadastro_Escolas,IN_BIBLIOTECA,Dependências físicas existentes e utilizadas na escola - Biblioteca,,dicionário_dados_educação_básica_2022.xlsx
2022,Cadastro_Escolas,IN_BIBLIOTECA_SALA_LEITURA,Dependências físicas existentes e utilizadas na escola - Biblioteca e/ou Sala de leitura,,dicionário_dados_educação_básica_2022.xlsx
2022,Cadastro_Escolas,IN_COZINHA,Dependências físicas existentes e utilizadas na escola - Cozinha,,dicionário_dados_educação_básica_2022.xlsx
2022,Cadastro_Escolas,IN_DESPENSA,Dependências físicas existentes e utilizadas na escola - Despensa,,dicionário_dados_educação_básica_2022.xlsx
2022,Cadastro_Escolas,IN_DORMITORIO_ALUNO,Dependências físicas existentes e utilizadas na escola - Dormitório de aluno(a),"De 2012 a 2018: ""Alojamento de aluno""
A partir de 2019: ""Dormitório de aluno(a)",dicionário_dados_educação_básica_2022.xlsx
2022,Cadastro_Escolas,IN_DORMITORIO_PROFESSOR,Dependências físicas existentes e utilizadas na escola - Dormitório de professor(a),"De 2012 a 2018: ""Alojamento de professor""
A partir de 2019: ""Dormitório de professor(a)""",dicionário_dados_educação_básica_2022.xlsx
2022,Cadastro_Escolas,IN_LABORATORIO_CIENCIAS,Dependências físicas existentes e utilizadas na escola - Laboratório de ciências,,dicionário_dados_educação_básica_2022.xlsx
2022,Cadastro_Escolas,IN_LABORATORIO_INFORMATICA,Dependências físicas existentes e utilizadas na escola - Laboratório de informática,,dicionário_dados_educação_básica_2022.xlsx
2022,Cadastro_Escolas,IN_LABORATORIO_EDUC_PROF,Dependências físicas existentes e utilizadas na escola - Laboratório específico para a Educação Profissional,,dicionário_dados_educação_básica_2022.xlsx
2022,Cadastro_Escolas,IN_PATIO_COBERTO,Dependências físicas existentes e utilizadas na escola - Pátio coberto,,dicionário_dados_educação_básica_2022.xlsx
2022,Cadastro_Escolas,IN_PATIO_DESCOBERTO,Dependências físicas existentes e utilizadas na escola - Pátio descoberto,,dicionário_dados_educação_básica_2022.xlsx
2022,Cadastro_Escolas,IN_PARQUE_INFANTIL,Dependências físicas existentes e utilizadas na escola - Parque infantil,,dicionário_dados_educação_básica_2022.xlsx
2022,Cadastro_Escolas,IN_PISCINA,Dependências físicas existentes e utilizadas na escola - Piscina,,dicionário_dados_educação_básica_2022.xlsx
2022,Cadastro_Escolas,IN_QUADRA_ESPORTES,Dependências físicas existentes e utilizadas na escola - Quadra de esportes coberta ou descoberta,,dicionário_dados_educação_básica_2022.xlsx
2022,Cadastro_Escolas,IN_QUADRA_ESPORTES_COBERTA,Dependências físicas existentes e utilizadas na escola - Quadra de esportes coberta,,dicionário_dados_educação_básica_2022.xlsx
2022,Cadastro_Escolas,IN_QUADRA_ESPORTES_DESCOBERTA,Dependências físicas existentes e utilizadas na escola - Quadra de esportes descoberta,,dicionário_dados_educação_básica_2022.xlsx
2022,Cadastro_Escolas,IN_REFEITORIO,Dependências físicas existentes e utilizadas na escola - Refeitório,,dicionário_dados_educação_básica_2022.xlsx
2022,Cadastro_Escolas,IN_SALA_ATELIE_ARTES,Dependências físicas existentes e utilizadas na escola - Sala/ateliê de artes,,dicionário_dados_educação_básica_2022.xlsx
2022,Cadastro_Escolas,IN_SALA_MUSICA_CORAL,Dependências físicas existentes e utilizadas na escola -  Sala de música/coral,,dicionário_dados_educação_básica_2022.xlsx
2022,Cadastro_Escolas,IN_SALA_ESTUDIO_DANCA,Dependências físicas existentes e utilizadas na escola - Sala/estúdio de dança,,dicionário_dados_educação_básica_2022.xlsx
2022,Cadastro_Escolas,IN_SALA_MULTIUSO,"Dependências físicas existentes e utilizadas na escola - Sala multiuso (música, dança e artes)",,dicionário_dados_educação_básica_2022.xlsx
2022,Cadastro_Escolas,IN_SALA_OFICINAS_EDUC_PROF,Dependências físicas existentes e utilizadas na escola - Salas de oficinas da Educação Profissional,,dicionário_dados_educação_básica_2022.xlsx
2022,Cadastro_Escolas,IN_SALA_DIRETORIA,Dependências físicas existentes e utilizadas na escola - Sala de Diretoria,,dicionário_dados_educação_básica_2022.xlsx
2022,Cadastro_Escolas,IN_SALA_LEITURA,Dependências físicas existentes e utilizadas na escola - Sala de leitura,,dicionário_dados_educação_básica_2022.xlsx
2022,Cadastro_Escolas,IN_SALA_PROFESSOR,Dependências físicas existentes e utilizadas na escola - Sala de professores,,dicionário_dados_educação_básica_2022.xlsx
2022,Cadastro_Escolas,IN_SALA_REPOUSO_ALUNO,Dependências físicas existentes e utilizadas na escola - Sala de repouso para aluno(a),,dicionário_dados_educação_básica_2022.xlsx
2022,Cadastro_Escolas,IN_SECRETARIA,Dependências físicas existentes e utilizadas na escola - Sala de Secretaria,,dicionário_dados_educação_básica_2022.xlsx
2022,Cadastro_Escolas,IN_SALA_ATENDIMENTO_ESPECIAL,Dependências físicas existentes e utilizadas na escola - Sala de Recursos Multifuncionais para Atendimento Educacional Especializado (AEE),,dicionário_dados_educação_básica_2022.xlsx
2022,Cadastro_Escolas,IN_TERREIRAO,"Dependências físicas existentes e utilizadas na escola - Terreirão (área para prática desportiva e recreação sem cobertura, sem piso e sem edificações)",,dicionário_dados_educação_básica_2022.xlsx
2022,Cadastro_Escolas,IN_VIVEIRO,Dependências físicas existentes e utilizadas na escola -  Viveiro/criação de animais,,dicionário_dados_educação_básica_2022.xlsx
2022,Cadastro_Escolas,IN_DEPENDENCIAS_PNE,Dependências físicas existentes e utilizadas na escola - Dependências e vias adequadas a alunos com deficiência ou mobilidade reduzida,,dicionário_dados_educação_básica_2022.xlsx
2022,Cadastro_Escolas,IN_LAVANDERIA,Dependências físicas existentes e utilizadas na escola - Lavanderia,,dicionário_dados_educação_básica_2022.xlsx
2022,Cadastro_Escolas,IN_DEPENDENCIAS_OUTRAS,Dependências existentes na escola - Nenhuma das dependências relacionadas,,dicionário_dados_educação_básica_2022.xlsx
2022,Cadastro_Escolas,IN_ACESSIBILIDADE_CORRIMAO,Recursos de acessibilidade para pessoas com deficiência ou mobilidade reduzida nas vias de circulação interna na escola - Corrimão e guarda corpos,,dicionário_dados_educação_básica_2022.xlsx
2022,Cadastro_Escolas,IN_ACESSIBILIDADE_ELEVADOR,Recursos de acessibilidade para pessoas com deficiência ou mobilidade reduzida nas vias de circulação interna na escola - Elevador,,dicionário_dados_educação_básica_2022.xlsx
2022,Cadastro_Escolas,IN_ACESSIBILIDADE_PISOS_TATEIS,Recursos de acessibilidade para pessoas com deficiência ou mobilidade reduzida nas vias de circulação interna na escola - Pisos táteis,,dicionário_dados_educação_básica_2022.xlsx
2022,Cadastro_Escolas,IN_ACESSIBILIDADE_VAO_LIVRE,"Recursos de acessibilidade para pessoas com deficiência ou mobilidade reduzida nas vias de circulação interna na escola - Portas com vão livre de, no mínimo, 80 cm",,dicionário_dados_educação_básica_2022.xlsx
2022,Cadastro_Escolas,IN_ACESSIBILIDADE_RAMPAS,Recursos de acessibilidade para pessoas com deficiência ou mobilidade reduzida nas vias de circulação interna na escola - Rampas,,dicionário_dados_educação_básica_2022.xlsx
2022,Cadastro_Escolas,IN_ACESSIBILIDADE_SINAL_SONORO,Recursos de acessibilidade para pessoas com deficiência ou mobilidade reduzida nas vias de circulação interna na escola - Sinalização sonora,,dicionário_dados_educação_básica_2022.xlsx
2022,Cadastro_Escolas,IN_ACESSIBILIDADE_SINAL_TATIL,Recursos de acessibilidade para pessoas com deficiência ou mobilidade reduzida nas vias de circulação interna na escola - Sinalização tátil (piso/paredes),,dicionário_dados_educação_básica_2022.xlsx
2022,Cadastro_Escolas,IN_ACESSIBILIDADE_SINAL_VISUAL,Recursos de acessibilidade para pessoas com deficiência ou mobilidade reduzida nas vias de circulação interna na escola - Sinalização visual (piso/paredes),,dicionário_dados_educação_básica_2022.xlsx
2022,Cadastro_Escolas,IN_ACESSIBILIDADE_INEXISTENTE,Recursos de acessibilidade para pessoas com deficiência ou mobilidade reduzida nas vias de circulação interna na escola - Nenhum dos recursos de acessibilidade listados,,dicionário_dados_educação_básica_2022.xlsx
2022,Cadastro_Escolas,QT_SALAS_EXISTENTES,Número de salas de aula existentes na escola,,dicionário_dados_educação_básica_2022.xlsx
2022,Cadastro_Escolas,QT_SALAS_UTILIZADAS_DENTRO,Número de salas de aula utilizadas na escola - Dentro do prédio,,dicionário_dados_educação_básica_2022.xlsx
2022,Cadastro_Escolas,QT_SALAS_UTILIZADAS_FORA,Número de salas de aula utilizadas na escola - Fora do prédio,,dicionário_dados_educação_básica_2022.xlsx
2022,Cadastro_Escolas,QT_SALAS_UTILIZADAS,Número de salas de aula utilizadas na escola (dentro e fora do prédio),"A partir de 2019:
Variável derivada juntando QT_SALAS_UTILIZADAS_DENTRO e QT_SALAS_UTILIZADAS_FORA",dicionário_dados_educação_básica_2022.xlsx
2022,Cadastro_Escolas,QT_SALAS_UTILIZA_CLIMATIZADAS,Condições das salas de aula utilizadas na escola (dentro e fora do prédio escolar) - Número de salas de aula climatizadas,,dicionário_dados_educação_básica_2022.xlsx
2022,Cadastro_Escolas,QT_SALAS_UTILIZADAS_ACESSIVEIS,Condições das salas de aula utilizadas na escola (dentro e fora do prédio escolar) - Número de salas de aula com acessibilidade para pessoas com deficiência ou mobilidade reduzida,,dicionário_dados_educação_básica_2022.xlsx
2022,Cadastro_Escolas,IN_EQUIP_PARABOLICA,Equipamentos existentes na escola para uso técnico e administrativo - Antena parabólica,,dicionário_dados_educação_básica_2022.xlsx
2022,Cadastro_Escolas,IN_COMPUTADOR,Equipamentos existentes na escola para uso técnico e administrativo - Computador,,dicionário_dados_educação_básica_2022.xlsx
2022,Cadastro_Escolas,IN_EQUIP_COPIADORA,Equipamentos existentes na escola para uso técnico e administrativo - Copiadora,,dicionário_dados_educação_básica_2022.xlsx
2022,Cadastro_Escolas,IN_EQUIP_IMPRESSORA,Equipamentos existentes na escola para uso técnico e administrativo - Impressora,,dicionário_dados_educação_básica_2022.xlsx
2022,Cadastro_Escolas,IN_EQUIP_IMPRESSORA_MULT,Equipamentos existentes na escola para uso técnico e administrativo - Impressora Multifuncional,,dicionário_dados_educação_básica_2022.xlsx
2022,Cadastro_Escolas,IN_EQUIP_SCANNER,Equipamentos existentes na escola para uso técnico e administrativo - Scanner,,dicionário_dados_educação_básica_2022.xlsx
2022,Cadastro_Escolas,IN_EQUIP_NENHUM,"Nenhum dos equipamentos listados para uso técnico e administrativo - Antena parabólica, Computador, Copiadora, Impressora, Impressora Multifuncional ou Scanner",,dicionário_dados_educação_básica_2022.xlsx
2022,Cadastro_Escolas,IN_EQUIP_DVD,Equipamentos existentes na escola para o processo ensino e aprendizagem - DVD/Blu-ray,,dicionário_dados_educação_básica_2022.xlsx
2022,Cadastro_Escolas,QT_EQUIP_DVD,Quantidade de Aparelhos de DVD/Blu-ray,"Em 2019:
primeiro ano em que foi aplicado tratamento de valores extremos, que são marcados com o código 88888.",dicionário_dados_educação_básica_2022.xlsx
2022,Cadastro_Escolas,IN_EQUIP_SOM,Equipamentos existentes na escola para o processo ensino e aprendizagem - Aparelho de som,,dicionário_dados_educação_básica_2022.xlsx
2022,Cadastro_Escolas,QT_EQUIP_SOM,Quantidade de Aparelhos de som,"Em 2019:
primeiro ano em que foi aplicado tratamento de valores extremos, que são marcados com o código 88888.",dicionário_dados_educação_básica_2022.xlsx
2022,Cadastro_Escolas,IN_EQUIP_TV,Equipamentos existentes na escola para o processo ensino e aprendizagem - Aparelho de televisão,,dicionário_dados_educação_básica_2022.xlsx
2022,Cadastro_Escolas,QT_EQUIP_TV,Quantidade de Aparelhos de televisão,"Em 2019:
primeiro ano em que foi aplicado tratamento de valores extremos, que são marcados com o código 88888.",dicionário_dados_educação_básica_2022.xlsx
2022,Cadastro_Escolas,IN_EQUIP_LOUSA_DIGITAL,Equipamentos existentes na escola para o processo ensino e aprendizagem - Lousa digital,,dicionário_dados_educação_básica_2022.xlsx
2022,Cadastro_Escolas,QT_EQUIP_LOUSA_DIGITAL,Quantidade de Lousas digitais,"Em 2019:
primeiro ano em que foi aplicado tratamento de valores extremos, que são marcados com o código 88888.",dicionário_dados_educação_básica_2022.xlsx
2022,Cadastro_Escolas,IN_EQUIP_MULTIMIDIA,Equipamentos existentes na escola para o processo ensino e aprendizagem - Projetor Multimídia (Datashow),,dicionário_dados_educação_básica_2022.xlsx
2022,Cadastro_Escolas,QT_EQUIP_MULTIMIDIA,Quantidade de Projetores Multimídia (Datashow),"Em 2019:
primeiro ano em que foi aplicado tratamento de valores extremos, que são marcados com o código 88888.",dicionário_dados_educação_básica_2022.xlsx
2022,Cadastro_Escolas,IN_EQUIP_VIDEOCASSETE,Equipamentos existentes na escola - Videocassete,,dicionário_dados_educação_básica_2022.xlsx
2022,Cadastro_Escolas,IN_EQUIP_RETROPROJETOR,Equipamentos existentes na escola - Retroprojetor,,dicionário_dados_educação_básica_2022.xlsx
2022,Cadastro_Escolas,IN_EQUIP_FAX,Equipamentos existentes na escola - Fax,,dicionário_dados_educação_básica_2022.xlsx
2022,Cadastro_Escolas,IN_EQUIP_FOTO,Equipamentos existentes na escola - Máquina fotográfica/Filmadora,,dicionário_dados_educação_básica_2022.xlsx
2022,Cadastro_Escolas,QT_EQUIP_VIDEOCASSETE,Quantidade de Videocassetes,,dicionário_dados_educação_básica_2022.xlsx
2022,Cadastro_Escolas,QT_EQUIP_PARABOLICA,Quantidade de Antenas parabólicas,,dicionário_dados_educação_básica_2022.xlsx
2022,Cadastro_Escolas,QT_EQUIP_COPIADORA,Quantidade de Copiadoras,,dicionário_dados_educação_básica_2022.xlsx
2022,Cadastro_Escolas,QT_EQUIP_RETROPROJETOR,Quantidade de Retroprojetores,,dicionário_dados_educação_básica_2022.xlsx
2022,Cadastro_Escolas,QT_EQUIP_IMPRESSORA,Quantidade de Impressoras,,dicionário_dados_educação_básica_2022.xlsx
2022,Cadastro_Escolas,QT_EQUIP_IMPRESSORA_MULT,Quantidade de Impressoras Multifuncionais,,dicionário_dados_educação_básica_2022.xlsx
2022,Cadastro_Escolas,QT_EQUIP_FAX,Quantidade de Fax,,dicionário_dados_educação_básica_2022.xlsx
2022,Cadastro_Escolas,QT_EQUIP_FOTO,Quantidade de Máquinas Fotográficas/ Filmadoras,,dicionário_dados_educação_básica_2022.xlsx
2022,Cadastro_Escolas,QT_COMP_ALUNO,Quantidade de computadores em uso pelos alunos,,dicionário_dados_educação_básica_2022.xlsx
2022,Cadastro_Escolas,IN_DESKTOP_ALUNO,Computadores em uso pelos alunos - Computador de mesa (desktop),,dicionário_dados_educação_básica_2022.xlsx
2022,Cadastro_Escolas,QT_DESKTOP_ALUNO,Quantidade de computadores em uso pelos alunos - Computador de mesa (desktop),"Em 2019:
primeiro ano em que foi aplicado tratamento de valores extremos, que são marcados com o código 88888.",dicionário_dados_educação_básica_2022.xlsx
2022,Cadastro_Escolas,IN_COMP_PORTATIL_ALUNO,Computadores em uso pelos alunos - Computador portátil,,dicionário_dados_educação_básica_2022.xlsx
2022,Cadastro_Escolas,QT_COMP_PORTATIL_ALUNO,Quantidade de computadores em uso pelos alunos - Computador portátil,"Em 2019:
primeiro ano em que foi aplicado tratamento de valores extremos, que são marcados com o código 88888.",dicionário_dados_educação_básica_2022.xlsx
2022,Cadastro_Escolas,IN_TABLET_ALUNO,Computadores em uso pelos alunos - Tablet,,dicionário_dados_educação_básica_2022.xlsx
2022,Cadastro_Escolas,QT_TABLET_ALUNO,Quantidade de computadores em uso pelos alunos - Tablet,"Em 2019:
primeiro ano em que foi aplicado tratamento de valores extremos, que são marcados com o código 88888.",dicionário_dados_educação_básica_2022.xlsx
2022,Cadastro_Escolas,QT_COMPUTADOR,Quantidade de computadores na escola,,dicionário_dados_educação_básica_2022.xlsx
2022,Cadastro_Escolas,QT_COMP_ADMINISTRATIVO,Quantidade de computadores de uso administrativo,,dicionário_dados_educação_básica_2022.xlsx
2022,Cadastro_Escolas,IN_INTERNET,Acesso à Internet,,dicionário_dados_educação_básica_2022.xlsx
2022,Cadastro_Escolas,IN_INTERNET_ALUNOS,Acesso à Internet - Para uso dos alunos,,dicionário_dados_educação_básica_2022.xlsx
2022,Cadastro_Escolas,IN_INTERNET_ADMINISTRATIVO,Acesso à Internet - Para uso administrativo,,dicionário_dados_educação_básica_2022.xlsx
2022,Cadastro_Escolas,IN_INTERNET_APRENDIZAGEM,Acesso à Internet - Para uso nos processos de ensino e aprendizagem,,dicionário_dados_educação_básica_2022.xlsx
2022,Cadastro_Escolas,IN_INTERNET_COMUNIDADE,Acesso à Internet - Para uso da comunidade,,dicionário_dados_educação_básica_2022.xlsx
2022,Cadastro_Escolas,IN_ACESSO_INTERNET_COMPUTADOR,"Equipamentos que os alunos usam para acessar a internet da escola - Computadores de mesa, portáteis e tablets da escola (no laboratório de informática, biblioteca, sala de aula etc.)",,dicionário_dados_educação_básica_2022.xlsx
2022,Cadastro_Escolas,IN_ACES_INTERNET_DISP_PESSOAIS,"Equipamentos que os alunos usam para acessar a internet da escola - Dispositivos pessoais (computadores portáteis, celulares, tablets etc.)",,dicionário_dados_educação_básica_2022.xlsx
2022,Cadastro_Escolas,TP_REDE_LOCAL,Rede local de interligação de computadores,,dicionário_dados_educação_básica_2022.xlsx
2022,Cadastro_Escolas,IN_BANDA_LARGA,Internet Banda Larga,,dicionário_dados_educação_básica_2022.xlsx
2022,Cadastro_Escolas,QT_FUNCIONARIOS,Total de funcionários da escola (inclusive profissionais escolares em sala de aula),,dicionário_dados_educação_básica_2022.xlsx
2022,Cadastro_Escolas,IN_PROF_ADMINISTRATIVOS,"Profissionais que atuam na escola - Auxiliares de secretaria ou auxiliares administrativos, atendentes",,dicionário_dados_educação_básica_2022.xlsx
2022,Cadastro_Escolas,QT_PROF_ADMINISTRATIVOS,"Quantidade de profissionais que atuam na escola - Auxiliares de secretaria ou auxiliares administrativos, atendentes","Em 2019:
primeiro ano em que foi aplicado tratamento de valores extremos, que são marcados com o código 88888.",dicionário_dados_educação_básica_2022.xlsx
2022,Cadastro_Escolas,IN_PROF_SERVICOS_GERAIS,"Profissionais que atuam na escola - Auxiliar de serviços gerais, porteiro(a), zelador(a), faxineiro(a), horticultor(a), jardineiro(a)",,dicionário_dados_educação_básica_2022.xlsx
2022,Cadastro_Escolas,QT_PROF_SERVICOS_GERAIS,"Quantidade de profissionais que atuam na escola - Auxiliar de serviços gerais, porteiro(a), zelador(a), faxineiro(a), horticultor(a), jardineiro(a)","Em 2019:
primeiro ano em que foi aplicado tratamento de valores extremos, que são marcados com o código 88888.",dicionário_dados_educação_básica_2022.xlsx
2022,Cadastro_Escolas,IN_PROF_BIBLIOTECARIO,"Profissionais que atuam na escola - Bibliotecário(a), auxiliar de biblioteca ou monitor(a) da sala de leitura",,dicionário_dados_educação_básica_2022.xlsx
2022,Cadastro_Escolas,QT_PROF_BIBLIOTECARIO,"Quantidade de profissionais que atuam na escola - Bibliotecário(a), auxiliar de biblioteca ou monitor(a) da sala de leitura","Em 2019:
primeiro ano em que foi aplicado tratamento de valores extremos, que são marcados com o código 88888.",dicionário_dados_educação_básica_2022.xlsx
2022,Cadastro_Escolas,IN_PROF_SAUDE,"Profissionais que atuam na escola - Bombeiro(a) brigadista, profissionais de assistência à saúde (urgência e emergência), Enfermeiro(a), Técnico(a) de enfermagem e socorrista",,dicionário_dados_educação_básica_2022.xlsx
2022,Cadastro_Escolas,QT_PROF_SAUDE,"Quantidade de profissionais que atuam na escola - Bombeiro(a) brigadista, profissionais de assistência à saúde (urgência e emergência), Enfermeiro(a), Técnico(a) de enfermagem e socorrista","Em 2019:
primeiro ano em que foi aplicado tratamento de valores extremos, que são marcados com o código 88888.",dicionário_dados_educação_básica_2022.xlsx
2022,Cadastro_Escolas,IN_PROF_COORDENADOR,Profissionais que atuam na escola - Coordenador(a) de turno/disciplina,,dicionário_dados_educação_básica_2022.xlsx
2022,Cadastro_Escolas,QT_PROF_COORDENADOR,Quantidade de profissionais que atuam na escola - Coordenador(a) de turno/disciplina,"Em 2019:
primeiro ano em que foi aplicado tratamento de valores extremos, que são marcados com o código 88888.",dicionário_dados_educação_básica_2022.xlsx
2022,Cadastro_Escolas,IN_PROF_FONAUDIOLOGO,Profissionais que atuam na escola - Fonoaudiólogo(a),,dicionário_dados_educação_básica_2022.xlsx
2022,Cadastro_Escolas,QT_PROF_FONAUDIOLOGO,Quantidade de profissionais que atuam na escola - Fonoaudiólogo(a),"Em 2019:
primeiro ano em que foi aplicado tratamento de valores extremos, que são marcados com o código 88888.",dicionário_dados_educação_básica_2022.xlsx
2022,Cadastro_Escolas,IN_PROF_NUTRICIONISTA,Profissionais que atuam na escola - Nutricionista,,dicionário_dados_educação_básica_2022.xlsx
2022,Cadastro_Escolas,QT_PROF_NUTRICIONISTA,Quantidade de profissionais que atuam na escola - Nutricionista,"Em 2019:
primeiro ano em que foi aplicado tratamento de valores extremos, que são marcados com o código 88888.",dicionário_dados_educação_básica_2022.xlsx
2022,Cadastro_Escolas,IN_PROF_PSICOLOGO,Profissionais que atuam na escola - Psicólogo(a) Escolar,,dicionário_dados_educação_básica_2022.xlsx
2022,Cadastro_Escolas,QT_PROF_PSICOLOGO,Quantidade de profissionais que atuam na escola - Psicólogo(a) Escolar,"Em 2019:
primeiro ano em que foi aplicado tratamento de valores extremos, que são marcados com o código 88888.",dicionário_dados_educação_básica_2022.xlsx
2022,Cadastro_Escolas,IN_PROF_ALIMENTACAO,"Profissionais que atuam na escola - Profissionais de preparação e segurança alimentar, cozinheiro(a), merendeiro(a) e auxiliar de cozinha",,dicionário_dados_educação_básica_2022.xlsx
2022,Cadastro_Escolas,QT_PROF_ALIMENTACAO,"Quantidade de profissionais que atuam na escola -  Profissionais de preparação e segurança alimentar, cozinheiro(a), merendeiro(a) e auxiliar de cozinha","Em 2019:
primeiro ano em que foi aplicado tratamento de valores extremos, que são marcados com o código 88888.",dicionário_dados_educação_básica_2022.xlsx
2022,Cadastro_Escolas,IN_PROF_PEDAGOGIA,"Profissionais que atuam na escola -  Profissionais de apoio e supervisão pedagógica: pedagogo(a), coordenador(a) pedagógico(a), orientador(a) educacional, supervisor(a) escolar e coordenador(a) de área de ensino",,dicionário_dados_educação_básica_2022.xlsx
2022,Cadastro_Escolas,QT_PROF_PEDAGOGIA,"Quantidade de profissionais que atuam na escola -  Profissionais de apoio e supervisão pedagógica: pedagogo(a), coordenador(a) pedagógico(a), orientador(a) educacional, supervisor(a) escolar e coordenador(a) de área de ensino","Em 2019:
primeiro ano em que foi aplicado tratamento de valores extremos, que são marcados com o código 88888.",dicionário_dados_educação_básica_2022.xlsx
2022,Cadastro_Escolas,IN_PROF_SECRETARIO,Profissionais que atuam na escola - Secretário(a) escolar,,dicionário_dados_educação_básica_2022.xlsx
2022,Cadastro_Escolas,QT_PROF_SECRETARIO,Quantidade de profissionais que atuam na escola - Secretário(a) escolar,"Em 2019:
primeiro ano em que foi aplicado tratamento de valores extremos, que são marcados com o código 88888.",dicionário_dados_educação_básica_2022.xlsx
2022,Cadastro_Escolas,IN_PROF_SEGURANCA,"Profissionais que atuam na escola - Segurança, guarda ou segurança patrimonial",,dicionário_dados_educação_básica_2022.xlsx
2022,Cadastro_Escolas,QT_PROF_SEGURANCA,"Quantidade de profissionais que atuam na escola - Segurança, guarda ou segurança patrimonial","Em 2019:
primeiro ano em que foi aplicado tratamento de valores extremos, que são marcados com o código 88888.",dicionário_dados_educação_básica_2022.xlsx
2022,Cadastro_Escolas,IN_PROF_MONITORES,"Profissionais que atuam na escola - Técnicos(as), monitores(as), supervisores(as) ou auxiliares de laboratório(s), de apoio a tecnologias educacionais ou em multimeios/multimídias eletrônico/digitais",,dicionário_dados_educação_básica_2022.xlsx
2022,Cadastro_Escolas,QT_PROF_MONITORES,"Quantidade de profissionais que atuam na escola - Técnicos(as), monitores(as), supervisores(as) ou auxiliares de laboratório(s), de apoio a tecnologias educacionais ou em multimeios/multimídias eletrônico/digitais","Em 2019:
primeiro ano em que foi aplicado tratamento de valores extremos, que são marcados com o código 88888.",dicionário_dados_educação_básica_2022.xlsx
2022,Cadastro_Escolas,IN_PROF_GESTAO,"Profissionais que atuam na escola - Vice-diretor(a) ou diretor(a) adjunto(a), profissionais responsáveis pela gestão administrativa e/ou financeira",,dicionário_dados_educação_básica_2022.xlsx
2022,Cadastro_Escolas,QT_PROF_GESTAO,"Quantidade de profissionais que atuam na escola - Vice-diretor(a) ou diretor(a) adjunto(a), profissionais responsáveis pela gestão administrativa e/ou financeira","Em 2019:
primeiro ano em que foi aplicado tratamento de valores extremos, que são marcados com o código 88888.",dicionário_dados_educação_básica_2022.xlsx
2022,Cadastro_Escolas,IN_PROF_ASSIST_SOCIAL,Profissionais que atuam na escola - Orientador(a) comunitário(a) ou assistente social,,dicionário_dados_educação_básica_2022.xlsx
2022,Cadastro_Escolas,QT_PROF_ASSIST_SOCIAL,Quantidade de profissionais que atuam na escola - Orientador(a) comunitário(a) ou assistente social,"Em 2019:
primeiro ano em que foi aplicado tratamento de valores extremos, que são marcados com o código 88888.",dicionário_dados_educação_básica_2022.xlsx
2022,Cadastro_Escolas,IN_ALIMENTACAO,Alimentação escolar para os alunos - PNAE/FNDE,,dicionário_dados_educação_básica_2022.xlsx
2022,Cadastro_Escolas,IN_SERIE_ANO,Forma de organização do ensino - Série/Ano (séries anuais),,dicionário_dados_educação_básica_2022.xlsx
2022,Cadastro_Escolas,IN_PERIODOS_SEMESTRAIS,Forma de organização do ensino -  Períodos semestrais,,dicionário_dados_educação_básica_2022.xlsx
2022,Cadastro_Escolas,IN_FUNDAMENTAL_CICLOS,Forma de organização do ensino - Ciclo(s) do Ensino Fundamental,,dicionário_dados_educação_básica_2022.xlsx
2022,Cadastro_Escolas,IN_GRUPOS_NAO_SERIADOS,Forma de organização do ensino - Grupos não-seriados com base na idade ou competência (art. 23 LDB),,dicionário_dados_educação_básica_2022.xlsx
2022,Cadastro_Escolas,IN_MODULOS,Forma de organização do ensino - Módulos,,dicionário_dados_educação_básica_2022.xlsx
2022,Cadastro_Escolas,IN_FORMACAO_ALTERNANCIA,Forma de organização do ensino - Alternância regular de períodos de estudos (proposta pedagógica de formação por alternância com tempo-escola e tempo-comunidade),,dicionário_dados_educação_básica_2022.xlsx
2022,Cadastro_Escolas,IN_MATERIAL_PED_MULTIMIDIA,Instrumentos e materiais socioculturais e/ou pedagógicos em uso na escola para o desenvolvimento de atividades de ensino e aprendizagem - Acervo multimídia,"Em 2019:
Existe adicionalmente a categoria ""9 - Não informado"".",dicionário_dados_educação_básica_2022.xlsx
2022,Cadastro_Escolas,IN_MATERIAL_PED_INFANTIL,Instrumentos e materiais socioculturais e/ou pedagógicos em uso na escola para o desenvolvimento de atividades de ensino e aprendizagem - Brinquedos para Educação Infantil,"Em 2019:
Existe adicionalmente a categoria ""9 - Não informado"".",dicionário_dados_educação_básica_2022.xlsx
2022,Cadastro_Escolas,IN_MATERIAL_PED_CIENTIFICO,Instrumentos e materiais socioculturais e/ou pedagógicos em uso na escola para o desenvolvimento de atividades de ensino e aprendizagem - Conjunto de materiais científicos,"Em 2019:
Existe adicionalmente a categoria ""9 - Não informado"".",dicionário_dados_educação_básica_2022.xlsx
2022,Cadastro_Escolas,IN_MATERIAL_PED_DIFUSAO,Instrumentos e materiais socioculturais e/ou pedagógicos em uso na escola para o desenvolvimento de atividades de ensino e aprendizagem - Equipamento para amplificação e difusão de som/áudio,"Em 2019:
Existe adicionalmente a categoria ""9 - Não informado"".",dicionário_dados_educação_básica_2022.xlsx
2022,Cadastro_Escolas,IN_MATERIAL_PED_MUSICAL,"Instrumentos e materiais socioculturais e/ou pedagógicos em uso na escola para o desenvolvimento de atividades de ensino e aprendizagem - Instrumentos musicais para conjunto, banda/fanfarra e/ou aulas de música","Em 2019:
Existe adicionalmente a categoria ""9 - Não informado"".",dicionário_dados_educação_básica_2022.xlsx
2022,Cadastro_Escolas,IN_MATERIAL_PED_JOGOS,Instrumentos e materiais socioculturais e/ou pedagógicos em uso na escola para o desenvolvimento de atividades de ensino e aprendizagem - Jogos Educativos,"Em 2019:
Existe adicionalmente a categoria ""9 - Não informado"".",dicionário_dados_educação_básica_2022.xlsx
2022,Cadastro_Escolas,IN_MATERIAL_PED_ARTISTICAS,Instrumentos e materiais socioculturais e/ou pedagógicos em uso na escola para o desenvolvimento de atividades de ensino e aprendizagem - Materiais para atividades culturais e artísticas,"Em 2019:
Existe adicionalmente a categoria ""9 - Não informado"".",dicionário_dados_educação_básica_2022.xlsx
2022,Cadastro_Escolas,IN_MATERIAL_PED_PROFISSIONAL,Instrumentos e materiais socioculturais e/ou pedagógicos em uso na escola para o desenvolvimento de atividades de ensino e aprendizagem - Materiais para Educação Profissional,,dicionário_dados_educação_básica_2022.xlsx
2022,Cadastro_Escolas,IN_MATERIAL_PED_DESPORTIVA,Instrumentos e materiais socioculturais e/ou pedagógicos em uso na escola para o desenvolvimento de atividades de ensino e aprendizagem - Materiais para prática desportiva e recreação,"Em 2019:
Existe adicionalmente a categoria ""9 - Não informado"".",dicionário_dados_educação_básica_2022.xlsx
2022,Cadastro_Escolas,IN_MATERIAL_PED_INDIGENA,Instrumentos e materiais socioculturais e/ou pedagógicos em uso na escola para o desenvolvimento de atividades de ensino e aprendizagem - Indígena,"Em 2019:
Existe adicionalmente a categoria ""9 - Não informado"".",dicionário_dados_educação_básica_2022.xlsx
2022,Cadastro_Escolas,IN_MATERIAL_PED_ETNICO,Instrumentos e materiais socioculturais e/ou pedagógicos em uso na escola para o desenvolvimento de atividades de ensino e aprendizagem - Materiais pedagógicos para a educação das relações étnico-raciais,"Em 2019:
Existe adicionalmente a categoria ""9 - Não informado"".",dicionário_dados_educação_básica_2022.xlsx
2022,Cadastro_Escolas,IN_MATERIAL_PED_CAMPO,Instrumentos e materiais socioculturais e/ou pedagógicos em uso na escola para o desenvolvimento de atividades de ensino e aprendizagem - Materiais pedagógicos para a educação do campo,"Em 2019:
Existe adicionalmente a categoria ""9 - Não informado"".",dicionário_dados_educação_básica_2022.xlsx
2022,Cadastro_Escolas,IN_MATERIAL_PED_NENHUM,Instrumentos e materiais socioculturais e/ou pedagógicos em uso na escola para o desenvolvimento de atividades de ensino e aprendizagem - Nenhum,,dicionário_dados_educação_básica_2022.xlsx
2022,Cadastro_Escolas,IN_MATERIAL_ESP_QUILOMBOLA,Materiais didáticos específicos para atendimento à diversidade sociocultural - Quilombolas,,dicionário_dados_educação_básica_2022.xlsx
2022,Cadastro_Escolas,IN_MATERIAL_ESP_INDIGENA,Materiais didáticos específicos para atendimento à diversidade sociocultural - Indígena,,dicionário_dados_educação_básica_2022.xlsx
2022,Cadastro_Escolas,IN_MATERIAL_ESP_NAO_UTILIZA,Materiais didáticos específicos para atendimento à diversidade sociocultural - Não utiliza,,dicionário_dados_educação_básica_2022.xlsx
2022,Cadastro_Escolas,IN_EDUCACAO_INDIGENA,Educação Escolar Indígena,,dicionário_dados_educação_básica_2022.xlsx
2022,Cadastro_Escolas,TP_INDIGENA_LINGUA,Educação Indígena - Língua em que o ensino é ministrado,,dicionário_dados_educação_básica_2022.xlsx
2022,Cadastro_Escolas,CO_LINGUA_INDIGENA_1,Educação Indígena - Língua em que o ensino é ministrado - Língua Indígena - Código da Língua Indígena 1,De 2007 a 2018: Apenas uma Língua Indígena,dicionário_dados_educação_básica_2022.xlsx
2022,Cadastro_Escolas,CO_LINGUA_INDIGENA_2,Educação Indígena - Língua em que o ensino é ministrado - Língua Indígena - Código da Língua Indígena 2,,dicionário_dados_educação_básica_2022.xlsx
2022,Cadastro_Escolas,CO_LINGUA_INDIGENA_3,Educação Indígena - Língua em que o ensino é ministrado - Língua Indígena - Código da Língua Indígena 3,,dicionário_dados_educação_básica_2022.xlsx
2022,Cadastro_Escolas,IN_BRASIL_ALFABETIZADO,Escola cede espaço para turmas do Programa Brasil Alfabetizado,,dicionário_dados_educação_básica_2022.xlsx
2022,Cadastro_Escolas,IN_FINAL_SEMANA,Escola abre aos finais de semana para a comunidade,,dicionário_dados_educação_básica_2022.xlsx
2022,Cadastro_Escolas,IN_EXAME_SELECAO,A escola faz exame de seleção para ingresso de seus alunos (avaliação por prova e/ou análise curricular),,dicionário_dados_educação_básica_2022.xlsx
2022,Cadastro_Escolas,IN_RESERVA_PPI,"Reserva de vagas por sistema de cotas para grupos específicos de alunos - Autodeclarado preto, pardo ou indígena (PPI)",,dicionário_dados_educação_básica_2022.xlsx
2022,Cadastro_Escolas,IN_RESERVA_RENDA,Reserva de vagas por sistema de cotas para grupos específicos de alunos - Condição de Renda,,dicionário_dados_educação_básica_2022.xlsx
2022,Cadastro_Escolas,IN_RESERVA_PUBLICA,Reserva de vagas por sistema de cotas para grupos específicos de alunos - Oriundo de escola pública,,dicionário_dados_educação_básica_2022.xlsx
2022,Cadastro_Escolas,IN_RESERVA_PCD,Reserva de vagas por sistema de cotas para grupos específicos de alunos - Pessoa com deficiência (PCD),,dicionário_dados_educação_básica_2022.xlsx
2022,Cadastro_Escolas,IN_RESERVA_OUTROS,Reserva de vagas por sistema de cotas para grupos específicos de alunos - Outros grupos,,dicionário_dados_educação_básica_2022.xlsx
2022,Cadastro_Escolas,IN_RESERVA_NENHUMA,Reserva de vagas por sistema de cotas para grupos específicos de alunos - Sem reservas de vagas para sistema de cotas (ampla concorrência),,dicionário_dados_educação_básica_2022.xlsx
2022,Cadastro_Escolas,IN_REDES_SOCIAIS,A escola possui site ou blog ou página em redes sociais para comunicação institucional,,dicionário_dados_educação_básica_2022.xlsx
2022,Cadastro_Escolas,IN_ESPACO_ATIVIDADE,A escola compartilha espaços para atividades de integração escola-comunidade,,dicionário_dados_educação_básica_2022.xlsx
2022,Cadastro_Escolas,IN_ESPACO_EQUIPAMENTO,A escola usa espaços e equipamentos do entorno escolar para atividades regulares com os alunos,,dicionário_dados_educação_básica_2022.xlsx
2022,Cadastro_Escolas,IN_ORGAO_ASS_PAIS,Órgãos colegiados em funcionamento na escola - Associação de Pais,"Em 2019:
Existe adicionalmente a categoria ""9 - Não informado"".",dicionário_dados_educação_básica_2022.xlsx
2022,Cadastro_Escolas,IN_ORGAO_ASS_PAIS_MESTRES,Órgãos colegiados em funcionamento na escola - Associação de Pais e Mestres,"Em 2019:
Existe adicionalmente a categoria ""9 - Não informado"".",dicionário_dados_educação_básica_2022.xlsx
2022,Cadastro_Escolas,IN_ORGAO_CONSELHO_ESCOLAR,Órgãos colegiados em funcionamento na escola - Conselho Escolar,"Em 2019:
Existe adicionalmente a categoria ""9 - Não informado"".",dicionário_dados_educação_básica_2022.xlsx
2022,Cadastro_Escolas,IN_ORGAO_GREMIO_ESTUDANTIL,Órgãos colegiados em funcionamento na escola - Grêmio Estudantil,"Em 2019:
Existe adicionalmente a categoria ""9 - Não informado"".",dicionário_dados_educação_básica_2022.xlsx
2022,Cadastro_Escolas,IN_ORGAO_OUTROS,Órgãos colegiados em funcionamento na escola - Outros,"Em 2019:
Existe adicionalmente a categoria ""9 - Não informado"".",dicionário_dados_educação_básica_2022.xlsx
2022,Cadastro_Escolas,IN_ORGAO_NENHUM,Órgãos colegiados em funcionamento na escola - Não há órgãos colegiados em funcionamento,"Em 2019:
Existe adicionalmente a categoria ""9 - Não informado"".",dicionário_dados_educação_básica_2022.xlsx
2022,Cadastro_Escolas,TP_PROPOSTA_PEDAGOGICA,O projeto político pedagógico ou a proposta pedagógica da escola (conforme art. 12 da LDB) foi atualizado nos últimos 12 meses até a data de referência,,dicionário_dados_educação_básica_2022.xlsx
2022,Cadastro_Escolas,TP_AEE,Atendimento Educacional Especializado (AEE),,dicionário_dados_educação_básica_2022.xlsx
2022,Cadastro_Escolas,TP_ATIVIDADE_COMPLEMENTAR,Atividade Complementar,,dicionário_dados_educação_básica_2022.xlsx
2022,Cadastro_Escolas,IN_ESCOLARIZACAO,"Escola possui uma ou mais matrículas de escolarização em alguma das seguintes etapas de ensino: Creche, Pré-Escola, Ensino Fundamental, Ensino Médio, Educação de Jovens e Adultos (EJA), Curso Técnico Concomitante, Curso Técnico Subsequente, Curso FIC Concomitante",,dicionário_dados_educação_básica_2022.xlsx
2022,Cadastro_Escolas,IN_MEDIACAO_PRESENCIAL,Mediação didático-pedagógica oferecida pela escola - Presencial,,dicionário_dados_educação_básica_2022.xlsx
2022,Cadastro_Escolas,IN_MEDIACAO_SEMIPRESENCIAL,Mediação didático-pedagógica oferecida pela escola - Semipresencial,,dicionário_dados_educação_básica_2022.xlsx
2022,Cadastro_Escolas,IN_MEDIACAO_EAD,Mediação didático-pedagógica oferecida pela escola - Educação a Distância - EAD,,dicionário_dados_educação_básica_2022.xlsx
2022,Cadastro_Escolas,IN_REGULAR,"Modo, maneira ou metodologia de ensino correspondente às turmas com etapas de escolarização consecutivas, Creche ao Ensino Médio",,dicionário_dados_educação_básica_2022.xlsx
2022,Cadastro_Escolas,IN_DIURNO,Turno - Diurno - Horário de início da turma de escolarização entre 05h e 16h,,dicionário_dados_educação_básica_2022.xlsx
2022,Cadastro_Escolas,IN_NOTURNO,Turno - Noturno - Horário de início da turma de escolarização entre 17h e 04h,,dicionário_dados_educação_básica_2022.xlsx
2022,Cadastro_Escolas,IN_EAD,Turno não aplicável para turmas semipresenciais ou de Educação a Distância (EAD),,dicionário_dados_educação_básica_2022.xlsx
2022,Cadastro_Escolas,IN_BAS,Educação Básica (Possui uma ou mais matrículas),,dicionário_dados_educação_básica_2022.xlsx
2022,Cadastro_Escolas,IN_INF,Etapa de Ensino - Educação Infantil (Possui uma ou mais matrículas),,dicionário_dados_educação_básica_2022.xlsx
2022,Cadastro_Escolas,IN_INF_CRE,Etapa de Ensino - Educação Infantil - Creche (Possui uma ou mais matrículas),,dicionário_dados_educação_básica_2022.xlsx
2022,Cadastro_Escolas,IN_INF_PRE,Etapa de Ensino - Educação Infantil - Pré-Escola (Possui uma ou mais matrículas),,dicionário_dados_educação_básica_2022.xlsx
2022,Cadastro_Escolas,IN_FUND,Etapa de Ensino - Ensino Fundamental (Possui uma ou mais matrículas),,dicionário_dados_educação_básica_2022.xlsx
2022,Cadastro_Escolas,IN_FUND_AI,Etapa de Ensino - Ensino Fundamental - Anos Iniciais (Possui uma ou mais matrículas),,dicionário_dados_educação_básica_2022.xlsx
2022,Cadastro_Escolas,IN_FUND_AF,Etapa de Ensino - Ensino Fundamental - Anos Finais (Possui uma ou mais matrículas),,dicionário_dados_educação_básica_2022.xlsx
2022,Cadastro_Escolas,IN_MED,Etapa de Ensino - Ensino Médio (Possui uma ou mais matrículas),,dicionário_dados_educação_básica_2022.xlsx
2022,Cadastro_Escolas,IN_PROF,Educação Profissional - Modo profissionalizante de ensino correspondente às turmas de cursos de formação inicial e continuada ou de qualificação profissional (Cursos FIC) articulados à EJA ou concomitantes; ou de cursos técnicos de nível médio nas formas articulada (integrada ou concomitante) ou subsequente ao ensino médio e de normal/magistério (Possui uma ou mais matrículas),,dicionário_dados_educação_básica_2022.xlsx
2022,Cadastro_Escolas,IN_PROF_TEC,"Educação Profissional Técnica - Modo profissionalizante de ensino correspondente às turmas de cursos técnicos de nível médio nas formas articulada (integrada ou concomitante), ou subsequente ao ensino médio e de normal/magistério (Possui uma ou mais matrículas)",,dicionário_dados_educação_básica_2022.xlsx
2022,Cadastro_Escolas,IN_EJA,"Educação de Jovens e Adultos (EJA) - Modo, maneira ou metodologia de ensino correspondente às turmas destinadas a pessoas que não cursaram o ensino fundamental e/ou médio em idade própria (Possui uma ou mais matrículas)",,dicionário_dados_educação_básica_2022.xlsx
2022,Cadastro_Escolas,IN_EJA_FUND,Educação de Jovens e Adultos (EJA) - Ensino Fundamental  (Possui uma ou mais matrículas),,dicionário_dados_educação_básica_2022.xlsx
2022,Cadastro_Escolas,IN_EJA_MED,Educação de Jovens e Adultos (EJA) - Ensino Médio (Possui uma ou mais matrículas),,dicionário_dados_educação_básica_2022.xlsx
2022,Cadastro_Escolas,IN_ESP,Educação Especial - Inclui a Educação Especial Inclusiva (em Classes Comuns) e a Educação Especial Exclusiva (Possui uma ou mais matrículas),,dicionário_dados_educação_básica_2022.xlsx
2022,Cadastro_Escolas,IN_ESP_CC,"Educação Especial Inclusiva (em Classes Comuns) - Escola possui um ou mais alunos com deficiência, transtorno global do desenvolvimento ou altas habilidades/superdotação estudando em classes comuns do Ensino Regular e/ou Educação de Jovens e Adultos (Possui uma ou mais matrículas)",,dicionário_dados_educação_básica_2022.xlsx
2022,Cadastro_Escolas,IN_ESP_CE,"Educação Especial Exclusiva - Escola exclusivamente especializada e/ou que possui classe especial exclusiva para o atendimento de alunos com deficiência, transtorno global do desenvolvimento ou altas habilidades/superdotação (Possui uma ou mais matrículas)",,dicionário_dados_educação_básica_2022.xlsx
2022,Cadastro_Escolas,QT_MAT_BAS,Número de Matrículas na Educação Básica,,dicionário_dados_educação_básica_2022.xlsx
2022,Cadastro_Escolas,QT_MAT_INF,Número de Matrículas na Educação Infantil,,dicionário_dados_educação_básica_2022.xlsx
2022,Cadastro_Escolas,QT_MAT_INF_CRE,Número de Matrículas na Educação Infantil - Creche,,dicionário_dados_educação_básica_2022.xlsx
2022,Cadastro_Escolas,QT_MAT_INF_PRE,Número de Matrículas na Educação Infantil - Pré-Escola,,dicionário_dados_educação_básica_2022.xlsx
2022,Cadastro_Escolas,QT_MAT_FUND,Número de Matrículas no Ensino Fundamental,,dicionário_dados_educação_básica_2022.xlsx
2022,Cadastro_Escolas,QT_MAT_FUND_AI,Número de Matrículas no Ensino Fundamental - Anos Iniciais,,dicionário_dados_educação_básica_2022.xlsx
2022,Cadastro_Escolas,QT_MAT_FUND_AF,Número de Matrículas no Ensino Fundamental - Anos Finais,,dicionário_dados_educação_básica_2022.xlsx
2022,Cadastro_Escolas,QT_MAT_MED,Número de Matrículas no Ensino Médio,,dicionário_dados_educação_básica_2022.xlsx
2022,Cadastro_Escolas,QT_MAT_PROF,Número de Matrículas na Educação Profissional,,dicionário_dados_educação_básica_2022.xlsx
2022,Cadastro_Escolas,QT_MAT_PROF_TEC,"Número de Matrículas na Educação Profissional Técnica - Modo profissionalizante de ensino correspondente às turmas de cursos técnicos de nível médio nas formas articuladas (integrada ou concomitante), ou subsequente ao ensino médio e de normal/magistério",,dicionário_dados_educação_básica_2022.xlsx
2022,Cadastro_Escolas,QT_MAT_EJA,Número de Matrículas na Educação de Jovens e Adultos (EJA),,dicionário_dados_educação_básica_2022.xlsx
2022,Cadastro_Escolas,QT_MAT_EJA_FUND,Número de Matrículas na Educação de Jovens e Adultos (EJA) - Ensino Fundamental,,dicionário_dados_educação_básica_2022.xlsx
2022,Cadastro_Escolas,QT_MAT_EJA_MED,Número de Matrículas na Educação de Jovens e Adultos (EJA) - Ensino Médio,,dicionário_dados_educação_básica_2022.xlsx
2022,Cadastro_Escolas,QT_MAT_ESP,Número de Matrículas na Educação Especial,,dicionário_dados_educação_básica_2022.xlsx
2022,Cadastro_Escolas,QT_MAT_ESP_CC,Número de Matrículas na Educação Especial Inclusiva,,dicionário_dados_educação_básica_2022.xlsx
2022,Cadastro_Escolas,QT_MAT_ESP_CE,Número de Matrículas na Educação Especial Exclusiva,,dicionário_dados_educação_básica_2022.xlsx
2022,Cadastro_Escolas,QT_MAT_BAS_FEM,Número de Matrículas na Educação Básica - Feminino,,dicionário_dados_educação_básica_2022.xlsx
2022,Cadastro_Escolas,QT_MAT_BAS_MASC,Número de Matrículas na Educação Básica - Masculino,,dicionário_dados_educação_básica_2022.xlsx
2022,Cadastro_Escolas,QT_MAT_BAS_ND,Número de Matrículas na Educação Básica - Cor/Raça Não Declarada,,dicionário_dados_educação_básica_2022.xlsx
2022,Cadastro_Escolas,QT_MAT_BAS_BRANCA,Número de Matrículas na Educação Básica - Cor/Raça Branca,,dicionário_dados_educação_básica_2022.xlsx
2022,Cadastro_Escolas,QT_MAT_BAS_PRETA,Número de Matrículas na Educação Básica - Cor/Raça Preta,,dicionário_dados_educação_básica_2022.xlsx
2022,Cadastro_Escolas,QT_MAT_BAS_PARDA,Número de Matrículas na Educação Básica - Cor/Raça Parda,,dicionário_dados_educação_básica_2022.xlsx
2022,Cadastro_Escolas,QT_MAT_BAS_AMARELA,Número de Matrículas na Educação Básica - Cor/Raça Amarela,,dicionário_dados_educação_básica_2022.xlsx
2022,Cadastro_Escolas,QT_MAT_BAS_INDIGENA,Número de Matrículas na Educação Básica - Cor/Raça Indígena,,dicionário_dados_educação_básica_2022.xlsx
2022,Cadastro_Escolas,QT_MAT_BAS_0_3,Número de Matrículas na Educação Básica - Até 3 anos de idade,,dicionário_dados_educação_básica_2022.xlsx
2022,Cadastro_Escolas,QT_MAT_BAS_4_5,Número de Matrículas na Educação Básica - Entre 4 e 5 anos de idade,,dicionário_dados_educação_básica_2022.xlsx
2022,Cadastro_Escolas,QT_MAT_BAS_6_10,Número de Matrículas na Educação Básica - Entre 6 e 10 anos de idade,,dicionário_dados_educação_básica_2022.xlsx
2022,Cadastro_Escolas,QT_MAT_BAS_11_14,Número de Matrículas na Educação Básica - Entre 11 e 14 anos de idade,,dicionário_dados_educação_básica_2022.xlsx
2022,Cadastro_Escolas,QT_MAT_BAS_15_17,Número de Matrículas na Educação Básica - Entre 15 e 17 anos de idade,,dicionário_dados_educação_básica_2022.xlsx
2022,Cadastro_Escolas,QT_MAT_BAS_18_MAIS,Número de Matrículas na Educação Básica - Com 18 ou mais anos de idade,,dicionário_dados_educação_básica_2022.xlsx
2022,Cadastro_Escolas,QT_MAT_BAS_D,Número de Matrículas na Educação Básica - Turno Diurno,,dicionário_dados_educação_básica_2022.xlsx
2022,Cadastro_Escolas,QT_MAT_BAS_N,Número de Matrículas na Educação Básica - Turno Noturno,,dicionário_dados_educação_básica_2022.xlsx
2022,Cadastro_Escolas,QT_MAT_BAS_EAD,Número de Matrículas na Educação Básica - Turmas semipresenciais ou de Educação a Distância (EAD),,dicionário_dados_educação_básica_2022.xlsx
2022,Cadastro_Escolas,QT_MAT_INF_INT,Número de Matrículas na Educação Infantil - Tempo Integral,,dicionário_dados_educação_básica_2022.xlsx
2022,Cadastro_Escolas,QT_MAT_INF_CRE_INT,Número de Matrículas na Educação Infantil - Creche - Tempo Integral,,dicionário_dados_educação_básica_2022.xlsx
2022,Cadastro_Escolas,QT_MAT_INF_PRE_INT,Número de Matrículas na Educação Infantil - Pré-Escola - Tempo Integral,,dicionário_dados_educação_básica_2022.xlsx
2022,Cadastro_Escolas,QT_MAT_FUND_INT,Número de Matrículas no Ensino Fundamental - Tempo Integral,,dicionário_dados_educação_básica_2022.xlsx
2022,Cadastro_Escolas,QT_MAT_FUND_AI_INT,Número de Matrículas no Ensino Fundamental - Anos Iniciais - Tempo Integral,,dicionário_dados_educação_básica_2022.xlsx
2022,Cadastro_Escolas,QT_MAT_FUND_AF_INT,Número de Matrículas no Ensino Fundamental - Anos Finais - Tempo Integral,,dicionário_dados_educação_básica_2022.xlsx
2022,Cadastro_Escolas,QT_MAT_MED_INT,Número de Matrículas no Ensino Médio - Tempo Integral,,dicionário_dados_educação_básica_2022.xlsx
2022,Cadastro_Escolas,QT_DOC_BAS,Número de Docentes da Educação Básica,,dicionário_dados_educação_básica_2022.xlsx
2022,Cadastro_Escolas,QT_DOC_INF,Número de Docentes da Educação Infantil,,dicionário_dados_educação_básica_2022.xlsx
2022,Cadastro_Escolas,QT_DOC_INF_CRE,Número de Docentes da Educação Infantil - Creche,,dicionário_dados_educação_básica_2022.xlsx
2022,Cadastro_Escolas,QT_DOC_INF_PRE,Número de Docentes da Educação Infantil - Pré-Escola,,dicionário_dados_educação_básica_2022.xlsx
2022,Cadastro_Escolas,QT_DOC_FUND,Número de Docentes do Ensino Fundamental,,dicionário_dados_educação_básica_2022.xlsx
2022,Cadastro_Escolas,QT_DOC_FUND_AI,Número de Docentes do Ensino Fundamental - Anos Iniciais,,dicionário_dados_educação_básica_2022.xlsx
2022,Cadastro_Escolas,QT_DOC_FUND_AF,Número de Docentes do Ensino Fundamental - Anos Finais,,dicionário_dados_educação_básica_2022.xlsx
2022,Cadastro_Escolas,QT_DOC_MED,Número de Docentes do Ensino Médio,,dicionário_dados_educação_básica_2022.xlsx
2022,Cadastro_Escolas,QT_DOC_PROF,Número de Docentes da Educação Profissional,,dicionário_dados_educação_básica_2022.xlsx
2022,Cadastro_Escolas,QT_DOC_PROF_TEC,Número de Docentes da Educação Profissional Técnica,,dicionário_dados_educação_básica_2022.xlsx
2022,Cadastro_Escolas,QT_DOC_EJA,Número de Docentes da Educação de Jovens e Adultos (EJA),,dicionário_dados_educação_básica_2022.xlsx
2022,Cadastro_Escolas,QT_DOC_EJA_FUND,Número de Docentes da Educação de Jovens e Adultos (EJA) - Ensino Fundamental,,dicionário_dados_educação_básica_2022.xlsx
2022,Cadastro_Escolas,QT_DOC_EJA_MED,Número de Docentes da Educação de Jovens e Adultos (EJA) - Ensino Médio,,dicionário_dados_educação_básica_2022.xlsx
2022,Cadastro_Escolas,QT_DOC_ESP,Número de Docentes da Educação Especial,,dicionário_dados_educação_básica_2022.xlsx
2022,Cadastro_Escolas,QT_DOC_ESP_CC,Número de Docentes da Educação Especial Inclusiva,,dicionário_dados_educação_básica_2022.xlsx
2022,Cadastro_Escolas,QT_DOC_ESP_CE,Número de Docentes da Educação Especial Exclusiva,,dicionário_dados_educação_básica_2022.xlsx
2022,Cadastro_Escolas,QT_TUR_BAS,Número de Turmas de Educação Básica,,dicionário_dados_educação_básica_2022.xlsx
2022,Cadastro_Escolas,QT_TUR_INF,Número de Turmas de Educação Infantil,,dicionário_dados_educação_básica_2022.xlsx
2022,Cadastro_Escolas,QT_TUR_INF_CRE,Número de Turmas de Educação Infantil - Creche,,dicionário_dados_educação_básica_2022.xlsx
2022,Cadastro_Escolas,QT_TUR_INF_PRE,Número de Turmas de Educação Infantil - Pré-Escola,,dicionário_dados_educação_básica_2022.xlsx
2022,Cadastro_Escolas,QT_TUR_FUND,Número de Turmas de Ensino Fundamental,,dicionário_dados_educação_básica_2022.xlsx
2022,Cadastro_Escolas,QT_TUR_FUND_AI,Número de Turmas de Ensino Fundamental - Anos Iniciais,,dicionário_dados_educação_básica_2022.xlsx
2022,Cadastro_Escolas,QT_TUR_FUND_AF,Número de Turmas de Ensino Fundamental - Anos Finais,,dicionário_dados_educação_básica_2022.xlsx
2022,Cadastro_Escolas,QT_TUR_MED,Número de Turmas de Ensino Médio,,dicionário_dados_educação_básica_2022.xlsx
2022,Cadastro_Escolas,QT_TUR_PROF,Número de Turmas de Educação Profissional,,dicionário_dados_educação_básica_2022.xlsx
2022,Cadastro_Escolas,QT_TUR_PROF_TEC,Número de Turmas de Educação Profissional Técnica,,dicionário_dados_educação_básica_2022.xlsx
2022,Cadastro_Escolas,QT_TUR_EJA,Número de Turmas de Educação de Jovens e Adultos (EJA),,dicionário_dados_educação_básica_2022.xlsx
2022,Cadastro_Escolas,QT_TUR_EJA_FUND,Número de Turmas de Educação de Jovens e Adultos (EJA) - Ensino Fundamental,,dicionário_dados_educação_básica_2022.xlsx
2022,Cadastro_Escolas,QT_TUR_EJA_MED,Número de Turmas de Educação de Jovens e Adultos (EJA) - Ensino Médio,,dicionário_dados_educação_básica_2022.xlsx
2022,Cadastro_Escolas,QT_TUR_ESP,Número de Turmas de Educação Especial,,dicionário_dados_educação_básica_2022.xlsx
2022,Cadastro_Escolas,QT_TUR_ESP_CC,Número de Turmas de Educação Especial Inclusiva,,dicionário_dados_educação_básica_2022.xlsx
2022,Cadastro_Escolas,QT_TUR_ESP_CE,Número de Turmas de Educação Especial Exclusiva,,dicionário_dados_educação_básica_2022.xlsx
2023,microdados_unidade_coleta,NU_ANO_CENSO,Ano do Censo,,dicionário_dados_educação_básica_2023.xlsx
2023,microdados_unidade_coleta,NO_REGIAO,Nome da Região Geográfica,,dicionário_dados_educação_básica_2023.xlsx
2023,microdados_unidade_coleta,CO_REGIAO,Código da Região Geográfica,,dicionário_dados_educação_básica_2023.xlsx
2023,microdados_unidade_coleta,NO_UF,Nome da Unidade da Federação,,dicionário_dados_educação_básica_2023.xlsx
2023,microdados_unidade_coleta,SG_UF,Sigla da Unidade da Federação,,dicionário_dados_educação_básica_2023.xlsx
2023,microdados_unidade_coleta,CO_UF,Código da Unidade da Federação,,dicionário_dados_educação_básica_2023.xlsx
2023,microdados_unidade_coleta,NO_MUNICIPIO,Nome do Município,,dicionário_dados_educação_básica_2023.xlsx
2023,microdados_unidade_coleta,CO_MUNICIPIO,Código do Município,,dicionário_dados_educação_básica_2023.xlsx
2023,microdados_unidade_coleta,NO_REGIAO_GEOG_INTERM,Nome da Região Geográfica Intermediária,"A Fundação Instituto Brasileiro de Geografia e Estatísticas (IBGE), propôs em 2017 uma nova divisão geográfica regional do Brasil que correspondem às antigas Mesorregiões e Microrregiões. Assim, a partir de 2019, as regiões geográficas regionais são classificadas em Regiões Geográficas Intermediárias e Regiões Imediatas. No Censo Escolar, para fins de comparação ao longo dos anos, foram mantidas as variáveis de Mesorregiões e Microrregiões.",dicionário_dados_educação_básica_2023.xlsx
2023,microdados_unidade_coleta,CO_REGIAO_GEOG_INTERM,Código da Região Geográfica Intermediária,,dicionário_dados_educação_básica_2023.xlsx
2023,microdados_unidade_coleta,NO_REGIAO_GEOG_IMED,Nome da Região Geográfica Imediata,,dicionário_dados_educação_básica_2023.xlsx
2023,microdados_unidade_coleta,CO_REGIAO_GEOG_IMED,Código da Região Geográfica Imediata,,dicionário_dados_educação_básica_2023.xlsx
2023,microdados_unidade_coleta,NO_MESORREGIAO,Nome da Mesorregião,,dicionário_dados_educação_básica_2023.xlsx
2023,microdados_unidade_coleta,CO_MESORREGIAO,Código da Mesorregião,,dicionário_dados_educação_básica_2023.xlsx
2023,microdados_unidade_coleta,NO_MICRORREGIAO,Nome da Microrregião,,dicionário_dados_educação_básica_2023.xlsx
2023,microdados_unidade_coleta,CO_MICRORREGIAO,Código da Microrregião,,dicionário_dados_educação_básica_2023.xlsx
2023,microdados_unidade_coleta,CO_DISTRITO,Código completo do Distrito da escola,,dicionário_dados_educação_básica_2023.xlsx
2023,microdados_unidade_coleta,NO_ENTIDADE,Nome da Escola,,dicionário_dados_educação_básica_2023.xlsx
2023,microdados_unidade_coleta,CO_ENTIDADE,Código da Escola,,dicionário_dados_educação_básica_2023.xlsx
2023,microdados_unidade_coleta,TP_DEPENDENCIA,Dependência Administrativa,,dicionário_dados_educação_básica_2023.xlsx
2023,microdados_unidade_coleta,TP_CATEGORIA_ESCOLA_PRIVADA,Categoria da escola privada,,dicionário_dados_educação_básica_2023.xlsx
2023,microdados_unidade_coleta,TP_LOCALIZACAO,Localização,,dicionário_dados_educação_básica_2023.xlsx
2023,microdados_unidade_coleta,TP_LOCALIZACAO_DIFERENCIADA,Localização diferenciada da escola,"De 2007 a 2011:  
0 - Não se aplica
1 - Área de assentamento
2 - Terra indígena
3 - Área remanescente de quilombos
De 2012 a 2018:  
0 - A escola não está em área de localização diferenciada
1 - Área de assentamento
2 - Terra indígena
3 - Área remanescente de quilombos
4 - Unidade de uso sustentável
5 - Unidade de uso sustentável em terra indígena
6 - Unidade de uso sustentável em área 
remanescente de quilombos",dicionário_dados_educação_básica_2023.xlsx
2023,microdados_unidade_coleta,DS_ENDERECO,Endereço,,dicionário_dados_educação_básica_2023.xlsx
2023,microdados_unidade_coleta,NU_ENDERECO,Número,,dicionário_dados_educação_básica_2023.xlsx
2023,microdados_unidade_coleta,DS_COMPLEMENTO,Complemento,,dicionário_dados_educação_básica_2023.xlsx
2023,microdados_unidade_coleta,NO_BAIRRO,Bairro,,dicionário_dados_educação_básica_2023.xlsx
2023,microdados_unidade_coleta,CO_CEP,CEP,,dicionário_dados_educação_básica_2023.xlsx
2023,microdados_unidade_coleta,NU_DDD,DDD,,dicionário_dados_educação_básica_2023.xlsx
2023,microdados_unidade_coleta,NU_TELEFONE,Telefone,,dicionário_dados_educação_básica_2023.xlsx
2023,microdados_unidade_coleta,TP_SITUACAO_FUNCIONAMENTO,Situação de funcionamento,,dicionário_dados_educação_básica_2023.xlsx
2023,microdados_unidade_coleta,CO_ORGAO_REGIONAL,Código do Órgão Regional de Ensino,,dicionário_dados_educação_básica_2023.xlsx
2023,microdados_unidade_coleta,DT_ANO_LETIVO_INICIO,Início do ano letivo,,dicionário_dados_educação_básica_2023.xlsx
2023,microdados_unidade_coleta,DT_ANO_LETIVO_TERMINO,Término (previsão) do ano letivo,,dicionário_dados_educação_básica_2023.xlsx
2023,microdados_unidade_coleta,IN_VINCULO_SECRETARIA_EDUCACAO,Órgão ao qual a escola pública está vinculada - Secretaria de Educação/Ministério da Educação,,dicionário_dados_educação_básica_2023.xlsx
2023,microdados_unidade_coleta,IN_VINCULO_SEGURANCA_PUBLICA,Órgão ao qual a escola pública está vinculada - Secretaria de Segurança Pública/Forças Armadas/Militar,,dicionário_dados_educação_básica_2023.xlsx
2023,microdados_unidade_coleta,IN_VINCULO_SECRETARIA_SAUDE,Órgão ao qual a escola pública está vinculada - Secretaria de Saúde/Ministério da Saúde,,dicionário_dados_educação_básica_2023.xlsx
2023,microdados_unidade_coleta,IN_VINCULO_OUTRO_ORGAO,Órgão ao qual a escola pública está vinculada - Outro órgão da administração pública,,dicionário_dados_educação_básica_2023.xlsx
2023,microdados_unidade_coleta,IN_PODER_PUBLICO_PARCERIA,"Parceria ou convênio com o poder público (parceria ou convênio firmado entre a Administração Pública e instituições privadas ou instituições públicas de ensino, autarquias e fundações da administração indireta e demais instituições de educação profissional técnica de nível médio dos serviços sociais autônomos que integram o sistema federal de ensino, para financiamento do atendimento educacional ou para a oferta do itinerário de formação técnica e profissional do ensino médio)","Entre 2007 e 2021:
A variável IN_CONVENIADA_PP foi renomeada para:
IN_PODER_PUBLICO_PARCERIA",dicionário_dados_educação_básica_2023.xlsx
2023,microdados_unidade_coleta,TP_PODER_PUBLICO_PARCERIA,Poder público responsável pela parceria ou convênio entre a Administração Pública e outras instituições,"Entre 2007 e 2021:
A variável TP_CONVENIO_PODER_PUBLICO foi renomeada para: TP_PODER_PUBLICO_PARCERIA",dicionário_dados_educação_básica_2023.xlsx
2023,microdados_unidade_coleta,IN_CONVENIADA_PP,Conveniada com o poder público,,dicionário_dados_educação_básica_2023.xlsx
2023,microdados_unidade_coleta,TP_CONVENIO_PODER_PUBLICO,Dependência do convênio com o poder público,,dicionário_dados_educação_básica_2023.xlsx
2023,microdados_unidade_coleta,IN_FORMA_CONT_TERMO_COLABORA,Forma de contratação entre a Administração Pública e outras instituições - Termo de colaboração (Lei nº 13.019/2014),,dicionário_dados_educação_básica_2023.xlsx
2023,microdados_unidade_coleta,IN_FORMA_CONT_TERMO_FOMENTO,Forma de contratação entre a Administração Pública e outras instituições - Termo de fomento (Lei nº 13.019/2014),,dicionário_dados_educação_básica_2023.xlsx
2023,microdados_unidade_coleta,IN_FORMA_CONT_ACORDO_COOP,Forma de contratação entre a Administração Pública e outras instituições - Acordo de cooperação (Lei nº 13.019/2014),,dicionário_dados_educação_básica_2023.xlsx
2023,microdados_unidade_coleta,IN_FORMA_CONT_PRESTACAO_SERV,Forma de contratação entre a Administração Pública e outras instituições - Contrato de prestação de serviço,,dicionário_dados_educação_básica_2023.xlsx
2023,microdados_unidade_coleta,IN_FORMA_CONT_COOP_TEC_FIN,Forma de contratação entre a Administração Pública e outras instituições - Termo de cooperação técnica e financeira,,dicionário_dados_educação_básica_2023.xlsx
2023,microdados_unidade_coleta,IN_FORMA_CONT_CONSORCIO_PUB,Forma de contratação entre a Administração Pública e outras instituições - Contrato de consórcio público/Convênio de cooperação,,dicionário_dados_educação_básica_2023.xlsx
2023,microdados_unidade_coleta,IN_FORMA_CONT_MU_TERMO_COLAB,Forma(s) de contratação da parceria ou convênio entre a escola e a Secretaria municipal de educação - Termo de colaboração (Lei nº 13.019/2014),,dicionário_dados_educação_básica_2023.xlsx
2023,microdados_unidade_coleta,IN_FORMA_CONT_MU_TERMO_FOMENTO,Forma(s) de contratação da parceria ou convênio entre a escola e a Secretaria municipal de educação - Termo de fomento (Lei nº 13.019/2014),,dicionário_dados_educação_básica_2023.xlsx
2023,microdados_unidade_coleta,IN_FORMA_CONT_MU_ACORDO_COOP,Forma(s) de contratação da parceria ou convênio entre a escola e a Secretaria municipal de educação - Acordo de cooperação (Lei nº 13.019/2014),,dicionário_dados_educação_básica_2023.xlsx
2023,microdados_unidade_coleta,IN_FORMA_CONT_MU_PREST_SERV,Forma(s) de contratação da parceria ou convênio entre a escola e a Secretaria municipal de educação - Contrato de prestação de serviço,,dicionário_dados_educação_básica_2023.xlsx
2023,microdados_unidade_coleta,IN_FORMA_CONT_MU_COOP_TEC_FIN,Forma(s) de contratação da parceria ou convênio entre a escola e a Secretaria municipal de educação - Termo de cooperação técnica e financeira,,dicionário_dados_educação_básica_2023.xlsx
2023,microdados_unidade_coleta,IN_FORMA_CONT_MU_CONSORCIO_PUB,"Forma(s) de contratação da parceria ou convênio entre a escola e a Secretaria municipal de educação - Contrato de consórcio público/Convênio de
cooperação",,dicionário_dados_educação_básica_2023.xlsx
2023,microdados_unidade_coleta,IN_FORMA_CONT_ES_TERMO_COLAB,Forma(s) de contratação da parceria ou convênio entre a escola e a Secretaria estadual de educação - Termo de colaboração (Lei nº 13.019/2014),,dicionário_dados_educação_básica_2023.xlsx
2023,microdados_unidade_coleta,IN_FORMA_CONT_ES_TERMO_FOMENTO,Forma(s) de contratação da parceria ou convênio entre a escola e a Secretaria estadual de educação - Termo de fomento (Lei nº 13.019/2014),,dicionário_dados_educação_básica_2023.xlsx
2023,microdados_unidade_coleta,IN_FORMA_CONT_ES_ACORDO_COOP,Forma(s) de contratação da parceria ou convênio entre a escola e a Secretaria estadual de educação - Acordo de cooperação (Lei nº 13.019/2014),,dicionário_dados_educação_básica_2023.xlsx
2023,microdados_unidade_coleta,IN_FORMA_CONT_ES_PREST_SERV,Forma(s) de contratação da parceria ou convênio entre a escola e a Secretaria estadual de educação - Contrato de prestação de serviço,,dicionário_dados_educação_básica_2023.xlsx
2023,microdados_unidade_coleta,IN_FORMA_CONT_ES_COOP_TEC_FIN,Forma(s) de contratação da parceria ou convênio entre a escola e a Secretaria estadual de educação - Termo de cooperação técnica e financeira,,dicionário_dados_educação_básica_2023.xlsx
2023,microdados_unidade_coleta,IN_FORMA_CONT_ES_CONSORCIO_PUB,"Forma(s) de contratação da parceria ou convênio entre a escola e a Secretaria estadual de educação - Contrato de consórcio público/Convênio de
cooperação",,dicionário_dados_educação_básica_2023.xlsx
2023,microdados_unidade_coleta,IN_TIPO_ATEND_ESCOLARIZACAO,Tipo de atendimento ofertado por meio da parceria ou convênio - Escolarização,,dicionário_dados_educação_básica_2023.xlsx
2023,microdados_unidade_coleta,IN_TIPO_ATEND_AC,Tipo de atendimento ofertado por meio da parceria ou convênio - Atividade Complementar,,dicionário_dados_educação_básica_2023.xlsx
2023,microdados_unidade_coleta,IN_TIPO_ATEND_AEE,Tipo de atendimento ofertado por meio da parceria ou convênio - Atendimento Educacional Especializado (AEE),,dicionário_dados_educação_básica_2023.xlsx
2023,microdados_unidade_coleta,IN_MANT_ESCOLA_PRIVADA_EMP,Mantenedora da escola privada - Empresa ou grupo empresarial do setor privado ou pessoa física,,dicionário_dados_educação_básica_2023.xlsx
2023,microdados_unidade_coleta,IN_MANT_ESCOLA_PRIVADA_ONG,Mantenedora da escola privada - Organização Não Governamental (ONG) - internacional ou nacional,,dicionário_dados_educação_básica_2023.xlsx
2023,microdados_unidade_coleta,IN_MANT_ESCOLA_PRIVADA_OSCIP,Mantenedora da escola privada - Organização da Sociedade Civil de Interesse Público (Oscip),,dicionário_dados_educação_básica_2023.xlsx
2023,microdados_unidade_coleta,IN_MANT_ESCOLA_PRIV_ONG_OSCIP,"Mantenedora da escola privada - Organização Não Governamental (ONG) - internacional ou nacional.
Organização da Sociedade Civil de Interesse Público (Oscip)","A partir de 2019:
Variável derivada juntando IN_MANT_ESCOLA_PRIVADA_ONG e IN_MANT_ESCOLA_PRIVADA_OSCIP",dicionário_dados_educação_básica_2023.xlsx
2023,microdados_unidade_coleta,IN_MANT_ESCOLA_PRIVADA_SIND,"Mantenedora da escola privada - Sindicatos de trabalhadores ou patronais, associações e cooperativas",,dicionário_dados_educação_básica_2023.xlsx
2023,microdados_unidade_coleta,IN_MANT_ESCOLA_PRIVADA_SIST_S,"Mantenedora da escola privada - Sistema S (Sesi, Senai, Sesc, outros)",,dicionário_dados_educação_básica_2023.xlsx
2023,microdados_unidade_coleta,IN_MANT_ESCOLA_PRIVADA_S_FINS,Mantenedora da escola privada - Instituições sem fins lucrativos,,dicionário_dados_educação_básica_2023.xlsx
2023,microdados_unidade_coleta,NU_CNPJ_ESCOLA_PRIVADA,Número do CNPJ da escola privada,,dicionário_dados_educação_básica_2023.xlsx
2023,microdados_unidade_coleta,NU_CNPJ_MANTENEDORA,Número do CNPJ da mantenedora principal da escola privada,,dicionário_dados_educação_básica_2023.xlsx
2023,microdados_unidade_coleta,TP_REGULAMENTACAO,"Regulamentação/Autorização no conselho ou órgão municipal, estadual ou federal de educação",,dicionário_dados_educação_básica_2023.xlsx
2023,microdados_unidade_coleta,TP_RESPONSAVEL_REGULAMENTACAO,Esfera administrativa do conselho ou órgão responsável pela Regulamentação/Autorização,,dicionário_dados_educação_básica_2023.xlsx
2023,microdados_unidade_coleta,CO_ESCOLA_SEDE_VINCULADA,Código da escola sede,,dicionário_dados_educação_básica_2023.xlsx
2023,microdados_unidade_coleta,CO_IES_OFERTANTE,Código da IES vinculada à escola,,dicionário_dados_educação_básica_2023.xlsx
2023,microdados_unidade_coleta,IN_LOCAL_FUNC_PREDIO_ESCOLAR,Local de funcionamento da escola - Prédio Escolar,,dicionário_dados_educação_básica_2023.xlsx
2023,microdados_unidade_coleta,TP_OCUPACAO_PREDIO_ESCOLAR,Forma de ocupação do Prédio escolar,,dicionário_dados_educação_básica_2023.xlsx
2023,microdados_unidade_coleta,IN_LOCAL_FUNC_SALAS_EMPRESA,Local de funcionamento da escola - Salas de empresa,,dicionário_dados_educação_básica_2023.xlsx
2023,microdados_unidade_coleta,IN_LOCAL_FUNC_SOCIOEDUCATIVO,Local de funcionamento da escola - Unidade de Atendimento socioeducativo,,dicionário_dados_educação_básica_2023.xlsx
2023,microdados_unidade_coleta,IN_LOCAL_FUNC_UNID_PRISIONAL,Local de funcionamento da escola - Unidade Prisional,,dicionário_dados_educação_básica_2023.xlsx
2023,microdados_unidade_coleta,IN_LOCAL_FUNC_PRISIONAL_SOCIO,Local de funcionamento da escola - Unidade Prisional ou Unidade de atendimento socioeducativo,,dicionário_dados_educação_básica_2023.xlsx
2023,microdados_unidade_coleta,IN_LOCAL_FUNC_TEMPLO_IGREJA,Local de funcionamento da escola - Templo/Igreja,,dicionário_dados_educação_básica_2023.xlsx
2023,microdados_unidade_coleta,IN_LOCAL_FUNC_CASA_PROFESSOR,Local de funcionamento da escola - Casa do professor,,dicionário_dados_educação_básica_2023.xlsx
2023,microdados_unidade_coleta,IN_LOCAL_FUNC_GALPAO,Local de funcionamento da escola - Galpão/Rancho/Paiol/Barracão,,dicionário_dados_educação_básica_2023.xlsx
2023,microdados_unidade_coleta,TP_OCUPACAO_GALPAO,Forma de ocupação do Galpão/Rancho/Paiol/Barracão,,dicionário_dados_educação_básica_2023.xlsx
2023,microdados_unidade_coleta,IN_LOCAL_FUNC_SALAS_OUTRA_ESC,Local de funcionamento da escola - Salas em outra escola,,dicionário_dados_educação_básica_2023.xlsx
2023,microdados_unidade_coleta,IN_LOCAL_FUNC_OUTROS,Local de funcionamento da escola - Outros,,dicionário_dados_educação_básica_2023.xlsx
2023,microdados_unidade_coleta,IN_PREDIO_COMPARTILHADO,Prédio compartilhado com outra escola,,dicionário_dados_educação_básica_2023.xlsx
2023,microdados_unidade_coleta,IN_AGUA_FILTRADA,Água consumida pelos alunos,,dicionário_dados_educação_básica_2023.xlsx
2023,microdados_unidade_coleta,IN_AGUA_POTAVEL,Fornece água potável para o consumo humano,,dicionário_dados_educação_básica_2023.xlsx
2023,microdados_unidade_coleta,IN_AGUA_REDE_PUBLICA,Abastecimento de água - Rede pública,,dicionário_dados_educação_básica_2023.xlsx
2023,microdados_unidade_coleta,IN_AGUA_POCO_ARTESIANO,Abastecimento de água - Poço artesiano,,dicionário_dados_educação_básica_2023.xlsx
2023,microdados_unidade_coleta,IN_AGUA_CACIMBA,Abastecimento de água - Cacimba/Cisterna/Poço,,dicionário_dados_educação_básica_2023.xlsx
2023,microdados_unidade_coleta,IN_AGUA_FONTE_RIO,Abastecimento de água - Fonte/Rio/Igarapé/Riacho/Córrego,,dicionário_dados_educação_básica_2023.xlsx
2023,microdados_unidade_coleta,IN_AGUA_INEXISTENTE,Abastecimento de água - Não há abastecimento de água,,dicionário_dados_educação_básica_2023.xlsx
2023,microdados_unidade_coleta,IN_ENERGIA_REDE_PUBLICA,Abastecimento de energia elétrica - Rede pública,,dicionário_dados_educação_básica_2023.xlsx
2023,microdados_unidade_coleta,IN_ENERGIA_GERADOR,Abastecimento de energia elétrica - Gerador,,dicionário_dados_educação_básica_2023.xlsx
2023,microdados_unidade_coleta,IN_ENERGIA_GERADOR_FOSSIL,Abastecimento de energia elétrica - Gerador movido a combustível fóssil,,dicionário_dados_educação_básica_2023.xlsx
2023,microdados_unidade_coleta,IN_ENERGIA_OUTROS,Abastecimento de energia elétrica - Outros (Energia alternativa),,dicionário_dados_educação_básica_2023.xlsx
2023,microdados_unidade_coleta,IN_ENERGIA_RENOVAVEL,"Abastecimento de energia elétrica - Fontes de energia renováveis ou alternativas (gerador a biocombustível e/ou biodigestores, eólica, solar, outras)",,dicionário_dados_educação_básica_2023.xlsx
2023,microdados_unidade_coleta,IN_ENERGIA_INEXISTENTE,Abastecimento de energia elétrica - Não há energia elétrica,,dicionário_dados_educação_básica_2023.xlsx
2023,microdados_unidade_coleta,IN_ESGOTO_REDE_PUBLICA,Esgoto sanitário - Rede pública,,dicionário_dados_educação_básica_2023.xlsx
2023,microdados_unidade_coleta,IN_ESGOTO_FOSSA_SEPTICA,Esgoto sanitário - Fossa Séptica,,dicionário_dados_educação_básica_2023.xlsx
2023,microdados_unidade_coleta,IN_ESGOTO_FOSSA_COMUM,Esgoto sanitário - Fossa rudimentar/comum,,dicionário_dados_educação_básica_2023.xlsx
2023,microdados_unidade_coleta,IN_ESGOTO_FOSSA,Esgoto sanitário - Fossa,"A partir de 2019:
Variável derivada juntando IN_ESGOTO_FOSSA_SEPTICA e IN_ESGOTO_FOSSA_COMUM",dicionário_dados_educação_básica_2023.xlsx
2023,microdados_unidade_coleta,IN_ESGOTO_INEXISTENTE,Esgoto sanitário - Não há esgotamento sanitário,,dicionário_dados_educação_básica_2023.xlsx
2023,microdados_unidade_coleta,IN_LIXO_SERVICO_COLETA,Destinação do lixo - Serviço de coleta,,dicionário_dados_educação_básica_2023.xlsx
2023,microdados_unidade_coleta,IN_LIXO_QUEIMA,Destinação do lixo - Queima,,dicionário_dados_educação_básica_2023.xlsx
2023,microdados_unidade_coleta,IN_LIXO_ENTERRA,Destinação do lixo - Enterra,,dicionário_dados_educação_básica_2023.xlsx
2023,microdados_unidade_coleta,IN_LIXO_DESTINO_FINAL_PUBLICO,Destinação do lixo - Leva a uma destinação final financiada pelo poder público,,dicionário_dados_educação_básica_2023.xlsx
2023,microdados_unidade_coleta,IN_LIXO_DESCARTA_OUTRA_AREA,Destinação do lixo - Descarta em outra área,,dicionário_dados_educação_básica_2023.xlsx
2023,microdados_unidade_coleta,IN_LIXO_JOGA_OUTRA_AREA,Destinação do lixo - Joga em outra área,,dicionário_dados_educação_básica_2023.xlsx
2023,microdados_unidade_coleta,IN_LIXO_OUTROS,Destinação do lixo - Outros,,dicionário_dados_educação_básica_2023.xlsx
2023,microdados_unidade_coleta,IN_LIXO_RECICLA,Tratamento do lixo/resíduos que a escola realiza - Reciclagem,,dicionário_dados_educação_básica_2023.xlsx
2023,microdados_unidade_coleta,IN_TRATAMENTO_LIXO_SEPARACAO,Tratamento do lixo/resíduos que a escola realiza - Separação do lixo/resíduos,,dicionário_dados_educação_básica_2023.xlsx
2023,microdados_unidade_coleta,IN_TRATAMENTO_LIXO_REUTILIZA,Tratamento do lixo/resíduos que a escola realiza - Reaproveitamento/reutilização,,dicionário_dados_educação_básica_2023.xlsx
2023,microdados_unidade_coleta,IN_TRATAMENTO_LIXO_RECICLAGEM,Tratamento do lixo/resíduos que a escola realiza - Reciclagem,,dicionário_dados_educação_básica_2023.xlsx
2023,microdados_unidade_coleta,IN_TRATAMENTO_LIXO_INEXISTENTE,Tratamento do lixo/resíduos que a escola realiza - Não faz tratamento,,dicionário_dados_educação_básica_2023.xlsx
2023,microdados_unidade_coleta,IN_ALMOXARIFADO,Dependências físicas existentes e utilizadas na escola - Almoxarifado,,dicionário_dados_educação_básica_2023.xlsx
2023,microdados_unidade_coleta,IN_AREA_VERDE,Dependências físicas existentes e utilizadas na escola - Área Verde,,dicionário_dados_educação_básica_2023.xlsx
2023,microdados_unidade_coleta,IN_AUDITORIO,Dependências físicas existentes e utilizadas na escola - Auditório,,dicionário_dados_educação_básica_2023.xlsx
2023,microdados_unidade_coleta,IN_BANHEIRO_FORA_PREDIO,Dependências físicas existentes e utilizadas na escola - Banheiro fora do prédio,,dicionário_dados_educação_básica_2023.xlsx
2023,microdados_unidade_coleta,IN_BANHEIRO_DENTRO_PREDIO,Dependências físicas existentes e utilizadas na escola - Banheiro dentro do prédio,,dicionário_dados_educação_básica_2023.xlsx
2023,microdados_unidade_coleta,IN_BANHEIRO,Dependências físicas existentes e utilizadas na escola - Banheiro,,dicionário_dados_educação_básica_2023.xlsx
2023,microdados_unidade_coleta,IN_BANHEIRO_EI,Dependências físicas existentes e utilizadas na escola - Banheiro adequado à educação infantil,,dicionário_dados_educação_básica_2023.xlsx
2023,microdados_unidade_coleta,IN_BANHEIRO_PNE,"Dependências físicas existentes e utilizadas na escola - Banheiro acessível, adequado ao uso de pessoas com deficiência ou mobilidade reduzida",,dicionário_dados_educação_básica_2023.xlsx
2023,microdados_unidade_coleta,IN_BANHEIRO_FUNCIONARIOS,Dependências físicas existentes e utilizadas na escola - Banheiro exclusivo para os funcionários,,dicionário_dados_educação_básica_2023.xlsx
2023,microdados_unidade_coleta,IN_BANHEIRO_CHUVEIRO,Dependências físicas existentes e utilizadas na escola - Banheiro ou vestiário com chuveiro,"De 2012 a 2018: ""Banheiro com chuveiro""
A partir de 2019: ""Banheiro ou vestiário com chuveiro""",dicionário_dados_educação_básica_2023.xlsx
2023,microdados_unidade_coleta,IN_BERCARIO,Dependências físicas existentes e utilizadas na escola - Berçário,,dicionário_dados_educação_básica_2023.xlsx
2023,microdados_unidade_coleta,IN_BIBLIOTECA,Dependências físicas existentes e utilizadas na escola - Biblioteca,,dicionário_dados_educação_básica_2023.xlsx
2023,microdados_unidade_coleta,IN_BIBLIOTECA_SALA_LEITURA,Dependências físicas existentes e utilizadas na escola - Biblioteca e/ou Sala de leitura,,dicionário_dados_educação_básica_2023.xlsx
2023,microdados_unidade_coleta,IN_COZINHA,Dependências físicas existentes e utilizadas na escola - Cozinha,,dicionário_dados_educação_básica_2023.xlsx
2023,microdados_unidade_coleta,IN_DESPENSA,Dependências físicas existentes e utilizadas na escola - Despensa,,dicionário_dados_educação_básica_2023.xlsx
2023,microdados_unidade_coleta,IN_DORMITORIO_ALUNO,Dependências físicas existentes e utilizadas na escola - Dormitório de aluno(a),"De 2012 a 2018: ""Alojamento de aluno""
A partir de 2019: ""Dormitório de aluno(a)",dicionário_dados_educação_básica_2023.xlsx
2023,microdados_unidade_coleta,IN_DORMITORIO_PROFESSOR,Dependências físicas existentes e utilizadas na escola - Dormitório de professor(a),"De 2012 a 2018: ""Alojamento de professor""
A partir de 2019: ""Dormitório de professor(a)""",dicionário_dados_educação_básica_2023.xlsx
2023,microdados_unidade_coleta,IN_LABORATORIO_CIENCIAS,Dependências físicas existentes e utilizadas na escola - Laboratório de ciências,,dicionário_dados_educação_básica_2023.xlsx
2023,microdados_unidade_coleta,IN_LABORATORIO_INFORMATICA,Dependências físicas existentes e utilizadas na escola - Laboratório de informática,,dicionário_dados_educação_básica_2023.xlsx
2023,microdados_unidade_coleta,IN_LABORATORIO_EDUC_PROF,Dependências físicas existentes e utilizadas na escola - Laboratório específico para a Educação Profissional,,dicionário_dados_educação_básica_2023.xlsx
2023,microdados_unidade_coleta,IN_PATIO_COBERTO,Dependências físicas existentes e utilizadas na escola - Pátio coberto,,dicionário_dados_educação_básica_2023.xlsx
2023,microdados_unidade_coleta,IN_PATIO_DESCOBERTO,Dependências físicas existentes e utilizadas na escola - Pátio descoberto,,dicionário_dados_educação_básica_2023.xlsx
2023,microdados_unidade_coleta,IN_PARQUE_INFANTIL,Dependências físicas existentes e utilizadas na escola - Parque infantil,,dicionário_dados_educação_básica_2023.xlsx
2023,microdados_unidade_coleta,IN_PISCINA,Dependências físicas existentes e utilizadas na escola - Piscina,,dicionário_dados_educação_básica_2023.xlsx
2023,microdados_unidade_coleta,IN_QUADRA_ESPORTES,Dependências físicas existentes e utilizadas na escola - Quadra de esportes coberta ou descoberta,,dicionário_dados_educação_básica_2023.xlsx
2023,microdados_unidade_coleta,IN_QUADRA_ESPORTES_COBERTA,Dependências físicas existentes e utilizadas na escola - Quadra de esportes coberta,,dicionário_dados_educação_básica_2023.xlsx
2023,microdados_unidade_coleta,IN_QUADRA_ESPORTES_DESCOBERTA,Dependências físicas existentes e utilizadas na escola - Quadra de esportes descoberta,,dicionário_dados_educação_básica_2023.xlsx
2023,microdados_unidade_coleta,IN_REFEITORIO,Dependências físicas existentes e utilizadas na escola - Refeitório,,dicionário_dados_educação_básica_2023.xlsx
2023,microdados_unidade_coleta,IN_SALA_ATELIE_ARTES,Dependências físicas existentes e utilizadas na escola - Sala/ateliê de artes,,dicionário_dados_educação_básica_2023.xlsx
2023,microdados_unidade_coleta,IN_SALA_MUSICA_CORAL,Dependências físicas existentes e utilizadas na escola -  Sala de música/coral,,dicionário_dados_educação_básica_2023.xlsx
2023,microdados_unidade_coleta,IN_SALA_ESTUDIO_DANCA,Dependências físicas existentes e utilizadas na escola - Sala/estúdio de dança,,dicionário_dados_educação_básica_2023.xlsx
2023,microdados_unidade_coleta,IN_SALA_MULTIUSO,"Dependências físicas existentes e utilizadas na escola - Sala multiuso (música, dança e artes)",,dicionário_dados_educação_básica_2023.xlsx
2023,microdados_unidade_coleta,IN_SALA_ESTUDIO_GRAVACAO,Dependências físicas existentes e utilizadas na escola - Estúdio de gravação e edição,,dicionário_dados_educação_básica_2023.xlsx
2023,microdados_unidade_coleta,IN_SALA_OFICINAS_EDUC_PROF,Dependências físicas existentes e utilizadas na escola - Salas de oficinas da Educação Profissional,,dicionário_dados_educação_básica_2023.xlsx
2023,microdados_unidade_coleta,IN_SALA_DIRETORIA,Dependências físicas existentes e utilizadas na escola - Sala de Diretoria,,dicionário_dados_educação_básica_2023.xlsx
2023,microdados_unidade_coleta,IN_SALA_LEITURA,Dependências físicas existentes e utilizadas na escola - Sala de leitura,,dicionário_dados_educação_básica_2023.xlsx
2023,microdados_unidade_coleta,IN_SALA_PROFESSOR,Dependências físicas existentes e utilizadas na escola - Sala de professores,,dicionário_dados_educação_básica_2023.xlsx
2023,microdados_unidade_coleta,IN_SALA_REPOUSO_ALUNO,Dependências físicas existentes e utilizadas na escola - Sala de repouso para aluno(a),,dicionário_dados_educação_básica_2023.xlsx
2023,microdados_unidade_coleta,IN_SECRETARIA,Dependências físicas existentes e utilizadas na escola - Sala de Secretaria,,dicionário_dados_educação_básica_2023.xlsx
2023,microdados_unidade_coleta,IN_SALA_ATENDIMENTO_ESPECIAL,Dependências físicas existentes e utilizadas na escola - Sala de Recursos Multifuncionais para Atendimento Educacional Especializado (AEE),,dicionário_dados_educação_básica_2023.xlsx
2023,microdados_unidade_coleta,IN_TERREIRAO,"Dependências físicas existentes e utilizadas na escola - Terreirão (área para prática desportiva e recreação sem cobertura, sem piso e sem edificações)",,dicionário_dados_educação_básica_2023.xlsx
2023,microdados_unidade_coleta,IN_VIVEIRO,Dependências físicas existentes e utilizadas na escola -  Viveiro/criação de animais,,dicionário_dados_educação_básica_2023.xlsx
2023,microdados_unidade_coleta,IN_DEPENDENCIAS_PNE,Dependências físicas existentes e utilizadas na escola - Dependências e vias adequadas a alunos com deficiência ou mobilidade reduzida,,dicionário_dados_educação_básica_2023.xlsx
2023,microdados_unidade_coleta,IN_LAVANDERIA,Dependências físicas existentes e utilizadas na escola - Lavanderia,,dicionário_dados_educação_básica_2023.xlsx
2023,microdados_unidade_coleta,IN_DEPENDENCIAS_OUTRAS,Dependências existentes na escola - Nenhuma das dependências relacionadas,,dicionário_dados_educação_básica_2023.xlsx
2023,microdados_unidade_coleta,IN_ACESSIBILIDADE_CORRIMAO,Recursos de acessibilidade para pessoas com deficiência ou mobilidade reduzida nas vias de circulação interna na escola - Corrimão e guarda corpos,,dicionário_dados_educação_básica_2023.xlsx
2023,microdados_unidade_coleta,IN_ACESSIBILIDADE_ELEVADOR,Recursos de acessibilidade para pessoas com deficiência ou mobilidade reduzida nas vias de circulação interna na escola - Elevador,,dicionário_dados_educação_básica_2023.xlsx
2023,microdados_unidade_coleta,IN_ACESSIBILIDADE_PISOS_TATEIS,Recursos de acessibilidade para pessoas com deficiência ou mobilidade reduzida nas vias de circulação interna na escola - Pisos táteis,,dicionário_dados_educação_básica_2023.xlsx
2023,microdados_unidade_coleta,IN_ACESSIBILIDADE_VAO_LIVRE,"Recursos de acessibilidade para pessoas com deficiência ou mobilidade reduzida nas vias de circulação interna na escola - Portas com vão livre de, no mínimo, 80 cm",,dicionário_dados_educação_básica_2023.xlsx
2023,microdados_unidade_coleta,IN_ACESSIBILIDADE_RAMPAS,Recursos de acessibilidade para pessoas com deficiência ou mobilidade reduzida nas vias de circulação interna na escola - Rampas,,dicionário_dados_educação_básica_2023.xlsx
2023,microdados_unidade_coleta,IN_ACESSIBILIDADE_SINAL_SONORO,Recursos de acessibilidade para pessoas com deficiência ou mobilidade reduzida nas vias de circulação interna na escola - Sinalização sonora,,dicionário_dados_educação_básica_2023.xlsx
2023,microdados_unidade_coleta,IN_ACESSIBILIDADE_SINAL_TATIL,Recursos de acessibilidade para pessoas com deficiência ou mobilidade reduzida nas vias de circulação interna na escola - Sinalização tátil (piso/paredes),,dicionário_dados_educação_básica_2023.xlsx
2023,microdados_unidade_coleta,IN_ACESSIBILIDADE_SINAL_VISUAL,Recursos de acessibilidade para pessoas com deficiência ou mobilidade reduzida nas vias de circulação interna na escola - Sinalização visual (piso/paredes),,dicionário_dados_educação_básica_2023.xlsx
2023,microdados_unidade_coleta,IN_ACESSIBILIDADE_INEXISTENTE,Recursos de acessibilidade para pessoas com deficiência ou mobilidade reduzida nas vias de circulação interna na escola - Nenhum dos recursos de acessibilidade listados,,dicionário_dados_educação_básica_2023.xlsx
2023,microdados_unidade_coleta,QT_SALAS_EXISTENTES,Número de salas de aula existentes na escola,,dicionário_dados_educação_básica_2023.xlsx
2023,microdados_unidade_coleta,QT_SALAS_UTILIZADAS_DENTRO,Número de salas de aula utilizadas na escola - Dentro do prédio,,dicionário_dados_educação_básica_2023.xlsx
2023,microdados_unidade_coleta,QT_SALAS_UTILIZADAS_FORA,Número de salas de aula utilizadas na escola - Fora do prédio,,dicionário_dados_educação_básica_2023.xlsx
2023,microdados_unidade_coleta,QT_SALAS_UTILIZADAS,Número de salas de aula utilizadas na escola (dentro e fora do prédio),"A partir de 2019:
Variável derivada juntando QT_SALAS_UTILIZADAS_DENTRO e QT_SALAS_UTILIZADAS_FORA",dicionário_dados_educação_básica_2023.xlsx
2023,microdados_unidade_coleta,QT_SALAS_UTILIZA_CLIMATIZADAS,Condições das salas de aula utilizadas na escola (dentro e fora do prédio escolar) - Número de salas de aula climatizadas,,dicionário_dados_educação_básica_2023.xlsx
2023,microdados_unidade_coleta,QT_SALAS_UTILIZADAS_ACESSIVEIS,Condições das salas de aula utilizadas na escola (dentro e fora do prédio escolar) - Número de salas de aula com acessibilidade para pessoas com deficiência ou mobilidade reduzida,,dicionário_dados_educação_básica_2023.xlsx
2023,microdados_unidade_coleta,IN_EQUIP_PARABOLICA,Equipamentos existentes na escola para uso técnico e administrativo - Antena parabólica,,dicionário_dados_educação_básica_2023.xlsx
2023,microdados_unidade_coleta,IN_COMPUTADOR,Equipamentos existentes na escola para uso técnico e administrativo - Computador,,dicionário_dados_educação_básica_2023.xlsx
2023,microdados_unidade_coleta,IN_EQUIP_COPIADORA,Equipamentos existentes na escola para uso técnico e administrativo - Copiadora,,dicionário_dados_educação_básica_2023.xlsx
2023,microdados_unidade_coleta,IN_EQUIP_IMPRESSORA,Equipamentos existentes na escola para uso técnico e administrativo - Impressora,,dicionário_dados_educação_básica_2023.xlsx
2023,microdados_unidade_coleta,IN_EQUIP_IMPRESSORA_MULT,Equipamentos existentes na escola para uso técnico e administrativo - Impressora Multifuncional,,dicionário_dados_educação_básica_2023.xlsx
2023,microdados_unidade_coleta,IN_EQUIP_SCANNER,Equipamentos existentes na escola para uso técnico e administrativo - Scanner,,dicionário_dados_educação_básica_2023.xlsx
2023,microdados_unidade_coleta,IN_EQUIP_NENHUM,"Nenhum dos equipamentos listados para uso técnico e administrativo - Antena parabólica, Computador, Copiadora, Impressora, Impressora Multifuncional ou Scanner",,dicionário_dados_educação_básica_2023.xlsx
2023,microdados_unidade_coleta,IN_EQUIP_DVD,Equipamentos existentes na escola para o processo ensino e aprendizagem - DVD/Blu-ray,,dicionário_dados_educação_básica_2023.xlsx
2023,microdados_unidade_coleta,QT_EQUIP_DVD,Quantidade de Aparelhos de DVD/Blu-ray,"Em 2019:
primeiro ano em que foi aplicado tratamento de valores extremos, que são marcados com o código 88888.",dicionário_dados_educação_básica_2023.xlsx
2023,microdados_unidade_coleta,IN_EQUIP_SOM,Equipamentos existentes na escola para o processo ensino e aprendizagem - Aparelho de som,,dicionário_dados_educação_básica_2023.xlsx
2023,microdados_unidade_coleta,QT_EQUIP_SOM,Quantidade de Aparelhos de som,"Em 2019:
primeiro ano em que foi aplicado tratamento de valores extremos, que são marcados com o código 88888.",dicionário_dados_educação_básica_2023.xlsx
2023,microdados_unidade_coleta,IN_EQUIP_TV,Equipamentos existentes na escola para o processo ensino e aprendizagem - Aparelho de televisão,,dicionário_dados_educação_básica_2023.xlsx
2023,microdados_unidade_coleta,QT_EQUIP_TV,Quantidade de Aparelhos de televisão,"Em 2019:
primeiro ano em que foi aplicado tratamento de valores extremos, que são marcados com o código 88888.",dicionário_dados_educação_básica_2023.xlsx
2023,microdados_unidade_coleta,IN_EQUIP_LOUSA_DIGITAL,Equipamentos existentes na escola para o processo ensino e aprendizagem - Lousa digital,,dicionário_dados_educação_básica_2023.xlsx
2023,microdados_unidade_coleta,QT_EQUIP_LOUSA_DIGITAL,Quantidade de Lousas digitais,"Em 2019:
primeiro ano em que foi aplicado tratamento de valores extremos, que são marcados com o código 88888.",dicionário_dados_educação_básica_2023.xlsx
2023,microdados_unidade_coleta,IN_EQUIP_MULTIMIDIA,Equipamentos existentes na escola para o processo ensino e aprendizagem - Projetor Multimídia (Datashow),,dicionário_dados_educação_básica_2023.xlsx
2023,microdados_unidade_coleta,QT_EQUIP_MULTIMIDIA,Quantidade de Projetores Multimídia (Datashow),"Em 2019:
primeiro ano em que foi aplicado tratamento de valores extremos, que são marcados com o código 88888.",dicionário_dados_educação_básica_2023.xlsx
2023,microdados_unidade_coleta,IN_EQUIP_VIDEOCASSETE,Equipamentos existentes na escola - Videocassete,,dicionário_dados_educação_básica_2023.xlsx
2023,microdados_unidade_coleta,IN_EQUIP_RETROPROJETOR,Equipamentos existentes na escola - Retroprojetor,,dicionário_dados_educação_básica_2023.xlsx
2023,microdados_unidade_coleta,IN_EQUIP_FAX,Equipamentos existentes na escola - Fax,,dicionário_dados_educação_básica_2023.xlsx
2023,microdados_unidade_coleta,IN_EQUIP_FOTO,Equipamentos existentes na escola - Máquina fotográfica/Filmadora,,dicionário_dados_educação_básica_2023.xlsx
2023,microdados_unidade_coleta,QT_EQUIP_VIDEOCASSETE,Quantidade de Videocassetes,,dicionário_dados_educação_básica_2023.xlsx
2023,microdados_unidade_coleta,QT_EQUIP_PARABOLICA,Quantidade de Antenas parabólicas,,dicionário_dados_educação_básica_2023.xlsx
2023,microdados_unidade_coleta,QT_EQUIP_COPIADORA,Quantidade de Copiadoras,,dicionário_dados_educação_básica_2023.xlsx
2023,microdados_unidade_coleta,QT_EQUIP_RETROPROJETOR,Quantidade de Retroprojetores,,dicionário_dados_educação_básica_2023.xlsx
2023,microdados_unidade_coleta,QT_EQUIP_IMPRESSORA,Quantidade de Impressoras,,dicionário_dados_educação_básica_2023.xlsx
2023,microdados_unidade_coleta,QT_EQUIP_IMPRESSORA_MULT,Quantidade de Impressoras Multifuncionais,,dicionário_dados_educação_básica_2023.xlsx
2023,microdados_unidade_coleta,QT_EQUIP_FAX,Quantidade de Fax,,dicionário_dados_educação_básica_2023.xlsx
2023,microdados_unidade_coleta,QT_EQUIP_FOTO,Quantidade de Máquinas Fotográficas/ Filmadoras,,dicionário_dados_educação_básica_2023.xlsx
2023,microdados_unidade_coleta,QT_COMP_ALUNO,Quantidade de computadores em uso pelos alunos,,dicionário_dados_educação_básica_2023.xlsx
2023,microdados_unidade_coleta,IN_DESKTOP_ALUNO,Computadores em uso pelos alunos - Computador de mesa (desktop),,dicionário_dados_educação_básica_2023.xlsx
2023,microdados_unidade_coleta,QT_DESKTOP_ALUNO,Quantidade de computadores em uso pelos alunos - Computador de mesa (desktop),"Em 2019:
primeiro ano em que foi aplicado tratamento de valores extremos, que são marcados com o código 88888.",dicionário_dados_educação_básica_2023.xlsx
2023,microdados_unidade_coleta,IN_COMP_PORTATIL_ALUNO,Computadores em uso pelos alunos - Computador portátil,,dicionário_dados_educação_básica_2023.xlsx
2023,microdados_unidade_coleta,QT_COMP_PORTATIL_ALUNO,Quantidade de computadores em uso pelos alunos - Computador portátil,"Em 2019:
primeiro ano em que foi aplicado tratamento de valores extremos, que são marcados com o código 88888.",dicionário_dados_educação_básica_2023.xlsx
2023,microdados_unidade_coleta,IN_TABLET_ALUNO,Computadores em uso pelos alunos - Tablet,,dicionário_dados_educação_básica_2023.xlsx
2023,microdados_unidade_coleta,QT_TABLET_ALUNO,Quantidade de computadores em uso pelos alunos - Tablet,"Em 2019:
primeiro ano em que foi aplicado tratamento de valores extremos, que são marcados com o código 88888.",dicionário_dados_educação_básica_2023.xlsx
2023,microdados_unidade_coleta,QT_COMPUTADOR,Quantidade de computadores na escola,,dicionário_dados_educação_básica_2023.xlsx
2023,microdados_unidade_coleta,QT_COMP_ADMINISTRATIVO,Quantidade de computadores de uso administrativo,,dicionário_dados_educação_básica_2023.xlsx
2023,microdados_unidade_coleta,IN_INTERNET,Acesso à Internet,,dicionário_dados_educação_básica_2023.xlsx
2023,microdados_unidade_coleta,IN_INTERNET_ALUNOS,Acesso à Internet - Para uso dos alunos,,dicionário_dados_educação_básica_2023.xlsx
2023,microdados_unidade_coleta,IN_INTERNET_ADMINISTRATIVO,Acesso à Internet - Para uso administrativo,,dicionário_dados_educação_básica_2023.xlsx
2023,microdados_unidade_coleta,IN_INTERNET_APRENDIZAGEM,Acesso à Internet - Para uso nos processos de ensino e aprendizagem,,dicionário_dados_educação_básica_2023.xlsx
2023,microdados_unidade_coleta,IN_INTERNET_COMUNIDADE,Acesso à Internet - Para uso da comunidade,,dicionário_dados_educação_básica_2023.xlsx
2023,microdados_unidade_coleta,IN_ACESSO_INTERNET_COMPUTADOR,"Equipamentos que os alunos usam para acessar a internet da escola - Computadores de mesa, portáteis e tablets da escola (no laboratório de informática, biblioteca, sala de aula etc.)",,dicionário_dados_educação_básica_2023.xlsx
2023,microdados_unidade_coleta,IN_ACES_INTERNET_DISP_PESSOAIS,"Equipamentos que os alunos usam para acessar a internet da escola - Dispositivos pessoais (computadores portáteis, celulares, tablets etc.)",,dicionário_dados_educação_básica_2023.xlsx
2023,microdados_unidade_coleta,TP_REDE_LOCAL,Rede local de interligação de computadores,,dicionário_dados_educação_básica_2023.xlsx
2023,microdados_unidade_coleta,IN_BANDA_LARGA,Internet Banda Larga,,dicionário_dados_educação_básica_2023.xlsx
2023,microdados_unidade_coleta,QT_FUNCIONARIOS,Total de funcionários da escola (inclusive profissionais escolares em sala de aula),,dicionário_dados_educação_básica_2023.xlsx
2023,microdados_unidade_coleta,IN_PROF_ADMINISTRATIVOS,"Profissionais que atuam na escola - Auxiliares de secretaria ou auxiliares administrativos, atendentes",,dicionário_dados_educação_básica_2023.xlsx
2023,microdados_unidade_coleta,QT_PROF_ADMINISTRATIVOS,"Quantidade de profissionais que atuam na escola - Auxiliares de secretaria ou auxiliares administrativos, atendentes","Em 2019:
primeiro ano em que foi aplicado tratamento de valores extremos, que são marcados com o código 88888.",dicionário_dados_educação_básica_2023.xlsx
2023,microdados_unidade_coleta,IN_PROF_SERVICOS_GERAIS,"Profissionais que atuam na escola - Auxiliar de serviços gerais, porteiro(a), zelador(a), faxineiro(a), horticultor(a), jardineiro(a)",,dicionário_dados_educação_básica_2023.xlsx
2023,microdados_unidade_coleta,QT_PROF_SERVICOS_GERAIS,"Quantidade de profissionais que atuam na escola - Auxiliar de serviços gerais, porteiro(a), zelador(a), faxineiro(a), horticultor(a), jardineiro(a)","Em 2019:
primeiro ano em que foi aplicado tratamento de valores extremos, que são marcados com o código 88888.",dicionário_dados_educação_básica_2023.xlsx
2023,microdados_unidade_coleta,IN_PROF_BIBLIOTECARIO,"Profissionais que atuam na escola - Bibliotecário(a), auxiliar de biblioteca ou monitor(a) da sala de leitura",,dicionário_dados_educação_básica_2023.xlsx
2023,microdados_unidade_coleta,QT_PROF_BIBLIOTECARIO,"Quantidade de profissionais que atuam na escola - Bibliotecário(a), auxiliar de biblioteca ou monitor(a) da sala de leitura","Em 2019:
primeiro ano em que foi aplicado tratamento de valores extremos, que são marcados com o código 88888.",dicionário_dados_educação_básica_2023.xlsx
2023,microdados_unidade_coleta,IN_PROF_SAUDE,"Profissionais que atuam na escola - Bombeiro(a) brigadista, profissionais de assistência à saúde (urgência e emergência), Enfermeiro(a), Técnico(a) de enfermagem e socorrista",,dicionário_dados_educação_básica_2023.xlsx
2023,microdados_unidade_coleta,QT_PROF_SAUDE,"Quantidade de profissionais que atuam na escola - Bombeiro(a) brigadista, profissionais de assistência à saúde (urgência e emergência), Enfermeiro(a), Técnico(a) de enfermagem e socorrista","Em 2019:
primeiro ano em que foi aplicado tratamento de valores extremos, que são marcados com o código 88888.",dicionário_dados_educação_básica_2023.xlsx
2023,microdados_unidade_coleta,IN_PROF_COORDENADOR,Profissionais que atuam na escola - Coordenador(a) de turno/disciplina,,dicionário_dados_educação_básica_2023.xlsx
2023,microdados_unidade_coleta,QT_PROF_COORDENADOR,Quantidade de profissionais que atuam na escola - Coordenador(a) de turno/disciplina,"Em 2019:
primeiro ano em que foi aplicado tratamento de valores extremos, que são marcados com o código 88888.",dicionário_dados_educação_básica_2023.xlsx
2023,microdados_unidade_coleta,IN_PROF_FONAUDIOLOGO,Profissionais que atuam na escola - Fonoaudiólogo(a),,dicionário_dados_educação_básica_2023.xlsx
2023,microdados_unidade_coleta,QT_PROF_FONAUDIOLOGO,Quantidade de profissionais que atuam na escola - Fonoaudiólogo(a),"Em 2019:
primeiro ano em que foi aplicado tratamento de valores extremos, que são marcados com o código 88888.",dicionário_dados_educação_básica_2023.xlsx
2023,microdados_unidade_coleta,IN_PROF_NUTRICIONISTA,Profissionais que atuam na escola - Nutricionista,,dicionário_dados_educação_básica_2023.xlsx
2023,microdados_unidade_coleta,QT_PROF_NUTRICIONISTA,Quantidade de profissionais que atuam na escola - Nutricionista,"Em 2019:
primeiro ano em que foi aplicado tratamento de valores extremos, que são marcados com o código 88888.",dicionário_dados_educação_básica_2023.xlsx
2023,microdados_unidade_coleta,IN_PROF_PSICOLOGO,Profissionais que atuam na escola - Psicólogo(a) Escolar,,dicionário_dados_educação_básica_2023.xlsx
2023,microdados_unidade_coleta,QT_PROF_PSICOLOGO,Quantidade de profissionais que atuam na escola - Psicólogo(a) Escolar,"Em 2019:
primeiro ano em que foi aplicado tratamento de valores extremos, que são marcados com o código 88888.",dicionário_dados_educação_básica_2023.xlsx
2023,microdados_unidade_coleta,IN_PROF_ALIMENTACAO,"Profissionais que atuam na escola - Profissionais de preparação e segurança alimentar, cozinheiro(a), merendeiro(a) e auxiliar de cozinha",,dicionário_dados_educação_básica_2023.xlsx
2023,microdados_unidade_coleta,QT_PROF_ALIMENTACAO,"Quantidade de profissionais que atuam na escola -  Profissionais de preparação e segurança alimentar, cozinheiro(a), merendeiro(a) e auxiliar de cozinha","Em 2019:
primeiro ano em que foi aplicado tratamento de valores extremos, que são marcados com o código 88888.",dicionário_dados_educação_básica_2023.xlsx
2023,microdados_unidade_coleta,IN_PROF_PEDAGOGIA,"Profissionais que atuam na escola -  Profissionais de apoio e supervisão pedagógica: pedagogo(a), coordenador(a) pedagógico(a), orientador(a) educacional, supervisor(a) escolar e coordenador(a) de área de ensino",,dicionário_dados_educação_básica_2023.xlsx
2023,microdados_unidade_coleta,QT_PROF_PEDAGOGIA,"Quantidade de profissionais que atuam na escola -  Profissionais de apoio e supervisão pedagógica: pedagogo(a), coordenador(a) pedagógico(a), orientador(a) educacional, supervisor(a) escolar e coordenador(a) de área de ensino","Em 2019:
primeiro ano em que foi aplicado tratamento de valores extremos, que são marcados com o código 88888.",dicionário_dados_educação_básica_2023.xlsx
2023,microdados_unidade_coleta,IN_PROF_SECRETARIO,Profissionais que atuam na escola - Secretário(a) escolar,,dicionário_dados_educação_básica_2023.xlsx
2023,microdados_unidade_coleta,QT_PROF_SECRETARIO,Quantidade de profissionais que atuam na escola - Secretário(a) escolar,"Em 2019:
primeiro ano em que foi aplicado tratamento de valores extremos, que são marcados com o código 88888.",dicionário_dados_educação_básica_2023.xlsx
2023,microdados_unidade_coleta,IN_PROF_SEGURANCA,"Profissionais que atuam na escola - Segurança, guarda ou segurança patrimonial",,dicionário_dados_educação_básica_2023.xlsx
2023,microdados_unidade_coleta,QT_PROF_SEGURANCA,"Quantidade de profissionais que atuam na escola - Segurança, guarda ou segurança patrimonial","Em 2019:
primeiro ano em que foi aplicado tratamento de valores extremos, que são marcados com o código 88888.",dicionário_dados_educação_básica_2023.xlsx
2023,microdados_unidade_coleta,IN_PROF_MONITORES,"Profissionais que atuam na escola - Técnicos(as), monitores(as), supervisores(as) ou auxiliares de laboratório(s), de apoio a tecnologias educacionais ou em multimeios/multimídias eletrônico/digitais",,dicionário_dados_educação_básica_2023.xlsx
2023,microdados_unidade_coleta,QT_PROF_MONITORES,"Quantidade de profissionais que atuam na escola - Técnicos(as), monitores(as), supervisores(as) ou auxiliares de laboratório(s), de apoio a tecnologias educacionais ou em multimeios/multimídias eletrônico/digitais","Em 2019:
primeiro ano em que foi aplicado tratamento de valores extremos, que são marcados com o código 88888.",dicionário_dados_educação_básica_2023.xlsx
2023,microdados_unidade_coleta,IN_PROF_GESTAO,"Profissionais que atuam na escola - Vice-diretor(a) ou diretor(a) adjunto(a), profissionais responsáveis pela gestão administrativa e/ou financeira",,dicionário_dados_educação_básica_2023.xlsx
2023,microdados_unidade_coleta,QT_PROF_GESTAO,"Quantidade de profissionais que atuam na escola - Vice-diretor(a) ou diretor(a) adjunto(a), profissionais responsáveis pela gestão administrativa e/ou financeira","Em 2019:
primeiro ano em que foi aplicado tratamento de valores extremos, que são marcados com o código 88888.",dicionário_dados_educação_básica_2023.xlsx
2023,microdados_unidade_coleta,IN_PROF_ASSIST_SOCIAL,Profissionais que atuam na escola - Orientador(a) comunitário(a) ou assistente social,,dicionário_dados_educação_básica_2023.xlsx
2023,microdados_unidade_coleta,QT_PROF_ASSIST_SOCIAL,Quantidade de profissionais que atuam na escola - Orientador(a) comunitário(a) ou assistente social,"Em 2019:
primeiro ano em que foi aplicado tratamento de valores extremos, que são marcados com o código 88888.",dicionário_dados_educação_básica_2023.xlsx
2023,microdados_unidade_coleta,IN_PROF_TRAD_LIBRAS,Profissionais que atuam na escola - Tradutor e Intérprete de Libras para atendimento em outros ambientes da escola que não seja sala de aula,,dicionário_dados_educação_básica_2023.xlsx
2023,microdados_unidade_coleta,QT_PROF_TRAD_LIBRAS,Total de profissionais que atuam na escola - Tradutor e Intérprete de Libras para atendimento em outros ambientes da escola que não seja sala de aula,"Em 2023: 
primeiro ano em que foi aplicado tratamento de valores extremos, que são marcados com o código 88888.",dicionário_dados_educação_básica_2023.xlsx
2023,microdados_unidade_coleta,IN_ALIMENTACAO,Alimentação escolar para os alunos - PNAE/FNDE,,dicionário_dados_educação_básica_2023.xlsx
2023,microdados_unidade_coleta,IN_SERIE_ANO,Forma de organização do ensino - Série/Ano (séries anuais),,dicionário_dados_educação_básica_2023.xlsx
2023,microdados_unidade_coleta,IN_PERIODOS_SEMESTRAIS,Forma de organização do ensino -  Períodos semestrais,,dicionário_dados_educação_básica_2023.xlsx
2023,microdados_unidade_coleta,IN_FUNDAMENTAL_CICLOS,Forma de organização do ensino - Ciclo(s) do Ensino Fundamental,,dicionário_dados_educação_básica_2023.xlsx
2023,microdados_unidade_coleta,IN_GRUPOS_NAO_SERIADOS,Forma de organização do ensino - Grupos não-seriados com base na idade ou competência (art. 23 LDB),,dicionário_dados_educação_básica_2023.xlsx
2023,microdados_unidade_coleta,IN_MODULOS,Forma de organização do ensino - Módulos,,dicionário_dados_educação_básica_2023.xlsx
2023,microdados_unidade_coleta,IN_FORMACAO_ALTERNANCIA,Forma de organização do ensino - Alternância regular de períodos de estudos (proposta pedagógica de formação por alternância com tempo-escola e tempo-comunidade),,dicionário_dados_educação_básica_2023.xlsx
2023,microdados_unidade_coleta,IN_MATERIAL_PED_MULTIMIDIA,Instrumentos e materiais socioculturais e/ou pedagógicos em uso na escola para o desenvolvimento de atividades de ensino e aprendizagem - Acervo multimídia,"Em 2019:
Existe adicionalmente a categoria ""9 - Não informado"".",dicionário_dados_educação_básica_2023.xlsx
2023,microdados_unidade_coleta,IN_MATERIAL_PED_INFANTIL,Instrumentos e materiais socioculturais e/ou pedagógicos em uso na escola para o desenvolvimento de atividades de ensino e aprendizagem - Brinquedos para Educação Infantil,"Em 2019:
Existe adicionalmente a categoria ""9 - Não informado"".",dicionário_dados_educação_básica_2023.xlsx
2023,microdados_unidade_coleta,IN_MATERIAL_PED_CIENTIFICO,Instrumentos e materiais socioculturais e/ou pedagógicos em uso na escola para o desenvolvimento de atividades de ensino e aprendizagem - Conjunto de materiais científicos,"Em 2019:
Existe adicionalmente a categoria ""9 - Não informado"".",dicionário_dados_educação_básica_2023.xlsx
2023,microdados_unidade_coleta,IN_MATERIAL_PED_DIFUSAO,Instrumentos e materiais socioculturais e/ou pedagógicos em uso na escola para o desenvolvimento de atividades de ensino e aprendizagem - Equipamento para amplificação e difusão de som/áudio,"Em 2019:
Existe adicionalmente a categoria ""9 - Não informado"".",dicionário_dados_educação_básica_2023.xlsx
2023,microdados_unidade_coleta,IN_MATERIAL_PED_MUSICAL,"Instrumentos e materiais socioculturais e/ou pedagógicos em uso na escola para o desenvolvimento de atividades de ensino e aprendizagem - Instrumentos musicais para conjunto, banda/fanfarra e/ou aulas de música","Em 2019:
Existe adicionalmente a categoria ""9 - Não informado"".",dicionário_dados_educação_básica_2023.xlsx
2023,microdados_unidade_coleta,IN_MATERIAL_PED_JOGOS,Instrumentos e materiais socioculturais e/ou pedagógicos em uso na escola para o desenvolvimento de atividades de ensino e aprendizagem - Jogos Educativos,"Em 2019:
Existe adicionalmente a categoria ""9 - Não informado"".",dicionário_dados_educação_básica_2023.xlsx
2023,microdados_unidade_coleta,IN_MATERIAL_PED_ARTISTICAS,Instrumentos e materiais socioculturais e/ou pedagógicos em uso na escola para o desenvolvimento de atividades de ensino e aprendizagem - Materiais para atividades culturais e artísticas,"Em 2019:
Existe adicionalmente a categoria ""9 - Não informado"".",dicionário_dados_educação_básica_2023.xlsx
2023,microdados_unidade_coleta,IN_MATERIAL_PED_PROFISSIONAL,Instrumentos e materiais socioculturais e/ou pedagógicos em uso na escola para o desenvolvimento de atividades de ensino e aprendizagem - Materiais para Educação Profissional,,dicionário_dados_educação_básica_2023.xlsx
2023,microdados_unidade_coleta,IN_MATERIAL_PED_DESPORTIVA,Instrumentos e materiais socioculturais e/ou pedagógicos em uso na escola para o desenvolvimento de atividades de ensino e aprendizagem - Materiais para prática desportiva e recreação,"Em 2019:
Existe adicionalmente a categoria ""9 - Não informado"".",dicionário_dados_educação_básica_2023.xlsx
2023,microdados_unidade_coleta,IN_MATERIAL_PED_INDIGENA,Instrumentos e materiais socioculturais e/ou pedagógicos em uso na escola para o desenvolvimento de atividades de ensino e aprendizagem - Indígena,"Em 2019:
Existe adicionalmente a categoria ""9 - Não informado"".",dicionário_dados_educação_básica_2023.xlsx
2023,microdados_unidade_coleta,IN_MATERIAL_PED_ETNICO,Instrumentos e materiais socioculturais e/ou pedagógicos em uso na escola para o desenvolvimento de atividades de ensino e aprendizagem - Materiais pedagógicos para a educação das relações étnico-raciais,"Em 2019:
Existe adicionalmente a categoria ""9 - Não informado"".",dicionário_dados_educação_básica_2023.xlsx
2023,microdados_unidade_coleta,IN_MATERIAL_PED_CAMPO,Instrumentos e materiais socioculturais e/ou pedagógicos em uso na escola para o desenvolvimento de atividades de ensino e aprendizagem - Materiais pedagógicos para a educação do campo,"Em 2019:
Existe adicionalmente a categoria ""9 - Não informado"".",dicionário_dados_educação_básica_2023.xlsx
2023,microdados_unidade_coleta,IN_MATERIAL_PED_BIL_SURDOS,"Instrumentos, materiais socioculturais e/ou pedagógicos em uso na escola para o desenvolvimento de atividades de ensino aprendizagem - Materiais pedagógicos para a educação bilíngue de surdos",,dicionário_dados_educação_básica_2023.xlsx
2023,microdados_unidade_coleta,IN_MATERIAL_PED_NENHUM,Instrumentos e materiais socioculturais e/ou pedagógicos em uso na escola para o desenvolvimento de atividades de ensino e aprendizagem - Nenhum,,dicionário_dados_educação_básica_2023.xlsx
2023,microdados_unidade_coleta,IN_MATERIAL_ESP_QUILOMBOLA,Materiais didáticos específicos para atendimento à diversidade sociocultural - Quilombolas,,dicionário_dados_educação_básica_2023.xlsx
2023,microdados_unidade_coleta,IN_MATERIAL_ESP_INDIGENA,Materiais didáticos específicos para atendimento à diversidade sociocultural - Indígena,,dicionário_dados_educação_básica_2023.xlsx
2023,microdados_unidade_coleta,IN_MATERIAL_ESP_NAO_UTILIZA,Materiais didáticos específicos para atendimento à diversidade sociocultural - Não utiliza,,dicionário_dados_educação_básica_2023.xlsx
2023,microdados_unidade_coleta,IN_EDUCACAO_INDIGENA,Educação Escolar Indígena,,dicionário_dados_educação_básica_2023.xlsx
2023,microdados_unidade_coleta,TP_INDIGENA_LINGUA,Educação Indígena - Língua em que o ensino é ministrado,,dicionário_dados_educação_básica_2023.xlsx
2023,microdados_unidade_coleta,CO_LINGUA_INDIGENA_1,Educação Indígena - Língua em que o ensino é ministrado - Língua Indígena - Código da Língua Indígena 1,De 2007 a 2018: Apenas uma Língua Indígena,dicionário_dados_educação_básica_2023.xlsx
2023,microdados_unidade_coleta,CO_LINGUA_INDIGENA_2,Educação Indígena - Língua em que o ensino é ministrado - Língua Indígena - Código da Língua Indígena 2,,dicionário_dados_educação_básica_2023.xlsx
2023,microdados_unidade_coleta,CO_LINGUA_INDIGENA_3,Educação Indígena - Língua em que o ensino é ministrado - Língua Indígena - Código da Língua Indígena 3,,dicionário_dados_educação_básica_2023.xlsx
2023,microdados_unidade_coleta,IN_BRASIL_ALFABETIZADO,Escola cede espaço para turmas do Programa Brasil Alfabetizado,,dicionário_dados_educação_básica_2023.xlsx
2023,microdados_unidade_coleta,IN_FINAL_SEMANA,Escola abre aos finais de semana para a comunidade,,dicionário_dados_educação_básica_2023.xlsx
2023,microdados_unidade_coleta,IN_EXAME_SELECAO,A escola faz exame de seleção para ingresso de seus alunos (avaliação por prova e/ou análise curricular),,dicionário_dados_educação_básica_2023.xlsx
2023,microdados_unidade_coleta,IN_RESERVA_PPI,"Reserva de vagas por sistema de cotas para grupos específicos de alunos - Autodeclarado preto, pardo ou indígena (PPI)",,dicionário_dados_educação_básica_2023.xlsx
2023,microdados_unidade_coleta,IN_RESERVA_RENDA,Reserva de vagas por sistema de cotas para grupos específicos de alunos - Condição de Renda,,dicionário_dados_educação_básica_2023.xlsx
2023,microdados_unidade_coleta,IN_RESERVA_PUBLICA,Reserva de vagas por sistema de cotas para grupos específicos de alunos - Oriundo de escola pública,,dicionário_dados_educação_básica_2023.xlsx
2023,microdados_unidade_coleta,IN_RESERVA_PCD,Reserva de vagas por sistema de cotas para grupos específicos de alunos - Pessoa com deficiência (PCD),,dicionário_dados_educação_básica_2023.xlsx
2023,microdados_unidade_coleta,IN_RESERVA_OUTROS,Reserva de vagas por sistema de cotas para grupos específicos de alunos - Outros grupos,,dicionário_dados_educação_básica_2023.xlsx
2023,microdados_unidade_coleta,IN_RESERVA_NENHUMA,Reserva de vagas por sistema de cotas para grupos específicos de alunos - Sem reservas de vagas para sistema de cotas (ampla concorrência),,dicionário_dados_educação_básica_2023.xlsx
2023,microdados_unidade_coleta,IN_REDES_SOCIAIS,A escola possui site ou blog ou página em redes sociais para comunicação institucional,,dicionário_dados_educação_básica_2023.xlsx
2023,microdados_unidade_coleta,IN_ESPACO_ATIVIDADE,A escola compartilha espaços para atividades de integração escola-comunidade,,dicionário_dados_educação_básica_2023.xlsx
2023,microdados_unidade_coleta,IN_ESPACO_EQUIPAMENTO,A escola usa espaços e equipamentos do entorno escolar para atividades regulares com os alunos,,dicionário_dados_educação_básica_2023.xlsx
2023,microdados_unidade_coleta,IN_ORGAO_ASS_PAIS,Órgãos colegiados em funcionamento na escola - Associação de Pais,"Em 2019:
Existe adicionalmente a categoria ""9 - Não informado"".",dicionário_dados_educação_básica_2023.xlsx
2023,microdados_unidade_coleta,IN_ORGAO_ASS_PAIS_MESTRES,Órgãos colegiados em funcionamento na escola - Associação de Pais e Mestres,"Em 2019:
Existe adicionalmente a categoria ""9 - Não informado"".",dicionário_dados_educação_básica_2023.xlsx
2023,microdados_unidade_coleta,IN_ORGAO_CONSELHO_ESCOLAR,Órgãos colegiados em funcionamento na escola - Conselho Escolar,"Em 2019:
Existe adicionalmente a categoria ""9 - Não informado"".",dicionário_dados_educação_básica_2023.xlsx
2023,microdados_unidade_coleta,IN_ORGAO_GREMIO_ESTUDANTIL,Órgãos colegiados em funcionamento na escola - Grêmio Estudantil,"Em 2019:
Existe adicionalmente a categoria ""9 - Não informado"".",dicionário_dados_educação_básica_2023.xlsx
2023,microdados_unidade_coleta,IN_ORGAO_OUTROS,Órgãos colegiados em funcionamento na escola - Outros,"Em 2019:
Existe adicionalmente a categoria ""9 - Não informado"".",dicionário_dados_educação_básica_2023.xlsx
2023,microdados_unidade_coleta,IN_ORGAO_NENHUM,Órgãos colegiados em funcionamento na escola - Não há órgãos colegiados em funcionamento,"Em 2019:
Existe adicionalmente a categoria ""9 - Não informado"".",dicionário_dados_educação_básica_2023.xlsx
2023,microdados_unidade_coleta,TP_PROPOSTA_PEDAGOGICA,O projeto político pedagógico ou a proposta pedagógica da escola (conforme art. 12 da LDB) foi atualizado nos últimos 12 meses até a data de referência,,dicionário_dados_educação_básica_2023.xlsx
2023,microdados_unidade_coleta,TP_AEE,Atendimento Educacional Especializado (AEE),,dicionário_dados_educação_básica_2023.xlsx
2023,microdados_unidade_coleta,TP_ATIVIDADE_COMPLEMENTAR,Atividade Complementar,,dicionário_dados_educação_básica_2023.xlsx
2023,microdados_unidade_coleta,IN_MEDIACAO_PRESENCIAL,Mediação didático-pedagógica oferecida pela escola - Presencial,,dicionário_dados_educação_básica_2023.xlsx
2023,microdados_unidade_coleta,IN_MEDIACAO_SEMIPRESENCIAL,Mediação didático-pedagógica oferecida pela escola - Semipresencial,,dicionário_dados_educação_básica_2023.xlsx
2023,microdados_unidade_coleta,IN_MEDIACAO_EAD,Mediação didático-pedagógica oferecida pela escola - Educação a Distância - EAD,,dicionário_dados_educação_básica_2023.xlsx
2023,microdados_unidade_coleta,IN_REGULAR,"Modo, maneira ou metodologia de ensino correspondente às turmas com etapas de escolarização consecutivas, Creche ao Ensino Médio",,dicionário_dados_educação_básica_2023.xlsx
2023,microdados_unidade_coleta,IN_DIURNO,Turno - Diurno - Maior parte das atividades da turma são realizadas no período entre 6h e 17:59h,"Anteriormente, eram consideradas diurnas, as turmas com horário de início entre 05h e 16h59. Atualmente, nas estatísticas oficiais, passou-se a considerar o período de maior tempo de duração da turma, independentemente do seu horário de início.",dicionário_dados_educação_básica_2023.xlsx
2023,microdados_unidade_coleta,IN_NOTURNO,Turno - Noturno - Maior parte das atividades da turma são realizadas entre 18h e 5:59h,"Anteriormente, eram consideradas noturnas, as turmas com horário de início entre 17h e 04h59. Atualmente, nas estatísticas oficiais, passou-se a considerar o período de maior tempo de duração da turma, independentemente do seu horário de início.",dicionário_dados_educação_básica_2023.xlsx
2023,microdados_unidade_coleta,IN_EAD,Turno não aplicável para turmas semipresenciais ou de Educação a Distância (EAD),,dicionário_dados_educação_básica_2023.xlsx
2023,microdados_unidade_coleta,IN_BAS,Educação Básica (Possui uma ou mais matrículas),"A variável ""IN_BAS""  foi descontinuada em virtude da inclusão da variável ""IN_ESCOLARIZACAO"" no Censo Escolar de 2022. Ambas, permitem filtras as escolas em atividade e que possuem uma ou mais matrículas em turmas de escolarização, obtendo assim, dados estatísticos em consonância com a divulgação oficial.",dicionário_dados_educação_básica_2023.xlsx
2023,microdados_unidade_coleta,IN_ESCOLARIZACAO,"Escola possui uma ou mais matrículas de escolarização em alguma das seguintes etapas de ensino: Creche, Pré-Escola, Ensino Fundamental, Ensino Médio, Educação de Jovens e Adultos (EJA), Curso Técnico Concomitante, Curso Técnico Subsequente, Curso FIC Concomitante",,dicionário_dados_educação_básica_2023.xlsx
2023,microdados_unidade_coleta,IN_INF,Etapa de Ensino - Educação Infantil (Possui uma ou mais matrículas),,dicionário_dados_educação_básica_2023.xlsx
2023,microdados_unidade_coleta,IN_INF_CRE,Etapa de Ensino - Educação Infantil - Creche (Possui uma ou mais matrículas),,dicionário_dados_educação_básica_2023.xlsx
2023,microdados_unidade_coleta,IN_INF_PRE,Etapa de Ensino - Educação Infantil - Pré-Escola (Possui uma ou mais matrículas),,dicionário_dados_educação_básica_2023.xlsx
2023,microdados_unidade_coleta,IN_FUND,Etapa de Ensino - Ensino Fundamental (Possui uma ou mais matrículas),,dicionário_dados_educação_básica_2023.xlsx
2023,microdados_unidade_coleta,IN_FUND_AI,Etapa de Ensino - Ensino Fundamental - Anos Iniciais (Possui uma ou mais matrículas),,dicionário_dados_educação_básica_2023.xlsx
2023,microdados_unidade_coleta,IN_FUND_AF,Etapa de Ensino - Ensino Fundamental - Anos Finais (Possui uma ou mais matrículas),,dicionário_dados_educação_básica_2023.xlsx
2023,microdados_unidade_coleta,IN_MED,Etapa de Ensino - Ensino Médio (Possui uma ou mais matrículas),,dicionário_dados_educação_básica_2023.xlsx
2023,microdados_unidade_coleta,IN_PROF,Educação Profissional - Modo profissionalizante de ensino correspondente às turmas de cursos de formação inicial e continuada ou de qualificação profissional (Cursos FIC) articulados à EJA ou concomitantes; ou de cursos técnicos de nível médio nas formas articulada (integrada ou concomitante) ou subsequente ao ensino médio e de normal/magistério (Possui uma ou mais matrículas),,dicionário_dados_educação_básica_2023.xlsx
2023,microdados_unidade_coleta,IN_PROF_TEC,"Educação Profissional Técnica - Modo profissionalizante de ensino correspondente às turmas de cursos técnicos de nível médio nas formas articuladas (integrada ou concomitante), ou subsequente ao ensino médio e de normal/magistério (Possui uma ou mais matrículas)",,dicionário_dados_educação_básica_2023.xlsx
2023,microdados_unidade_coleta,IN_EJA,"Educação de Jovens e Adultos (EJA) - Modo, maneira ou metodologia de ensino correspondente às turmas destinadas a pessoas que não cursaram o ensino fundamental e/ou médio em idade própria (Possui uma ou mais matrículas)",,dicionário_dados_educação_básica_2023.xlsx
2023,microdados_unidade_coleta,IN_EJA_FUND,Educação de Jovens e Adultos (EJA) - Ensino Fundamental  (Possui uma ou mais matrículas),,dicionário_dados_educação_básica_2023.xlsx
2023,microdados_unidade_coleta,IN_EJA_MED,Educação de Jovens e Adultos (EJA) - Ensino Médio (Possui uma ou mais matrículas),,dicionário_dados_educação_básica_2023.xlsx
2023,microdados_unidade_coleta,IN_ESP,Educação Especial - Inclui a Educação Especial Inclusiva (em Classes Comuns) e a Educação Especial Exclusiva (Possui uma ou mais matrículas),,dicionário_dados_educação_básica_2023.xlsx
2023,microdados_unidade_coleta,IN_ESP_CC,"Educação Especial Inclusiva (em Classes Comuns) - Escola possui um ou mais alunos com deficiência, transtorno global do desenvolvimento ou altas habilidades/superdotação estudando em classes comuns do Ensino Regular e/ou Educação de Jovens e Adultos (Possui uma ou mais matrículas)",,dicionário_dados_educação_básica_2023.xlsx
2023,microdados_unidade_coleta,IN_ESP_CE,"Educação Especial Exclusiva - Escola exclusivamente especializada e/ou que possui classe especial exclusiva para o atendimento de alunos com deficiência, transtorno global do desenvolvimento ou altas habilidades/superdotação (Possui uma ou mais matrículas)",,dicionário_dados_educação_básica_2023.xlsx
2023,microdados_unidade_coleta,QT_MAT_BAS,Número de Matrículas da Educação Básica,"Não inclui matrículas em turmas exclusivas de atividade complementar e nem em turmas exclusivas de Atendimento Educacional Especializado. Em síntese, inclui matrículas em turmas de escolarização nas seguintes etapas e modalidades de ensino: Educação Infantil, Ensino Fundamental, Ensino Médio, Educação Profissional Técnica - Curso Técnico Concomitante, na Educação Profissional Técnica - Curso Técnico Subsequente, na Educação Profissional - Curso FIC Concomitante, e na Educação de Jovens e Adultos (EJA).",dicionário_dados_educação_básica_2023.xlsx
2023,microdados_unidade_coleta,QT_MAT_INF,Número de Matrículas da Educação Infantil,,dicionário_dados_educação_básica_2023.xlsx
2023,microdados_unidade_coleta,QT_MAT_INF_CRE,Número de Matrículas da Educação Infantil - Creche,,dicionário_dados_educação_básica_2023.xlsx
2023,microdados_unidade_coleta,QT_MAT_INF_PRE,Número de Matrículas da Educação Infantil - Pré-Escola,,dicionário_dados_educação_básica_2023.xlsx
2023,microdados_unidade_coleta,QT_MAT_FUND,Número de Matrículas do Ensino Fundamental,,dicionário_dados_educação_básica_2023.xlsx
2023,microdados_unidade_coleta,QT_MAT_FUND_AI,Número de Matrículas do Ensino Fundamental - Anos Iniciais,,dicionário_dados_educação_básica_2023.xlsx
2023,microdados_unidade_coleta,QT_MAT_FUND_AI_1,Número de Matrículas do Ensino Fundamental - Anos Iniciais - 1º Ano,,dicionário_dados_educação_básica_2023.xlsx
2023,microdados_unidade_coleta,QT_MAT_FUND_AI_2,Número de Matrículas do Ensino Fundamental - Anos Iniciais - 2º Ano,,dicionário_dados_educação_básica_2023.xlsx
2023,microdados_unidade_coleta,QT_MAT_FUND_AI_3,Número de Matrículas do Ensino Fundamental - Anos Iniciais - 3º Ano,,dicionário_dados_educação_básica_2023.xlsx
2023,microdados_unidade_coleta,QT_MAT_FUND_AI_4,Número de Matrículas do Ensino Fundamental - Anos Iniciais - 4º Ano,,dicionário_dados_educação_básica_2023.xlsx
2023,microdados_unidade_coleta,QT_MAT_FUND_AI_5,Número de Matrículas do Ensino Fundamental - Anos Iniciais - 5º Ano,,dicionário_dados_educação_básica_2023.xlsx
2023,microdados_unidade_coleta,QT_MAT_FUND_AF,Número de Matrículas do Ensino Fundamental - Anos Finais,,dicionário_dados_educação_básica_2023.xlsx
2023,microdados_unidade_coleta,QT_MAT_FUND_AF_6,Número de Matrículas do Ensino Fundamental - Anos Finais - 6º Ano,,dicionário_dados_educação_básica_2023.xlsx
2023,microdados_unidade_coleta,QT_MAT_FUND_AF_7,Número de Matrículas do Ensino Fundamental - Anos Finais - 7º Ano,,dicionário_dados_educação_básica_2023.xlsx
2023,microdados_unidade_coleta,QT_MAT_FUND_AF_8,Número de Matrículas do Ensino Fundamental - Anos Finais - 8º Ano,,dicionário_dados_educação_básica_2023.xlsx
2023,microdados_unidade_coleta,QT_MAT_FUND_AF_9,Número de Matrículas do Ensino Fundamental - Anos Finais - 9º Ano,,dicionário_dados_educação_básica_2023.xlsx
2023,microdados_unidade_coleta,QT_MAT_MED,Número de Matrículas do Ensino Médio,,dicionário_dados_educação_básica_2023.xlsx
2023,microdados_unidade_coleta,QT_MAT_MED_PROP,Número de Matrículas do Ensino Médio - Propedêutico,,dicionário_dados_educação_básica_2023.xlsx
2023,microdados_unidade_coleta,QT_MAT_MED_PROP_1,Número de Matrículas do Ensino Médio - Propedêutico - 1º ano/1ª Série,,dicionário_dados_educação_básica_2023.xlsx
2023,microdados_unidade_coleta,QT_MAT_MED_PROP_2,Número de Matrículas do Ensino Médio - Propedêutico - 2º ano/2ª Série,,dicionário_dados_educação_básica_2023.xlsx
2023,microdados_unidade_coleta,QT_MAT_MED_PROP_3,Número de Matrículas do Ensino Médio - Propedêutico - 3º ano/3ª Série,,dicionário_dados_educação_básica_2023.xlsx
2023,microdados_unidade_coleta,QT_MAT_MED_PROP_4,Número de Matrículas do Ensino Médio - Propedêutico - 4º ano/4ª Série,,dicionário_dados_educação_básica_2023.xlsx
2023,microdados_unidade_coleta,QT_MAT_MED_PROP_NS,Número de Matrículas do Ensino Médio - Propedêutico - Não Seriado,,dicionário_dados_educação_básica_2023.xlsx
2023,microdados_unidade_coleta,QT_MAT_MED_CT,Número de Matrículas do Ensino Médio - Curso Técnico Integrado à Educação Profissional,,dicionário_dados_educação_básica_2023.xlsx
2023,microdados_unidade_coleta,QT_MAT_MED_CT_1,Número de Matrículas do Ensino Médio - Curso Técnico Integrado à Educação Profissional - 1º ano/1ª Série,,dicionário_dados_educação_básica_2023.xlsx
2023,microdados_unidade_coleta,QT_MAT_MED_CT_2,Número de Matrículas do Ensino Médio - Curso Técnico Integrado à Educação Profissional - 2º ano/2ª Série,,dicionário_dados_educação_básica_2023.xlsx
2023,microdados_unidade_coleta,QT_MAT_MED_CT_3,Número de Matrículas do Ensino Médio - Curso Técnico Integrado à Educação Profissional - 3º ano/3ª Série,,dicionário_dados_educação_básica_2023.xlsx
2023,microdados_unidade_coleta,QT_MAT_MED_CT_4,Número de Matrículas do Ensino Médio - Curso Técnico Integrado à Educação Profissional - 4º ano/4ª Série,,dicionário_dados_educação_básica_2023.xlsx
2023,microdados_unidade_coleta,QT_MAT_MED_CT_NS,Número de Matrículas do Ensino Médio - Curso Técnico Integrado à Educação Profissional - Não Seriado,,dicionário_dados_educação_básica_2023.xlsx
2023,microdados_unidade_coleta,QT_MAT_MED_NM,Número de Matrículas do Ensino Médio -  Modalidade Normal/Magistério,,dicionário_dados_educação_básica_2023.xlsx
2023,microdados_unidade_coleta,QT_MAT_MED_NM_1,Número de Matrículas do Ensino Médio -  Modalidade Normal/Magistério - 1º ano/1ª Série,,dicionário_dados_educação_básica_2023.xlsx
2023,microdados_unidade_coleta,QT_MAT_MED_NM_2,Número de Matrículas do Ensino Médio -  Modalidade Normal/Magistério - 2º ano/2ª Série,,dicionário_dados_educação_básica_2023.xlsx
2023,microdados_unidade_coleta,QT_MAT_MED_NM_3,Número de Matrículas do Ensino Médio -  Modalidade Normal/Magistério - 3º ano/3ª Série,,dicionário_dados_educação_básica_2023.xlsx
2023,microdados_unidade_coleta,QT_MAT_MED_NM_4,Número de Matrículas do Ensino Médio -  Modalidade Normal/Magistério - 4º ano/4ª Série,,dicionário_dados_educação_básica_2023.xlsx
2023,microdados_unidade_coleta,QT_MAT_PROF,Número de Matrículas da Educação Profissional,"Modo profissionalizante de ensino correspondente às turmas de cursos técnicos de nível médio nas formas articuladas (integrada ou concomitante), ou subsequente ao ensino médio e de normal/magistério, e as turmas de cursos profissionalizante não técnicos. Inclui as seguintes etapas de ensino: Ensino Médio - Curso Técnico Integrado à Educação Profissional, Ensino Médio - Modalidade Normal/Magistério, Educação Profissional - Curso Técnico - Concomitante, Educação Profissional - Curso Técnico - Subsequente, Educação Profissional - Curso FIC - Concomitante, Educação de Jovens e Adultos - Curso FIC Integrado na Modalidade EJA de Nível Fundamental, Educação de Jovens e Adultos - Ensino Fundamental - Projovem Urbano (descontinuada em 2019),  Educação de Jovens e Adultos - Curso FIC Integrado na Modalidade EJA de Nível Médio e Educação de Jovens e Adultos - Curso Técnico Integrado na Modalidade EJA de Nível Médio.",dicionário_dados_educação_básica_2023.xlsx
2023,microdados_unidade_coleta,QT_MAT_PROF_TEC,Número de Matrículas da Educação Profissional Técnica,"Modo profissionalizante de ensino correspondente às turmas de cursos técnicos de nível médio nas formas articuladas (integrada ou concomitante), ou subsequente ao ensino médio e de normal/magistério. Inclui as seguintes etapas de ensino: Ensino Médio - Curso Técnico Integrado à Educação Profissional, Ensino Médio - Modalidade Normal/Magistério, Educação Profissional - Curso Técnico - Concomitante, Educação Profissional - Curso Técnico - Subsequente e Educação de Jovens e Adultos - Curso Técnico Integrado na Modalidade EJA de Nível Médio.",dicionário_dados_educação_básica_2023.xlsx
2023,microdados_unidade_coleta,QT_MAT_PROF_TEC_CONC,Número de Matrículas da Educação Profissional Técnica - Curso Técnico Concomitante,,dicionário_dados_educação_básica_2023.xlsx
2023,microdados_unidade_coleta,QT_MAT_PROF_TEC_SUBS,Número de Matrículas da Educação Profissional Técnica - Curso Técnico Subsequente,,dicionário_dados_educação_básica_2023.xlsx
2023,microdados_unidade_coleta,QT_MAT_PROF_FIC_CONC,Número de Matrículas da Educação Profissional - Curso FIC Concomitante,,dicionário_dados_educação_básica_2023.xlsx
2023,microdados_unidade_coleta,QT_MAT_EJA,Número de Matrículas da Educação de Jovens e Adultos (EJA),,dicionário_dados_educação_básica_2023.xlsx
2023,microdados_unidade_coleta,QT_MAT_EJA_FUND,Número de Matrículas da Educação de Jovens e Adultos (EJA) - Ensino Fundamental,,dicionário_dados_educação_básica_2023.xlsx
2023,microdados_unidade_coleta,QT_MAT_EJA_FUND_AI,Número de Matrículas da Educação de Jovens e Adultos (EJA) - Ensino Fundamental - Anos Iniciais,,dicionário_dados_educação_básica_2023.xlsx
2023,microdados_unidade_coleta,QT_MAT_EJA_FUND_AF,Número de Matrículas da Educação de Jovens e Adultos (EJA) - Ensino Fundamental - Anos Finais,,dicionário_dados_educação_básica_2023.xlsx
2023,microdados_unidade_coleta,QT_MAT_EJA_FUND_PJ,Número de Matrículas da Educação de Jovens e Adultos (EJA) - Ensino Fundamental - Projovem Urbano,,dicionário_dados_educação_básica_2023.xlsx
2023,microdados_unidade_coleta,QT_MAT_EJA_FUND_AIAF,Número de Matrículas da Educação de Jovens e Adultos (EJA) - Ensino Fundamental - Anos Iniciais e Anos Finais,"Categoria de etapa de ensino existente na base de matrículas apenas em 2007. De 2008 a 2015 os alunos de turmas da EJA Anos iniciais e Anos finais, foram registrados separadamente como EJA anos iniciais ou EJA anos finais do Ensino Fundamental.",dicionário_dados_educação_básica_2023.xlsx
2023,microdados_unidade_coleta,QT_MAT_EJA_FUND_FIC,Número de Matrículas da Educação de Jovens e Adultos (EJA) - Ensino Fundamental - Curso FIC Integrado na Modalidade EJA de Nível Fundamental,,dicionário_dados_educação_básica_2023.xlsx
2023,microdados_unidade_coleta,QT_MAT_EJA_MED,Número de Matrículas da Educação de Jovens e Adultos (EJA) - Ensino Médio,"Inclui as matrículas da EJA - Ensino Médio, EJA - Ensino Médio - Curso FIC Integrado na Modalidade EJA de Nível Médio, e EJA - Ensino Médio - Curso Técnico Integrado na Modalidade EJA de Nível Médio",dicionário_dados_educação_básica_2023.xlsx
2023,microdados_unidade_coleta,QT_MAT_EJA_MED_NPROF,Número de Matrículas da Educação de Jovens e Adultos (EJA) - Ensino Médio - Sem componente profissionalizante,Não inclui as matrículas do Curso FIC Integrado na Modalidade EJA de Nível Médio e do Curso Técnico Integrado na Modalidade EJA de Nível Médio,dicionário_dados_educação_básica_2023.xlsx
2023,microdados_unidade_coleta,QT_MAT_EJA_MED_FIC,Número de Matrículas da Educação de Jovens e Adultos (EJA) - Ensino Médio - Curso FIC Integrado na Modalidade EJA de Nível Médio,,dicionário_dados_educação_básica_2023.xlsx
2023,microdados_unidade_coleta,QT_MAT_EJA_MED_TEC,Número de Matrículas da Educação de Jovens e Adultos (EJA) - Ensino Médio - Curso Técnico Integrado na Modalidade EJA de Nível Médio,,dicionário_dados_educação_básica_2023.xlsx
2023,microdados_unidade_coleta,QT_MAT_ESP,Número de Matrículas da Educação Especial,"Número de matrículas de alunos com alguma deficiência, transtorno do espectro autista ou altas habilidades/superdotação.",dicionário_dados_educação_básica_2023.xlsx
2023,microdados_unidade_coleta,QT_MAT_ESP_CC,Número de Matrículas da Educação Especial Inclusiva,"Número de matrículas de alunos com alguma deficiência, transtorno do espectro autista ou altas habilidades/superdotação em Classes Comuns do Ensino Regular e/ou Educação de Jovens Adultos (EJA).",dicionário_dados_educação_básica_2023.xlsx
2023,microdados_unidade_coleta,QT_MAT_ESP_CE,Número de Matrículas da Educação Especial Exclusiva,"Número de matrículas de alunos com alguma deficiência, transtorno do espectro autista ou altas habilidades/superdotação em Classes Exclusivas (Escolas exclusivamente especializadas e/ou em classes especiais do Ensino Regular e/ou Educação de Jovens e Adultos (EJA))",dicionário_dados_educação_básica_2023.xlsx
2023,microdados_unidade_coleta,QT_MAT_BAS_FEM,Número de Matrículas da Educação Básica - Feminino,,dicionário_dados_educação_básica_2023.xlsx
2023,microdados_unidade_coleta,QT_MAT_BAS_MASC,Número de Matrículas da Educação Básica - Masculino,,dicionário_dados_educação_básica_2023.xlsx
2023,microdados_unidade_coleta,QT_MAT_BAS_ND,Número de Matrículas da Educação Básica - Cor/Raça Não Declarada,,dicionário_dados_educação_básica_2023.xlsx
2023,microdados_unidade_coleta,QT_MAT_BAS_BRANCA,Número de Matrículas da Educação Básica - Cor/Raça Branca,,dicionário_dados_educação_básica_2023.xlsx
2023,microdados_unidade_coleta,QT_MAT_BAS_PRETA,Número de Matrículas da Educação Básica - Cor/Raça Preta,,dicionário_dados_educação_básica_2023.xlsx
2023,microdados_unidade_coleta,QT_MAT_BAS_PARDA,Número de Matrículas da Educação Básica - Cor/Raça Parda,,dicionário_dados_educação_básica_2023.xlsx
2023,microdados_unidade_coleta,QT_MAT_BAS_AMARELA,Número de Matrículas da Educação Básica - Cor/Raça Amarela,,dicionário_dados_educação_básica_2023.xlsx
2023,microdados_unidade_coleta,QT_MAT_BAS_INDIGENA,Número de Matrículas da Educação Básica - Cor/Raça Indígena,,dicionário_dados_educação_básica_2023.xlsx
2023,microdados_unidade_coleta,QT_MAT_BAS_0_3,Número de Matrículas da Educação Básica - Até 3 anos de idade,Faixa etária calculada com base na idade do aluno na data de referência do Censo Escolar (última quarta-feira do mês de maio),dicionário_dados_educação_básica_2023.xlsx
2023,microdados_unidade_coleta,QT_MAT_BAS_4_5,Número de Matrículas da Educação Básica - Entre 4 e 5 anos de idade,,dicionário_dados_educação_básica_2023.xlsx
2023,microdados_unidade_coleta,QT_MAT_BAS_6_10,Número de Matrículas da Educação Básica - Entre 6 e 10 anos de idade,,dicionário_dados_educação_básica_2023.xlsx
2023,microdados_unidade_coleta,QT_MAT_BAS_11_14,Número de Matrículas da Educação Básica - Entre 11 e 14 anos de idade,,dicionário_dados_educação_básica_2023.xlsx
2023,microdados_unidade_coleta,QT_MAT_BAS_15_17,Número de Matrículas da Educação Básica - Entre 15 e 17 anos de idade,,dicionário_dados_educação_básica_2023.xlsx
2023,microdados_unidade_coleta,QT_MAT_BAS_18_MAIS,Número de Matrículas da Educação Básica - Com 18 ou mais anos de idade,,dicionário_dados_educação_básica_2023.xlsx
2023,microdados_unidade_coleta,QT_MAT_BAS_D,Número de Matrículas da Educação Básica - Turno Diurno,Diurno - Quando a maior parte das atividades da turma são realizadas no período entre 6h e 17:59h.,dicionário_dados_educação_básica_2023.xlsx
2023,microdados_unidade_coleta,QT_MAT_BAS_N,Número de Matrículas da Educação Básica - Turno Noturno,Noturno - quando a maior parte das atividades da turma são realizadas entre 18h e 5:59h.,dicionário_dados_educação_básica_2023.xlsx
2023,microdados_unidade_coleta,QT_MAT_BAS_EAD,Número de Matrículas da Educação Básica - Turno não aplicável  para turmas semipresenciais ou de Educação a Distância (EAD),,dicionário_dados_educação_básica_2023.xlsx
2023,microdados_unidade_coleta,QT_MAT_INF_INT,Número de Matrículas da Educação Infantil - Tempo Integral,"Considera-se em tempo integral, o tempo de permanência semanal do aluno na turma de escolarização presencial (minutos/semana) maior ou igual a 35 horas semanais, e os que estão em turmas de escolarização presenciais com carga horária menor que 35 horas semanais, mas que somado ao tempo de permanência semanal em turmas de atividade complementar (mesma rede ou outra rede), de atendimento educacional especializado (mesma rede ou outra rede) e em turmas exclusivas de itinerário formativo  (mesma rede ou outra rede),  atinja as 35 horas ou mais.",dicionário_dados_educação_básica_2023.xlsx
2023,microdados_unidade_coleta,QT_MAT_INF_CRE_INT,Número de Matrículas da Educação Infantil - Creche - Tempo Integral,,dicionário_dados_educação_básica_2023.xlsx
2023,microdados_unidade_coleta,QT_MAT_INF_PRE_INT,Número de Matrículas da Educação Infantil - Pré-Escola - Tempo Integral,,dicionário_dados_educação_básica_2023.xlsx
2023,microdados_unidade_coleta,QT_MAT_FUND_INT,Número de Matrículas do Ensino Fundamental - Tempo Integral,,dicionário_dados_educação_básica_2023.xlsx
2023,microdados_unidade_coleta,QT_MAT_FUND_AI_INT,Número de Matrículas do Ensino Fundamental - Anos Iniciais - Tempo Integral,,dicionário_dados_educação_básica_2023.xlsx
2023,microdados_unidade_coleta,QT_MAT_FUND_AF_INT,Número de Matrículas do Ensino Fundamental - Anos Finais - Tempo Integral,,dicionário_dados_educação_básica_2023.xlsx
2023,microdados_unidade_coleta,QT_MAT_MED_INT,Número de Matrículas do Ensino Médio - Tempo Integral,,dicionário_dados_educação_básica_2023.xlsx
2023,microdados_unidade_coleta,QT_MAT_ZR_URB,Número de Matrículas da Educação Básica - Localização/Zona de residência do Aluno - Urbana,,dicionário_dados_educação_básica_2023.xlsx
2023,microdados_unidade_coleta,QT_MAT_ZR_RUR,Número de Matrículas da Educação Básica - Localização/Zona de residência do Aluno - Rural,,dicionário_dados_educação_básica_2023.xlsx
2023,microdados_unidade_coleta,QT_MAT_ZR_NA,Número de Matrículas da Educação Básica - Localização/Zona de residência do Aluno - Não aplicável para alunos residentes no exterior,,dicionário_dados_educação_básica_2023.xlsx
2023,microdados_unidade_coleta,QT_TRANSP_PUBLICO,Número de Matrículas da Educação Básica de alunos que utilizam transporte escolar público,,dicionário_dados_educação_básica_2023.xlsx
2023,microdados_unidade_coleta,QT_TRANSP_RESP_EST,Número de Matrículas da Educação Básica segundo o poder público responsável pelo transporte escolar - Estadual,,dicionário_dados_educação_básica_2023.xlsx
2023,microdados_unidade_coleta,QT_TRANSP_RESP_MUN,Número de Matrículas da Educação Básica segundo o poder público responsável pelo transporte escolar - Municipal,,dicionário_dados_educação_básica_2023.xlsx
2023,microdados_unidade_coleta,QT_DOC_BAS,Número de Docentes da Educação Básica,"Notas importantes:
1) Os docentes referem-se aos indivíduos que estavam em efetiva regência de classe na data de referência do Censo Escolar da Educação Básica (última quarta-feira do mês de maio). 
2) Os docentes são contados uma única vez em cada estabelecimento de ensino, contudo, um mesmo docente pode atuar em mais de uma Região Geográfica, Unidade da Federação, Município, estabelecimento de ensino, etapa de ensino, etc. Portanto, a soma dos docentes constantes nos Microdados não representam o total Brasil ou das Unidades da Federação. Para consultar o número de docentes em cada unidade de agregação, de forma distinta, acesse as Sinopses Estatísticas, ou, Inepdata, cujo links estão indicados no cabeçalho deste documento.
Os docentes são contados somente uma vez em cada Etapa de Ensino, independentemente de atuarem em mais de uma delas.	
3) Na Educação Infantil inclui, os docentes que atuam em turmas de Creche, Pré-Escola e unificadas.	
4) Na Pré-Escola da Educação Infantil, inclui os docentes que atuam em turmas unificadas.	
5) Nos Anos Iniciais do Ensino Fundamental, inclui os docentes que atuam em turmas do 1º ao 5º ano do Ensino Fundamental e em turmas da Educação Infantil e Ensino Fundamental Multietapa.	
6) Nos Anos Finais do Ensino Fundamental, inclui os docentes que atuam em turmas do 6º ao 9º ano do Ensino Fundamental e em turmas do Ensino Fundamental Correção de Fluxo e turmas Multi.	
7) Na Educação Profissional, inclui os docentes que atuam nas seguintes Etapas de Ensino: Curso Técnico Integrado à Educação Profissional, Ensino Médio Normal/Magistério, Curso Técnico Concomitante, Curso Técnico Subsequente, Curso Técnico Misto (Concomitante e Subsequente), Curso FIC Concomitante, Cursos FIC Integrados à EJA de níveis Fundamental e Médio e Curso Técnico Integrado à EJA de Nível Médio.	
8) Na Educação de Jovens e Adultos (EJA), inclui os docentes que atuam em turmas das seguintes Etapas: EJA Ensino Fundamental, EJA Ensino Médio, Cursos FIC de níveis Fundamental e Médio e Curso Técnico Integrado à EJA (EJA Integrada à Educação Profissional de Nível Médio).	
9) Na EJA - Ensino Fundamental, inclui os docentes que atuam em turmas da EJA Ensino Fundamental Anos Iniciais e Anos Finais e Cursos FIC de nível Fundamental.
10) Na EJA - Ensino Médio, inclui os docentes que atuam em turmas da EJA Ensino Médio, Cursos FIC de nível Médio e Curso Técnico Integrado à EJA (EJA Integrada à Educação Profissional de Nível Médio).	
11) Na Educação Especial, inclui os docentes que atuam em turmas de Classes Exclusivas (Escolas Exclusivamente Especializadas e/ou em Classes Exclusivas de Ensino Regular e/ou EJA) e em Classes Comuns do Ensino Regular e/ou EJA.	
12) Nas Classes Comuns da Educação Especial, inclui os docentes que atuam em turmas que possuam alunos com algum tipo de deficiência, transtorno global do desenvolvimento e altas habilidades/superdotação do Ensino Regular e/ou EJA.	
13) Nas Classes Exclusivas da Educação Especial, inclui os docentes que atuam em turmas de Escolas Exclusivamente Especializadas e/ou em Classes Exclusivas do Ensino Regular e/ou EJA.",dicionário_dados_educação_básica_2023.xlsx
2023,microdados_unidade_coleta,QT_DOC_INF,Número de Docentes da Educação Infantil,,dicionário_dados_educação_básica_2023.xlsx
2023,microdados_unidade_coleta,QT_DOC_INF_CRE,Número de Docentes da Educação Infantil - Creche,,dicionário_dados_educação_básica_2023.xlsx
2023,microdados_unidade_coleta,QT_DOC_INF_PRE,Número de Docentes da Educação Infantil - Pré-Escola,,dicionário_dados_educação_básica_2023.xlsx
2023,microdados_unidade_coleta,QT_DOC_FUND,Número de Docentes do Ensino Fundamental,,dicionário_dados_educação_básica_2023.xlsx
2023,microdados_unidade_coleta,QT_DOC_FUND_AI,Número de Docentes do Ensino Fundamental - Anos Iniciais,,dicionário_dados_educação_básica_2023.xlsx
2023,microdados_unidade_coleta,QT_DOC_FUND_AF,Número de Docentes do Ensino Fundamental - Anos Finais,,dicionário_dados_educação_básica_2023.xlsx
2023,microdados_unidade_coleta,QT_DOC_MED,Número de Docentes do Ensino Médio,,dicionário_dados_educação_básica_2023.xlsx
2023,microdados_unidade_coleta,QT_DOC_PROF,Número de Docentes da Educação Profissional,,dicionário_dados_educação_básica_2023.xlsx
2023,microdados_unidade_coleta,QT_DOC_PROF_TEC,Número de Docentes da Educação Profissional Técnica,,dicionário_dados_educação_básica_2023.xlsx
2023,microdados_unidade_coleta,QT_DOC_EJA,Número de Docentes da Educação de Jovens e Adultos (EJA),,dicionário_dados_educação_básica_2023.xlsx
2023,microdados_unidade_coleta,QT_DOC_EJA_FUND,Número de Docentes da Educação de Jovens e Adultos (EJA) - Ensino Fundamental,,dicionário_dados_educação_básica_2023.xlsx
2023,microdados_unidade_coleta,QT_DOC_EJA_MED,Número de Docentes da Educação de Jovens e Adultos (EJA) - Ensino Médio,,dicionário_dados_educação_básica_2023.xlsx
2023,microdados_unidade_coleta,QT_DOC_ESP,Número de Docentes da Educação Especial,,dicionário_dados_educação_básica_2023.xlsx
2023,microdados_unidade_coleta,QT_DOC_ESP_CC,Número de Docentes da Educação Especial Inclusiva,,dicionário_dados_educação_básica_2023.xlsx
2023,microdados_unidade_coleta,QT_DOC_ESP_CE,Número de Docentes da Educação Especial Exclusiva,,dicionário_dados_educação_básica_2023.xlsx
2023,microdados_unidade_coleta,QT_TUR_BAS,Número de Turmas de Educação Básica,,dicionário_dados_educação_básica_2023.xlsx
2023,microdados_unidade_coleta,QT_TUR_INF,Número de Turmas de Educação Infantil,,dicionário_dados_educação_básica_2023.xlsx
2023,microdados_unidade_coleta,QT_TUR_INF_CRE,Número de Turmas de Educação Infantil - Creche,,dicionário_dados_educação_básica_2023.xlsx
2023,microdados_unidade_coleta,QT_TUR_INF_PRE,Número de Turmas de Educação Infantil - Pré-Escola,,dicionário_dados_educação_básica_2023.xlsx
2023,microdados_unidade_coleta,QT_TUR_FUND,Número de Turmas de Ensino Fundamental,,dicionário_dados_educação_básica_2023.xlsx
2023,microdados_unidade_coleta,QT_TUR_FUND_AI,Número de Turmas de Ensino Fundamental - Anos Iniciais,,dicionário_dados_educação_básica_2023.xlsx
2023,microdados_unidade_coleta,QT_TUR_FUND_AF,Número de Turmas de Ensino Fundamental - Anos Finais,,dicionário_dados_educação_básica_2023.xlsx
2023,microdados_unidade_coleta,QT_TUR_MED,Número de Turmas de Ensino Médio,,dicionário_dados_educação_básica_2023.xlsx
2023,microdados_unidade_coleta,QT_TUR_PROF,Número de Turmas de Educação Profissional,,dicionário_dados_educação_básica_2023.xlsx
2023,microdados_unidade_coleta,QT_TUR_PROF_TEC,Número de Turmas de Educação Profissional Técnica,,dicionário_dados_educação_básica_2023.xlsx
2023,microdados_unidade_coleta,QT_TUR_EJA,Número de Turmas de Educação de Jovens e Adultos (EJA),,dicionário_dados_educação_básica_2023.xlsx
2023,microdados_unidade_coleta,QT_TUR_EJA_FUND,Número de Turmas de Educação de Jovens e Adultos (EJA) - Ensino Fundamental,,dicionário_dados_educação_básica_2023.xlsx
2023,microdados_unidade_coleta,QT_TUR_EJA_MED,Número de Turmas de Educação de Jovens e Adultos (EJA) - Ensino Médio,,dicionário_dados_educação_básica_2023.xlsx
2023,microdados_unidade_coleta,QT_TUR_ESP,Número de Turmas de Educação Especial,,dicionário_dados_educação_básica_2023.xlsx
2023,microdados_unidade_coleta,QT_TUR_ESP_CC,Número de Turmas de Educação Especial Inclusiva,,dicionário_dados_educação_básica_2023.xlsx
2023,microdados_unidade_coleta,QT_TUR_ESP_CE,Número de Turmas de Educação Especial Exclusiva,,dicionário_dados_educação_básica_2023.xlsx
2023,microdados_unidade_coleta,QT_TUR_BAS_D,Número de Turmas da Educação Básica - Turno Diurno,Diurno - Quando a maior parte das atividades da turma são realizadas no período entre 6h e 17:59h.,dicionário_dados_educação_básica_2023.xlsx
2023,microdados_unidade_coleta,QT_TUR_BAS_N,Número de Turmas da Educação Básica - Turno Noturno,Noturno - quando a maior parte das atividades da turma são realizadas entre 18h e 5:59h.,dicionário_dados_educação_básica_2023.xlsx
2023,microdados_unidade_coleta,QT_TUR_BAS_EAD,Número de Turmas da Educação Básica - Turno não aplicável  para turmas semipresenciais ou de Educação a Distância (EAD),,dicionário_dados_educação_básica_2023.xlsx
2023,microdados_unidade_coleta,QT_TUR_INF_INT,Número de Turmas da Educação Infantil - Tempo Integral,"Considera-se em tempo integral, as turmas com duração igual ou maior que 7 horas diárias (35 horas semanais).",dicionário_dados_educação_básica_2023.xlsx
2023,microdados_unidade_coleta,QT_TUR_INF_CRE_INT,Número de Turmas da Educação Infantil - Creche - Tempo Integral,,dicionário_dados_educação_básica_2023.xlsx
2023,microdados_unidade_coleta,QT_TUR_INF_PRE_INT,Número de Turmas da Educação Infantil - Pré-Escola - Tempo Integral,,dicionário_dados_educação_básica_2023.xlsx
2023,microdados_unidade_coleta,QT_TUR_FUND_INT,Número de Turmas do Ensino Fundamental - Tempo Integral,,dicionário_dados_educação_básica_2023.xlsx
2023,microdados_unidade_coleta,QT_TUR_FUND_AI_INT,Número de Turmas do Ensino Fundamental - Anos Iniciais - Tempo Integral,,dicionário_dados_educação_básica_2023.xlsx
2023,microdados_unidade_coleta,QT_TUR_FUND_AF_INT,Número de Turmas do Ensino Fundamental - Anos Finais - Tempo Integral,,dicionário_dados_educação_básica_2023.xlsx
2023,microdados_unidade_coleta,QT_TUR_MED_INT,Número de Turmas do Ensino Médio - Tempo Integral,,dicionário_dados_educação_básica_2023.xlsx
2023,suplemento_cursos_tecnicos,NU_ANO_CENSO,Ano do Censo,,dicionário_dados_educação_básica_2023.xlsx
2023,suplemento_cursos_tecnicos,NO_REGIAO,Nome da Região Geográfica,,dicionário_dados_educação_básica_2023.xlsx
2023,suplemento_cursos_tecnicos,CO_REGIAO,Código da Região Geográfica,,dicionário_dados_educação_básica_2023.xlsx
2023,suplemento_cursos_tecnicos,NO_UF,Nome da Unidade da Federação,,dicionário_dados_educação_básica_2023.xlsx
2023,suplemento_cursos_tecnicos,SG_UF,Sigla da Unidade da Federação,,dicionário_dados_educação_básica_2023.xlsx
2023,suplemento_cursos_tecnicos,CO_UF,Código da Unidade da Federação,,dicionário_dados_educação_básica_2023.xlsx
2023,suplemento_cursos_tecnicos,NO_MUNICIPIO,Nome do Município,,dicionário_dados_educação_básica_2023.xlsx
2023,suplemento_cursos_tecnicos,CO_MUNICIPIO,Código do Município,,dicionário_dados_educação_básica_2023.xlsx
2023,suplemento_cursos_tecnicos,TP_LOCALIZACAO,Localização,,dicionário_dados_educação_básica_2023.xlsx
2023,suplemento_cursos_tecnicos,TP_LOCALIZACAO_DIFERENCIADA,Localização diferenciada da escola,"De 2007 a 2011:  
0 - Não se aplica
1 - Área de assentamento
2 - Terra indígena
3 - Área remanescente de quilombos
De 2012 a 2018:  
0 - A escola não está em área de localização diferenciada
1 - Área de assentamento
2 - Terra indígena
3 - Área remanescente de quilombos
4 - Unidade de uso sustentável
5 - Unidade de uso sustentável em terra indígena
6 - Unidade de uso sustentável em área 
remanescente de quilombos",dicionário_dados_educação_básica_2023.xlsx
2023,suplemento_cursos_tecnicos,TP_DEPENDENCIA,Dependência Administrativa,,dicionário_dados_educação_básica_2023.xlsx
2023,suplemento_cursos_tecnicos,NO_ENTIDADE,Código da Escola,,dicionário_dados_educação_básica_2023.xlsx
2023,suplemento_cursos_tecnicos,CO_ENTIDADE,Nome da Escola,,dicionário_dados_educação_básica_2023.xlsx
2023,suplemento_cursos_tecnicos,NO_AREA_CURSO_PROFISSIONAL,Nome da Área do Curso Técnico,,dicionário_dados_educação_básica_2023.xlsx
2023,suplemento_cursos_tecnicos,ID_AREA_CURSO_PROFISSIONAL,Código da Área do Curso Técnico,,dicionário_dados_educação_básica_2023.xlsx
2023,suplemento_cursos_tecnicos,NO_CURSO_EDUC_PROFISSIONAL,Nome do Cursos Técnico,,dicionário_dados_educação_básica_2023.xlsx
2023,suplemento_cursos_tecnicos,CO_CURSO_EDUC_PROFISSIONAL,Código do Curso Técnico,,dicionário_dados_educação_básica_2023.xlsx
2023,suplemento_cursos_tecnicos,QT_CURSO_TEC,Número de Cursos Técnicos,,dicionário_dados_educação_básica_2023.xlsx
2023,suplemento_cursos_tecnicos,QT_MAT_CURSO_TEC,Número de Matrículas em Cursos Técnicos,,dicionário_dados_educação_básica_2023.xlsx
2023,suplemento_cursos_tecnicos,QT_CURSO_TEC_CT,Número de Cursos Técnicos - Ensino Médio Integrado à Educação Profissional,,dicionário_dados_educação_básica_2023.xlsx
2023,suplemento_cursos_tecnicos,QT_MAT_CURSO_TEC_CT,Número de Matrículas em Cursos Técnicos - Ensino Médio Integrado à Educação Profissional,,dicionário_dados_educação_básica_2023.xlsx
2023,suplemento_cursos_tecnicos,QT_CURSO_TEC_NM,Número de Cursos Técnicos - Ensino Médio - Modalidade Normal/Magistério,,dicionário_dados_educação_básica_2023.xlsx
2023,suplemento_cursos_tecnicos,QT_MAT_CURSO_TEC_NM,Número de Matrículas em Cursos Técnicos - Ensino Médio - Modalidade Normal/Magistério,,dicionário_dados_educação_básica_2023.xlsx
2023,suplemento_cursos_tecnicos,QT_CURSO_TEC_CONC,Número de Cursos Técnicos - Educação Profissional Concomitante,,dicionário_dados_educação_básica_2023.xlsx
2023,suplemento_cursos_tecnicos,QT_MAT_CURSO_TEC_CONC,Número de Matrículas em Cursos Técnicos - Educação Profissional Concomitante,,dicionário_dados_educação_básica_2023.xlsx
2023,suplemento_cursos_tecnicos,QT_CURSO_TEC_SUBS,Número de Cursos Técnicos - Educação Profissional Subsequente,,dicionário_dados_educação_básica_2023.xlsx
2023,suplemento_cursos_tecnicos,QT_MAT_TEC_SUBS,Número de Matrículas em Cursos Técnicos - Educação Profissional Subsequente,,dicionário_dados_educação_básica_2023.xlsx
2023,suplemento_cursos_tecnicos,QT_CURSO_TEC_EJA,Número de Cursos Técnicos - Curso Técnico Integrado na Modalidade EJA de Nível Médio,,dicionário_dados_educação_básica_2023.xlsx
2023,suplemento_cursos_tecnicos,QT_MAT_TEC_EJA,Número de Matrículas em Cursos Técnicos - Curso Técnico Integrado na Modalidade EJA de Nível Médio,,dicionário_dados_educação_básica_2023.xlsx
2024,microdados_unidade_coleta,NU_ANO_CENSO,Ano do Censo,,dicionário_dados_educação_básica_2024.xlsx
2024,microdados_unidade_coleta,NO_REGIAO,Nome da Região Geográfica,,dicionário_dados_educação_básica_2024.xlsx
2024,microdados_unidade_coleta,CO_REGIAO,Código da Região Geográfica,,dicionário_dados_educação_básica_2024.xlsx
2024,microdados_unidade_coleta,NO_UF,Nome da Unidade da Federação,,dicionário_dados_educação_básica_2024.xlsx
2024,microdados_unidade_coleta,SG_UF,Sigla da Unidade da Federação,,dicionário_dados_educação_básica_2024.xlsx
2024,microdados_unidade_coleta,CO_UF,Código da Unidade da Federação,,dicionário_dados_educação_básica_2024.xlsx
2024,microdados_unidade_coleta,NO_MUNICIPIO,Nome do Município,,dicionário_dados_educação_básica_2024.xlsx
2024,microdados_unidade_coleta,CO_MUNICIPIO,Código do Município,,dicionário_dados_educação_básica_2024.xlsx
2024,microdados_unidade_coleta,NO_REGIAO_GEOG_INTERM,Nome da Região Geográfica Intermediária,"A Fundação Instituto Brasileiro de Geografia e Estatísticas (IBGE), propôs em 2017 uma nova divisão geográfica regional do Brasil que corresponde às antigas Mesorregiões e Microrregiões. Assim, a partir de 2019, as regiões geográficas regionais são classificadas em Regiões Geográficas Intermediárias e Regiões Imediatas. No Censo Escolar, para fins de comparação ao longo dos anos, foram mantidas as variáveis de Mesorregiões e Microrregiões.",dicionário_dados_educação_básica_2024.xlsx
2024,microdados_unidade_coleta,CO_REGIAO_GEOG_INTERM,Código da Região Geográfica Intermediária,,dicionário_dados_educação_básica_2024.xlsx
2024,microdados_unidade_coleta,NO_REGIAO_GEOG_IMED,Nome da Região Geográfica Imediata,,dicionário_dados_educação_básica_2024.xlsx
2024,microdados_unidade_coleta,CO_REGIAO_GEOG_IMED,Código da Região Geográfica Imediata,,dicionário_dados_educação_básica_2024.xlsx
2024,microdados_unidade_coleta,NO_MESORREGIAO,Nome da Mesorregião,,dicionário_dados_educação_básica_2024.xlsx
2024,microdados_unidade_coleta,CO_MESORREGIAO,Código da Mesorregião,,dicionário_dados_educação_básica_2024.xlsx
2024,microdados_unidade_coleta,NO_MICRORREGIAO,Nome da Microrregião,,dicionário_dados_educação_básica_2024.xlsx
2024,microdados_unidade_coleta,CO_MICRORREGIAO,Código da Microrregião,,dicionário_dados_educação_básica_2024.xlsx
2024,microdados_unidade_coleta,NO_DISTRITO,Divisão Intramunicipal - Nome do Distrito,,dicionário_dados_educação_básica_2024.xlsx
2024,microdados_unidade_coleta,CO_DISTRITO,Divisão Intramunicipal - Código do Distrito,,dicionário_dados_educação_básica_2024.xlsx
2024,microdados_unidade_coleta,NO_ENTIDADE,Nome da Escola,,dicionário_dados_educação_básica_2024.xlsx
2024,microdados_unidade_coleta,CO_ENTIDADE,Código da Escola,,dicionário_dados_educação_básica_2024.xlsx
2024,microdados_unidade_coleta,TP_DEPENDENCIA,Dependência Administrativa,,dicionário_dados_educação_básica_2024.xlsx
2024,microdados_unidade_coleta,TP_CATEGORIA_ESCOLA_PRIVADA,Categoria da escola privada,,dicionário_dados_educação_básica_2024.xlsx
2024,microdados_unidade_coleta,TP_LOCALIZACAO,Localização,,dicionário_dados_educação_básica_2024.xlsx
2024,microdados_unidade_coleta,TP_LOCALIZACAO_DIFERENCIADA,Localização diferenciada da escola,"De 2007 a 2011:  
0 - Não se aplica
1 - Área de assentamento
2 - Terra indígena
3 - Área remanescente de quilombos
De 2012 a 2018:  
0 - A escola não está em área de localização diferenciada
1 - Área de assentamento
2 - Terra indígena
3 - Área remanescente de quilombos
4 - Unidade de uso sustentável
5 - Unidade de uso sustentável em terra indígena
6 - Unidade de uso sustentável em área remanescente de quilombos
De 2019 a 2022: 
0 - A escola não está em área de localização diferenciada
1 - Área de assentamento
2 - Terra indígena
3 - Área onde se localiza comunidade remanescente de quilombos
Em 2023 foi adicionada a categoria 8: 
8 - Área onde se localizam povos e comunidades tradicionais",dicionário_dados_educação_básica_2024.xlsx
2024,microdados_unidade_coleta,DS_ENDERECO,Endereço,,dicionário_dados_educação_básica_2024.xlsx
2024,microdados_unidade_coleta,NU_ENDERECO,Número,,dicionário_dados_educação_básica_2024.xlsx
2024,microdados_unidade_coleta,DS_COMPLEMENTO,Complemento,,dicionário_dados_educação_básica_2024.xlsx
2024,microdados_unidade_coleta,NO_BAIRRO,Bairro,,dicionário_dados_educação_básica_2024.xlsx
2024,microdados_unidade_coleta,CO_CEP,CEP,,dicionário_dados_educação_básica_2024.xlsx
2024,microdados_unidade_coleta,NU_DDD,DDD,,dicionário_dados_educação_básica_2024.xlsx
2024,microdados_unidade_coleta,NU_TELEFONE,Telefone,,dicionário_dados_educação_básica_2024.xlsx
2024,microdados_unidade_coleta,TP_SITUACAO_FUNCIONAMENTO,Situação de funcionamento,,dicionário_dados_educação_básica_2024.xlsx
2024,microdados_unidade_coleta,CO_ORGAO_REGIONAL,Código do Órgão Regional de Ensino,,dicionário_dados_educação_básica_2024.xlsx
2024,microdados_unidade_coleta,DT_ANO_LETIVO_INICIO,Início do ano letivo,,dicionário_dados_educação_básica_2024.xlsx
2024,microdados_unidade_coleta,DT_ANO_LETIVO_TERMINO,Término (previsão) do ano letivo,,dicionário_dados_educação_básica_2024.xlsx
2024,microdados_unidade_coleta,IN_VINCULO_SECRETARIA_EDUCACAO,Órgão ao qual a escola pública está vinculada - Secretaria de Educação/Ministério da Educação,,dicionário_dados_educação_básica_2024.xlsx
2024,microdados_unidade_coleta,IN_VINCULO_SEGURANCA_PUBLICA,Órgão ao qual a escola pública está vinculada - Secretaria de Segurança Pública/Forças Armadas/Militar,,dicionário_dados_educação_básica_2024.xlsx
2024,microdados_unidade_coleta,IN_VINCULO_SECRETARIA_SAUDE,Órgão ao qual a escola pública está vinculada - Secretaria de Saúde/Ministério da Saúde,,dicionário_dados_educação_básica_2024.xlsx
2024,microdados_unidade_coleta,IN_VINCULO_OUTRO_ORGAO,Órgão ao qual a escola pública está vinculada - Outro órgão da administração pública,,dicionário_dados_educação_básica_2024.xlsx
2024,microdados_unidade_coleta,IN_PODER_PUBLICO_PARCERIA,"Parceria ou convênio com o poder público (parceria ou convênio firmado entre a Administração Pública e instituições privadas ou instituições públicas de ensino, autarquias e fundações da administração indireta e demais instituições de educação profissional técnica de nível médio dos serviços sociais autônomos que integram o sistema federal de ensino, para financiamento do atendimento educacional ou para a oferta do itinerário de formação técnica e profissional do ensino médio)","Entre 2007 e 2021:
A variável IN_CONVENIADA_PP foi renomeada para:
IN_PODER_PUBLICO_PARCERIA",dicionário_dados_educação_básica_2024.xlsx
2024,microdados_unidade_coleta,TP_PODER_PUBLICO_PARCERIA,Poder público responsável pela parceria ou convênio entre a Administração Pública e outras instituições,"Entre 2007 e 2021:
A variável TP_CONVENIO_PODER_PUBLICO foi renomeada para: TP_PODER_PUBLICO_PARCERIA",dicionário_dados_educação_básica_2024.xlsx
2024,microdados_unidade_coleta,IN_CONVENIADA_PP,Conveniada com o poder público,,dicionário_dados_educação_básica_2024.xlsx
2024,microdados_unidade_coleta,TP_CONVENIO_PODER_PUBLICO,Dependência do convênio com o poder público,,dicionário_dados_educação_básica_2024.xlsx
2024,microdados_unidade_coleta,IN_FORMA_CONT_TERMO_COLABORA,Forma de contratação entre a Administração Pública e outras instituições - Termo de colaboração (Lei nº 13.019/2014),,dicionário_dados_educação_básica_2024.xlsx
2024,microdados_unidade_coleta,IN_FORMA_CONT_TERMO_FOMENTO,Forma de contratação entre a Administração Pública e outras instituições - Termo de fomento (Lei nº 13.019/2014),,dicionário_dados_educação_básica_2024.xlsx
2024,microdados_unidade_coleta,IN_FORMA_CONT_ACORDO_COOP,Forma de contratação entre a Administração Pública e outras instituições - Acordo de cooperação (Lei nº 13.019/2014),,dicionário_dados_educação_básica_2024.xlsx
2024,microdados_unidade_coleta,IN_FORMA_CONT_PRESTACAO_SERV,Forma de contratação entre a Administração Pública e outras instituições - Contrato de prestação de serviço,,dicionário_dados_educação_básica_2024.xlsx
2024,microdados_unidade_coleta,IN_FORMA_CONT_COOP_TEC_FIN,Forma de contratação entre a Administração Pública e outras instituições - Termo de cooperação técnica e financeira,,dicionário_dados_educação_básica_2024.xlsx
2024,microdados_unidade_coleta,IN_FORMA_CONT_CONSORCIO_PUB,Forma de contratação entre a Administração Pública e outras instituições - Contrato de consórcio público/Convênio de cooperação,,dicionário_dados_educação_básica_2024.xlsx
2024,microdados_unidade_coleta,IN_FORMA_CONT_MU_TERMO_COLAB,Forma(s) de contratação da parceria ou convênio entre a escola e a Secretaria municipal de educação - Termo de colaboração (Lei nº 13.019/2014),,dicionário_dados_educação_básica_2024.xlsx
2024,microdados_unidade_coleta,IN_FORMA_CONT_MU_TERMO_FOMENTO,Forma(s) de contratação da parceria ou convênio entre a escola e a Secretaria municipal de educação - Termo de fomento (Lei nº 13.019/2014),,dicionário_dados_educação_básica_2024.xlsx
2024,microdados_unidade_coleta,IN_FORMA_CONT_MU_ACORDO_COOP,Forma(s) de contratação da parceria ou convênio entre a escola e a Secretaria municipal de educação - Acordo de cooperação (Lei nº 13.019/2014),,dicionário_dados_educação_básica_2024.xlsx
2024,microdados_unidade_coleta,IN_FORMA_CONT_MU_PREST_SERV,Forma(s) de contratação da parceria ou convênio entre a escola e a Secretaria municipal de educação - Contrato de prestação de serviço,,dicionário_dados_educação_básica_2024.xlsx
2024,microdados_unidade_coleta,IN_FORMA_CONT_MU_COOP_TEC_FIN,Forma(s) de contratação da parceria ou convênio entre a escola e a Secretaria municipal de educação - Termo de cooperação técnica e financeira,,dicionário_dados_educação_básica_2024.xlsx
2024,microdados_unidade_coleta,IN_FORMA_CONT_MU_CONSORCIO_PUB,"Forma(s) de contratação da parceria ou convênio entre a escola e a Secretaria municipal de educação - Contrato de consórcio público/Convênio de
cooperação",,dicionário_dados_educação_básica_2024.xlsx
2024,microdados_unidade_coleta,IN_FORMA_CONT_ES_TERMO_COLAB,Forma(s) de contratação da parceria ou convênio entre a escola e a Secretaria estadual de educação - Termo de colaboração (Lei nº 13.019/2014),,dicionário_dados_educação_básica_2024.xlsx
2024,microdados_unidade_coleta,IN_FORMA_CONT_ES_TERMO_FOMENTO,Forma(s) de contratação da parceria ou convênio entre a escola e a Secretaria estadual de educação - Termo de fomento (Lei nº 13.019/2014),,dicionário_dados_educação_básica_2024.xlsx
2024,microdados_unidade_coleta,IN_FORMA_CONT_ES_ACORDO_COOP,Forma(s) de contratação da parceria ou convênio entre a escola e a Secretaria estadual de educação - Acordo de cooperação (Lei nº 13.019/2014),,dicionário_dados_educação_básica_2024.xlsx
2024,microdados_unidade_coleta,IN_FORMA_CONT_ES_PREST_SERV,Forma(s) de contratação da parceria ou convênio entre a escola e a Secretaria estadual de educação - Contrato de prestação de serviço,,dicionário_dados_educação_básica_2024.xlsx
2024,microdados_unidade_coleta,IN_FORMA_CONT_ES_COOP_TEC_FIN,Forma(s) de contratação da parceria ou convênio entre a escola e a Secretaria estadual de educação - Termo de cooperação técnica e financeira,,dicionário_dados_educação_básica_2024.xlsx
2024,microdados_unidade_coleta,IN_FORMA_CONT_ES_CONSORCIO_PUB,"Forma(s) de contratação da parceria ou convênio entre a escola e a Secretaria estadual de educação - Contrato de consórcio público/Convênio de
cooperação",,dicionário_dados_educação_básica_2024.xlsx
2024,microdados_unidade_coleta,IN_TIPO_ATEND_ESCOLARIZACAO,Tipo de atendimento ofertado por meio da parceria ou convênio - Escolarização,,dicionário_dados_educação_básica_2024.xlsx
2024,microdados_unidade_coleta,IN_TIPO_ATEND_AC,Tipo de atendimento ofertado por meio da parceria ou convênio - Atividade Complementar,,dicionário_dados_educação_básica_2024.xlsx
2024,microdados_unidade_coleta,IN_TIPO_ATEND_AEE,Tipo de atendimento ofertado por meio da parceria ou convênio - Atendimento Educacional Especializado (AEE),,dicionário_dados_educação_básica_2024.xlsx
2024,microdados_unidade_coleta,IN_MANT_ESCOLA_PRIVADA_EMP,Mantenedora da escola privada - Empresa ou grupo empresarial do setor privado ou pessoa física,,dicionário_dados_educação_básica_2024.xlsx
2024,microdados_unidade_coleta,IN_MANT_ESCOLA_PRIVADA_ONG,Mantenedora da escola privada - Organização Não Governamental (ONG) - internacional ou nacional,,dicionário_dados_educação_básica_2024.xlsx
2024,microdados_unidade_coleta,IN_MANT_ESCOLA_PRIVADA_OSCIP,Mantenedora da escola privada - Organização da Sociedade Civil de Interesse Público (Oscip),,dicionário_dados_educação_básica_2024.xlsx
2024,microdados_unidade_coleta,IN_MANT_ESCOLA_PRIV_ONG_OSCIP,"Mantenedora da escola privada - Organização Não Governamental (ONG) - internacional ou nacional.
Organização da Sociedade Civil de Interesse Público (Oscip)","A partir de 2019:
Variável derivada juntando IN_MANT_ESCOLA_PRIVADA_ONG e IN_MANT_ESCOLA_PRIVADA_OSCIP",dicionário_dados_educação_básica_2024.xlsx
2024,microdados_unidade_coleta,IN_MANT_ESCOLA_PRIVADA_SIND,"Mantenedora da escola privada - Sindicatos de trabalhadores ou patronais, associações e cooperativas",,dicionário_dados_educação_básica_2024.xlsx
2024,microdados_unidade_coleta,IN_MANT_ESCOLA_PRIVADA_SIST_S,"Mantenedora da escola privada - Sistema S (Sesi, Senai, Sesc, outros)",,dicionário_dados_educação_básica_2024.xlsx
2024,microdados_unidade_coleta,IN_MANT_ESCOLA_PRIVADA_S_FINS,Mantenedora da escola privada - Instituições sem fins lucrativos,,dicionário_dados_educação_básica_2024.xlsx
2024,microdados_unidade_coleta,NU_CNPJ_ESCOLA_PRIVADA,Número do CNPJ da escola privada,,dicionário_dados_educação_básica_2024.xlsx
2024,microdados_unidade_coleta,NU_CNPJ_MANTENEDORA,Número do CNPJ da mantenedora principal da escola privada,,dicionário_dados_educação_básica_2024.xlsx
2024,microdados_unidade_coleta,TP_REGULAMENTACAO,"Regulamentação/Autorização no conselho ou órgão municipal, estadual ou federal de educação",,dicionário_dados_educação_básica_2024.xlsx
2024,microdados_unidade_coleta,TP_RESPONSAVEL_REGULAMENTACAO,Esfera administrativa do conselho ou órgão responsável pela Regulamentação/Autorização,,dicionário_dados_educação_básica_2024.xlsx
2024,microdados_unidade_coleta,CO_ESCOLA_SEDE_VINCULADA,Código da escola sede,,dicionário_dados_educação_básica_2024.xlsx
2024,microdados_unidade_coleta,CO_IES_OFERTANTE,Código da IES vinculada à escola,,dicionário_dados_educação_básica_2024.xlsx
2024,microdados_unidade_coleta,IN_LOCAL_FUNC_PREDIO_ESCOLAR,Local de funcionamento da escola - Prédio Escolar,,dicionário_dados_educação_básica_2024.xlsx
2024,microdados_unidade_coleta,TP_OCUPACAO_PREDIO_ESCOLAR,Forma de ocupação do Prédio escolar,,dicionário_dados_educação_básica_2024.xlsx
2024,microdados_unidade_coleta,IN_LOCAL_FUNC_SALAS_EMPRESA,Local de funcionamento da escola - Salas de empresa,,dicionário_dados_educação_básica_2024.xlsx
2024,microdados_unidade_coleta,IN_LOCAL_FUNC_SOCIOEDUCATIVO,Local de funcionamento da escola - Unidade de Atendimento socioeducativo,,dicionário_dados_educação_básica_2024.xlsx
2024,microdados_unidade_coleta,IN_LOCAL_FUNC_UNID_PRISIONAL,Local de funcionamento da escola - Unidade Prisional,,dicionário_dados_educação_básica_2024.xlsx
2024,microdados_unidade_coleta,IN_LOCAL_FUNC_PRISIONAL_SOCIO,Local de funcionamento da escola - Unidade Prisional ou Unidade de atendimento socioeducativo,,dicionário_dados_educação_básica_2024.xlsx
2024,microdados_unidade_coleta,IN_LOCAL_FUNC_TEMPLO_IGREJA,Local de funcionamento da escola - Templo/Igreja,,dicionário_dados_educação_básica_2024.xlsx
2024,microdados_unidade_coleta,IN_LOCAL_FUNC_CASA_PROFESSOR,Local de funcionamento da escola - Casa do professor,,dicionário_dados_educação_básica_2024.xlsx
2024,microdados_unidade_coleta,IN_LOCAL_FUNC_GALPAO,Local de funcionamento da escola - Galpão/Rancho/Paiol/Barracão,,dicionário_dados_educação_básica_2024.xlsx
2024,microdados_unidade_coleta,TP_OCUPACAO_GALPAO,Forma de ocupação do Galpão/Rancho/Paiol/Barracão,,dicionário_dados_educação_básica_2024.xlsx
2024,microdados_unidade_coleta,IN_LOCAL_FUNC_SALAS_OUTRA_ESC,Local de funcionamento da escola - Salas em outra escola,,dicionário_dados_educação_básica_2024.xlsx
2024,microdados_unidade_coleta,IN_LOCAL_FUNC_OUTROS,Local de funcionamento da escola - Outros,,dicionário_dados_educação_básica_2024.xlsx
2024,microdados_unidade_coleta,IN_PREDIO_COMPARTILHADO,Prédio compartilhado com outra escola,,dicionário_dados_educação_básica_2024.xlsx
2024,microdados_unidade_coleta,IN_AGUA_FILTRADA,Água consumida pelos alunos,,dicionário_dados_educação_básica_2024.xlsx
2024,microdados_unidade_coleta,IN_AGUA_POTAVEL,Fornece água potável para o consumo humano,,dicionário_dados_educação_básica_2024.xlsx
2024,microdados_unidade_coleta,IN_AGUA_REDE_PUBLICA,Abastecimento de água - Rede pública,,dicionário_dados_educação_básica_2024.xlsx
2024,microdados_unidade_coleta,IN_AGUA_POCO_ARTESIANO,Abastecimento de água - Poço artesiano,,dicionário_dados_educação_básica_2024.xlsx
2024,microdados_unidade_coleta,IN_AGUA_CACIMBA,Abastecimento de água - Cacimba/Cisterna/Poço,,dicionário_dados_educação_básica_2024.xlsx
2024,microdados_unidade_coleta,IN_AGUA_FONTE_RIO,Abastecimento de água - Fonte/Rio/Igarapé/Riacho/Córrego,,dicionário_dados_educação_básica_2024.xlsx
2024,microdados_unidade_coleta,IN_AGUA_INEXISTENTE,Abastecimento de água - Não há abastecimento de água,,dicionário_dados_educação_básica_2024.xlsx
2024,microdados_unidade_coleta,IN_AGUA_CARRO_PIPA,Abastecimento de água - Carro-pipa,,dicionário_dados_educação_básica_2024.xlsx
2024,microdados_unidade_coleta,IN_ENERGIA_REDE_PUBLICA,Abastecimento de energia elétrica - Rede pública,,dicionário_dados_educação_básica_2024.xlsx
2024,microdados_unidade_coleta,IN_ENERGIA_GERADOR,Abastecimento de energia elétrica - Gerador,,dicionário_dados_educação_básica_2024.xlsx
2024,microdados_unidade_coleta,IN_ENERGIA_GERADOR_FOSSIL,Abastecimento de energia elétrica - Gerador movido a combustível fóssil,,dicionário_dados_educação_básica_2024.xlsx
2024,microdados_unidade_coleta,IN_ENERGIA_OUTROS,Abastecimento de energia elétrica - Outros (Energia alternativa),,dicionário_dados_educação_básica_2024.xlsx
2024,microdados_unidade_coleta,IN_ENERGIA_RENOVAVEL,"Abastecimento de energia elétrica - Fontes de energia renováveis ou alternativas (gerador a biocombustível e/ou biodigestores, eólica, solar, outras)",,dicionário_dados_educação_básica_2024.xlsx
2024,microdados_unidade_coleta,IN_ENERGIA_INEXISTENTE,Abastecimento de energia elétrica - Não há energia elétrica,,dicionário_dados_educação_básica_2024.xlsx
2024,microdados_unidade_coleta,IN_ESGOTO_REDE_PUBLICA,Esgoto sanitário - Rede pública,,dicionário_dados_educação_básica_2024.xlsx
2024,microdados_unidade_coleta,IN_ESGOTO_FOSSA_SEPTICA,Esgoto sanitário - Fossa Séptica,,dicionário_dados_educação_básica_2024.xlsx
2024,microdados_unidade_coleta,IN_ESGOTO_FOSSA_COMUM,Esgoto sanitário - Fossa rudimentar/comum,,dicionário_dados_educação_básica_2024.xlsx
2024,microdados_unidade_coleta,IN_ESGOTO_FOSSA,Esgoto sanitário - Fossa,"A partir de 2019:
Variável derivada juntando IN_ESGOTO_FOSSA_SEPTICA e IN_ESGOTO_FOSSA_COMUM",dicionário_dados_educação_básica_2024.xlsx
2024,microdados_unidade_coleta,IN_ESGOTO_INEXISTENTE,Esgoto sanitário - Não há esgotamento sanitário,,dicionário_dados_educação_básica_2024.xlsx
2024,microdados_unidade_coleta,IN_LIXO_SERVICO_COLETA,Destinação do lixo - Serviço de coleta,,dicionário_dados_educação_básica_2024.xlsx
2024,microdados_unidade_coleta,IN_LIXO_QUEIMA,Destinação do lixo - Queima,,dicionário_dados_educação_básica_2024.xlsx
2024,microdados_unidade_coleta,IN_LIXO_ENTERRA,Destinação do lixo - Enterra,,dicionário_dados_educação_básica_2024.xlsx
2024,microdados_unidade_coleta,IN_LIXO_DESTINO_FINAL_PUBLICO,Destinação do lixo - Leva a uma destinação final financiada pelo poder público,,dicionário_dados_educação_básica_2024.xlsx
2024,microdados_unidade_coleta,IN_LIXO_DESCARTA_OUTRA_AREA,Destinação do lixo - Descarta em outra área,,dicionário_dados_educação_básica_2024.xlsx
2024,microdados_unidade_coleta,IN_LIXO_JOGA_OUTRA_AREA,Destinação do lixo - Joga em outra área,,dicionário_dados_educação_básica_2024.xlsx
2024,microdados_unidade_coleta,IN_LIXO_OUTROS,Destinação do lixo - Outros,,dicionário_dados_educação_básica_2024.xlsx
2024,microdados_unidade_coleta,IN_LIXO_RECICLA,Tratamento do lixo/resíduos que a escola realiza - Reciclagem,,dicionário_dados_educação_básica_2024.xlsx
2024,microdados_unidade_coleta,IN_TRATAMENTO_LIXO_SEPARACAO,Tratamento do lixo/resíduos que a escola realiza - Separação do lixo/resíduos,,dicionário_dados_educação_básica_2024.xlsx
2024,microdados_unidade_coleta,IN_TRATAMENTO_LIXO_REUTILIZA,Tratamento do lixo/resíduos que a escola realiza - Reaproveitamento/reutilização,,dicionário_dados_educação_básica_2024.xlsx
2024,microdados_unidade_coleta,IN_TRATAMENTO_LIXO_RECICLAGEM,Tratamento do lixo/resíduos que a escola realiza - Reciclagem,,dicionário_dados_educação_básica_2024.xlsx
2024,microdados_unidade_coleta,IN_TRATAMENTO_LIXO_INEXISTENTE,Tratamento do lixo/resíduos que a escola realiza - Não faz tratamento,,dicionário_dados_educação_básica_2024.xlsx
2024,microdados_unidade_coleta,IN_ALMOXARIFADO,Dependências físicas existentes e utilizadas na escola - Almoxarifado,,dicionário_dados_educação_básica_2024.xlsx
2024,microdados_unidade_coleta,IN_AREA_VERDE,Dependências físicas existentes e utilizadas na escola - Área de vegetação ou gramado,,dicionário_dados_educação_básica_2024.xlsx
2024,microdados_unidade_coleta,IN_AREA_PLANTIO,"Dependências físicas existentes e utilizadas na escola - Área de horta, plantio e/ou produção agricola",,dicionário_dados_educação_básica_2024.xlsx
2024,microdados_unidade_coleta,IN_AUDITORIO,Dependências físicas existentes e utilizadas na escola - Auditório,,dicionário_dados_educação_básica_2024.xlsx
2024,microdados_unidade_coleta,IN_BANHEIRO_FORA_PREDIO,Dependências físicas existentes e utilizadas na escola - Banheiro fora do prédio,,dicionário_dados_educação_básica_2024.xlsx
2024,microdados_unidade_coleta,IN_BANHEIRO_DENTRO_PREDIO,Dependências físicas existentes e utilizadas na escola - Banheiro dentro do prédio,,dicionário_dados_educação_básica_2024.xlsx
2024,microdados_unidade_coleta,IN_BANHEIRO,Dependências físicas existentes e utilizadas na escola - Banheiro,,dicionário_dados_educação_básica_2024.xlsx
2024,microdados_unidade_coleta,IN_BANHEIRO_EI,Dependências físicas existentes e utilizadas na escola - Banheiro adequado à educação infantil,,dicionário_dados_educação_básica_2024.xlsx
2024,microdados_unidade_coleta,IN_BANHEIRO_PNE,"Dependências físicas existentes e utilizadas na escola - Banheiro acessível, adequado ao uso de pessoas com deficiência ou mobilidade reduzida",,dicionário_dados_educação_básica_2024.xlsx
2024,microdados_unidade_coleta,IN_BANHEIRO_FUNCIONARIOS,Dependências físicas existentes e utilizadas na escola - Banheiro exclusivo para os funcionários,,dicionário_dados_educação_básica_2024.xlsx
2024,microdados_unidade_coleta,IN_BANHEIRO_CHUVEIRO,Dependências físicas existentes e utilizadas na escola - Banheiro ou vestiário com chuveiro,"De 2012 a 2018: ""Banheiro com chuveiro""
A partir de 2019: ""Banheiro ou vestiário com chuveiro""",dicionário_dados_educação_básica_2024.xlsx
2024,microdados_unidade_coleta,IN_BERCARIO,Dependências físicas existentes e utilizadas na escola - Berçário,,dicionário_dados_educação_básica_2024.xlsx
2024,microdados_unidade_coleta,IN_BIBLIOTECA,Dependências físicas existentes e utilizadas na escola - Biblioteca,,dicionário_dados_educação_básica_2024.xlsx
2024,microdados_unidade_coleta,IN_BIBLIOTECA_SALA_LEITURA,Dependências físicas existentes e utilizadas na escola - Biblioteca e/ou Sala de leitura,,dicionário_dados_educação_básica_2024.xlsx
2024,microdados_unidade_coleta,IN_COZINHA,Dependências físicas existentes e utilizadas na escola - Cozinha,,dicionário_dados_educação_básica_2024.xlsx
2024,microdados_unidade_coleta,IN_DESPENSA,Dependências físicas existentes e utilizadas na escola - Despensa,,dicionário_dados_educação_básica_2024.xlsx
2024,microdados_unidade_coleta,IN_DORMITORIO_ALUNO,Dependências físicas existentes e utilizadas na escola - Dormitório de aluno(a),"De 2012 a 2018: ""Alojamento de aluno""
A partir de 2019: ""Dormitório de aluno(a)",dicionário_dados_educação_básica_2024.xlsx
2024,microdados_unidade_coleta,IN_DORMITORIO_PROFESSOR,Dependências físicas existentes e utilizadas na escola - Dormitório de professor(a),"De 2012 a 2018: ""Alojamento de professor""
A partir de 2019: ""Dormitório de professor(a)""",dicionário_dados_educação_básica_2024.xlsx
2024,microdados_unidade_coleta,IN_LABORATORIO_CIENCIAS,Dependências físicas existentes e utilizadas na escola - Laboratório de ciências,,dicionário_dados_educação_básica_2024.xlsx
2024,microdados_unidade_coleta,IN_LABORATORIO_INFORMATICA,Dependências físicas existentes e utilizadas na escola - Laboratório de informática,,dicionário_dados_educação_básica_2024.xlsx
2024,microdados_unidade_coleta,IN_LABORATORIO_EDUC_PROF,Dependências físicas existentes e utilizadas na escola - Laboratório específico para a Educação Profissional,,dicionário_dados_educação_básica_2024.xlsx
2024,microdados_unidade_coleta,IN_PATIO_COBERTO,Dependências físicas existentes e utilizadas na escola - Pátio coberto,,dicionário_dados_educação_básica_2024.xlsx
2024,microdados_unidade_coleta,IN_PATIO_DESCOBERTO,Dependências físicas existentes e utilizadas na escola - Pátio descoberto,,dicionário_dados_educação_básica_2024.xlsx
2024,microdados_unidade_coleta,IN_PARQUE_INFANTIL,Dependências físicas existentes e utilizadas na escola - Parque infantil,,dicionário_dados_educação_básica_2024.xlsx
2024,microdados_unidade_coleta,IN_PISCINA,Dependências físicas existentes e utilizadas na escola - Piscina,,dicionário_dados_educação_básica_2024.xlsx
2024,microdados_unidade_coleta,IN_QUADRA_ESPORTES,Dependências físicas existentes e utilizadas na escola - Quadra de esportes coberta ou descoberta,,dicionário_dados_educação_básica_2024.xlsx
2024,microdados_unidade_coleta,IN_QUADRA_ESPORTES_COBERTA,Dependências físicas existentes e utilizadas na escola - Quadra de esportes coberta,,dicionário_dados_educação_básica_2024.xlsx
2024,microdados_unidade_coleta,IN_QUADRA_ESPORTES_DESCOBERTA,Dependências físicas existentes e utilizadas na escola - Quadra de esportes descoberta,,dicionário_dados_educação_básica_2024.xlsx
2024,microdados_unidade_coleta,IN_REFEITORIO,Dependências físicas existentes e utilizadas na escola - Refeitório,,dicionário_dados_educação_básica_2024.xlsx
2024,microdados_unidade_coleta,IN_SALA_ATELIE_ARTES,Dependências físicas existentes e utilizadas na escola - Sala/ateliê de artes,,dicionário_dados_educação_básica_2024.xlsx
2024,microdados_unidade_coleta,IN_SALA_MUSICA_CORAL,Dependências físicas existentes e utilizadas na escola -  Sala de música/coral,,dicionário_dados_educação_básica_2024.xlsx
2024,microdados_unidade_coleta,IN_SALA_ESTUDIO_DANCA,Dependências físicas existentes e utilizadas na escola - Sala/estúdio de dança,,dicionário_dados_educação_básica_2024.xlsx
2024,microdados_unidade_coleta,IN_SALA_MULTIUSO,"Dependências físicas existentes e utilizadas na escola - Sala multiuso (música, dança e artes)",,dicionário_dados_educação_básica_2024.xlsx
2024,microdados_unidade_coleta,IN_SALA_ESTUDIO_GRAVACAO,Dependências físicas existentes e utilizadas na escola - Estúdio de gravação e edição,,dicionário_dados_educação_básica_2024.xlsx
2024,microdados_unidade_coleta,IN_SALA_OFICINAS_EDUC_PROF,Dependências físicas existentes e utilizadas na escola - Salas de oficinas da Educação Profissional,,dicionário_dados_educação_básica_2024.xlsx
2024,microdados_unidade_coleta,IN_SALA_DIRETORIA,Dependências físicas existentes e utilizadas na escola - Sala de Diretoria,,dicionário_dados_educação_básica_2024.xlsx
2024,microdados_unidade_coleta,IN_SALA_LEITURA,Dependências físicas existentes e utilizadas na escola - Sala de leitura,,dicionário_dados_educação_básica_2024.xlsx
2024,microdados_unidade_coleta,IN_SALA_PROFESSOR,Dependências físicas existentes e utilizadas na escola - Sala de professores,,dicionário_dados_educação_básica_2024.xlsx
2024,microdados_unidade_coleta,IN_SALA_REPOUSO_ALUNO,Dependências físicas existentes e utilizadas na escola - Sala de repouso para aluno(a),,dicionário_dados_educação_básica_2024.xlsx
2024,microdados_unidade_coleta,IN_SECRETARIA,Dependências físicas existentes e utilizadas na escola - Sala de Secretaria,,dicionário_dados_educação_básica_2024.xlsx
2024,microdados_unidade_coleta,IN_SALA_ATENDIMENTO_ESPECIAL,Dependências físicas existentes e utilizadas na escola - Sala de Recursos Multifuncionais para Atendimento Educacional Especializado (AEE),,dicionário_dados_educação_básica_2024.xlsx
2024,microdados_unidade_coleta,IN_TERREIRAO,"Dependências físicas existentes e utilizadas na escola - Terreirão (área para prática desportiva e recreação sem cobertura, sem piso e sem edificações)",,dicionário_dados_educação_básica_2024.xlsx
2024,microdados_unidade_coleta,IN_VIVEIRO,Dependências físicas existentes e utilizadas na escola -  Viveiro/criação de animais,,dicionário_dados_educação_básica_2024.xlsx
2024,microdados_unidade_coleta,IN_DEPENDENCIAS_PNE,Dependências físicas existentes e utilizadas na escola - Dependências e vias adequadas a alunos com deficiência ou mobilidade reduzida,,dicionário_dados_educação_básica_2024.xlsx
2024,microdados_unidade_coleta,IN_LAVANDERIA,Dependências físicas existentes e utilizadas na escola - Lavanderia,,dicionário_dados_educação_básica_2024.xlsx
2024,microdados_unidade_coleta,IN_DEPENDENCIAS_OUTRAS,Dependências existentes na escola - Nenhuma das dependências relacionadas,,dicionário_dados_educação_básica_2024.xlsx
2024,microdados_unidade_coleta,IN_ACESSIBILIDADE_CORRIMAO,Recursos de acessibilidade para pessoas com deficiência ou mobilidade reduzida nas vias de circulação interna na escola - Corrimão e guarda corpos,,dicionário_dados_educação_básica_2024.xlsx
2024,microdados_unidade_coleta,IN_ACESSIBILIDADE_ELEVADOR,Recursos de acessibilidade para pessoas com deficiência ou mobilidade reduzida nas vias de circulação interna na escola - Elevador,,dicionário_dados_educação_básica_2024.xlsx
2024,microdados_unidade_coleta,IN_ACESSIBILIDADE_PISOS_TATEIS,Recursos de acessibilidade para pessoas com deficiência ou mobilidade reduzida nas vias de circulação interna na escola - Pisos táteis,,dicionário_dados_educação_básica_2024.xlsx
2024,microdados_unidade_coleta,IN_ACESSIBILIDADE_VAO_LIVRE,"Recursos de acessibilidade para pessoas com deficiência ou mobilidade reduzida nas vias de circulação interna na escola - Portas com vão livre de, no mínimo, 80 cm",,dicionário_dados_educação_básica_2024.xlsx
2024,microdados_unidade_coleta,IN_ACESSIBILIDADE_RAMPAS,Recursos de acessibilidade para pessoas com deficiência ou mobilidade reduzida nas vias de circulação interna na escola - Rampas,,dicionário_dados_educação_básica_2024.xlsx
2024,microdados_unidade_coleta,IN_ACESSIBILIDADE_SINAL_SONORO,Recursos de acessibilidade para pessoas com deficiência ou mobilidade reduzida nas vias de circulação interna na escola - Sinalização sonora,,dicionário_dados_educação_básica_2024.xlsx
2024,microdados_unidade_coleta,IN_ACESSIBILIDADE_SINAL_TATIL,Recursos de acessibilidade para pessoas com deficiência ou mobilidade reduzida nas vias de circulação interna na escola - Sinalização tátil (piso/paredes),,dicionário_dados_educação_básica_2024.xlsx
2024,microdados_unidade_coleta,IN_ACESSIBILIDADE_SINAL_VISUAL,Recursos de acessibilidade para pessoas com deficiência ou mobilidade reduzida nas vias de circulação interna na escola - Sinalização visual (piso/paredes),,dicionário_dados_educação_básica_2024.xlsx
2024,microdados_unidade_coleta,IN_ACESSIBILIDADE_INEXISTENTE,Recursos de acessibilidade para pessoas com deficiência ou mobilidade reduzida nas vias de circulação interna na escola - Nenhum dos recursos de acessibilidade listados,,dicionário_dados_educação_básica_2024.xlsx
2024,microdados_unidade_coleta,IN_ACESSIBILIDADE_SINALIZACAO,Recursos de acessibilidade para pessoas com deficiência ou mobilidade reduzida nas vias de circulação interna na escola - Sinalização/alarme luminoso,,dicionário_dados_educação_básica_2024.xlsx
2024,microdados_unidade_coleta,QT_SALAS_EXISTENTES,Número de salas de aula existentes na escola,,dicionário_dados_educação_básica_2024.xlsx
2024,microdados_unidade_coleta,QT_SALAS_UTILIZADAS_DENTRO,Número de salas de aula utilizadas na escola - Dentro do prédio,,dicionário_dados_educação_básica_2024.xlsx
2024,microdados_unidade_coleta,QT_SALAS_UTILIZADAS_FORA,Número de salas de aula utilizadas na escola - Fora do prédio,,dicionário_dados_educação_básica_2024.xlsx
2024,microdados_unidade_coleta,QT_SALAS_UTILIZADAS,Número de salas de aula utilizadas na escola (dentro e fora do prédio),"A partir de 2019:
Variável derivada juntando QT_SALAS_UTILIZADAS_DENTRO e QT_SALAS_UTILIZADAS_FORA",dicionário_dados_educação_básica_2024.xlsx
2024,microdados_unidade_coleta,QT_SALAS_UTILIZA_CLIMATIZADAS,Condições das salas de aula utilizadas na escola (dentro e fora do prédio escolar) - Número de salas de aula climatizadas,,dicionário_dados_educação_básica_2024.xlsx
2024,microdados_unidade_coleta,QT_SALAS_UTILIZADAS_ACESSIVEIS,Condições das salas de aula utilizadas na escola (dentro e fora do prédio escolar) - Número de salas de aula com acessibilidade para pessoas com deficiência ou mobilidade reduzida,,dicionário_dados_educação_básica_2024.xlsx
2024,microdados_unidade_coleta,IN_EQUIP_PARABOLICA,Equipamentos existentes na escola para uso técnico e administrativo - Antena parabólica,,dicionário_dados_educação_básica_2024.xlsx
2024,microdados_unidade_coleta,IN_COMPUTADOR,Equipamentos existentes na escola para uso técnico e administrativo - Computador,,dicionário_dados_educação_básica_2024.xlsx
2024,microdados_unidade_coleta,IN_EQUIP_COPIADORA,Equipamentos existentes na escola para uso técnico e administrativo - Copiadora,,dicionário_dados_educação_básica_2024.xlsx
2024,microdados_unidade_coleta,IN_EQUIP_IMPRESSORA,Equipamentos existentes na escola para uso técnico e administrativo - Impressora,,dicionário_dados_educação_básica_2024.xlsx
2024,microdados_unidade_coleta,IN_EQUIP_IMPRESSORA_MULT,Equipamentos existentes na escola para uso técnico e administrativo - Impressora Multifuncional,,dicionário_dados_educação_básica_2024.xlsx
2024,microdados_unidade_coleta,IN_EQUIP_SCANNER,Equipamentos existentes na escola para uso técnico e administrativo - Scanner,,dicionário_dados_educação_básica_2024.xlsx
2024,microdados_unidade_coleta,IN_EQUIP_NENHUM,"Nenhum dos equipamentos listados para uso técnico e administrativo - Antena parabólica, Computador, Copiadora, Impressora, Impressora Multifuncional ou Scanner",,dicionário_dados_educação_básica_2024.xlsx
2024,microdados_unidade_coleta,IN_EQUIP_DVD,Equipamentos existentes na escola para o processo ensino e aprendizagem - DVD/Blu-ray,,dicionário_dados_educação_básica_2024.xlsx
2024,microdados_unidade_coleta,QT_EQUIP_DVD,Quantidade de Aparelhos de DVD/Blu-ray,"Em 2019:
primeiro ano em que foi aplicado tratamento de valores extremos, que são marcados com o código 88888.",dicionário_dados_educação_básica_2024.xlsx
2024,microdados_unidade_coleta,IN_EQUIP_SOM,Equipamentos existentes na escola para o processo ensino e aprendizagem - Aparelho de som,,dicionário_dados_educação_básica_2024.xlsx
2024,microdados_unidade_coleta,QT_EQUIP_SOM,Quantidade de Aparelhos de som,"Em 2019:
primeiro ano em que foi aplicado tratamento de valores extremos, que são marcados com o código 88888.",dicionário_dados_educação_básica_2024.xlsx
2024,microdados_unidade_coleta,IN_EQUIP_TV,Equipamentos existentes na escola para o processo ensino e aprendizagem - Aparelho de televisão,,dicionário_dados_educação_básica_2024.xlsx
2024,microdados_unidade_coleta,QT_EQUIP_TV,Quantidade de Aparelhos de televisão,"Em 2019:
primeiro ano em que foi aplicado tratamento de valores extremos, que são marcados com o código 88888.",dicionário_dados_educação_básica_2024.xlsx
2024,microdados_unidade_coleta,IN_EQUIP_LOUSA_DIGITAL,Equipamentos existentes na escola para o processo ensino e aprendizagem - Lousa digital,,dicionário_dados_educação_básica_2024.xlsx
2024,microdados_unidade_coleta,QT_EQUIP_LOUSA_DIGITAL,Quantidade de Lousas digitais,"Em 2019:
primeiro ano em que foi aplicado tratamento de valores extremos, que são marcados com o código 88888.",dicionário_dados_educação_básica_2024.xlsx
2024,microdados_unidade_coleta,IN_EQUIP_MULTIMIDIA,Equipamentos existentes na escola para o processo ensino e aprendizagem - Projetor Multimídia (Datashow),,dicionário_dados_educação_básica_2024.xlsx
2024,microdados_unidade_coleta,QT_EQUIP_MULTIMIDIA,Quantidade de Projetores Multimídia (Datashow),"Em 2019:
primeiro ano em que foi aplicado tratamento de valores extremos, que são marcados com o código 88888.",dicionário_dados_educação_básica_2024.xlsx
2024,microdados_unidade_coleta,IN_EQUIP_VIDEOCASSETE,Equipamentos existentes na escola - Videocassete,,dicionário_dados_educação_básica_2024.xlsx
2024,microdados_unidade_coleta,IN_EQUIP_RETROPROJETOR,Equipamentos existentes na escola - Retroprojetor,,dicionário_dados_educação_básica_2024.xlsx
2024,microdados_unidade_coleta,IN_EQUIP_FAX,Equipamentos existentes na escola - Fax,,dicionário_dados_educação_básica_2024.xlsx
2024,microdados_unidade_coleta,IN_EQUIP_FOTO,Equipamentos existentes na escola - Máquina fotográfica/Filmadora,,dicionário_dados_educação_básica_2024.xlsx
2024,microdados_unidade_coleta,QT_EQUIP_VIDEOCASSETE,Quantidade de Videocassetes,,dicionário_dados_educação_básica_2024.xlsx
2024,microdados_unidade_coleta,QT_EQUIP_PARABOLICA,Quantidade de Antenas parabólicas,,dicionário_dados_educação_básica_2024.xlsx
2024,microdados_unidade_coleta,QT_EQUIP_COPIADORA,Quantidade de Copiadoras,,dicionário_dados_educação_básica_2024.xlsx
2024,microdados_unidade_coleta,QT_EQUIP_RETROPROJETOR,Quantidade de Retroprojetores,,dicionário_dados_educação_básica_2024.xlsx
2024,microdados_unidade_coleta,QT_EQUIP_IMPRESSORA,Quantidade de Impressoras,,dicionário_dados_educação_básica_2024.xlsx
2024,microdados_unidade_coleta,QT_EQUIP_IMPRESSORA_MULT,Quantidade de Impressoras Multifuncionais,,dicionário_dados_educação_básica_2024.xlsx
2024,microdados_unidade_coleta,QT_EQUIP_FAX,Quantidade de Fax,,dicionário_dados_educação_básica_2024.xlsx
2024,microdados_unidade_coleta,QT_EQUIP_FOTO,Quantidade de Máquinas Fotográficas/ Filmadoras,,dicionário_dados_educação_básica_2024.xlsx
2024,microdados_unidade_coleta,QT_COMP_ALUNO,Quantidade de computadores em uso pelos alunos,,dicionário_dados_educação_básica_2024.xlsx
2024,microdados_unidade_coleta,IN_DESKTOP_ALUNO,Computadores em uso pelos alunos - Computador de mesa (desktop),,dicionário_dados_educação_básica_2024.xlsx
2024,microdados_unidade_coleta,QT_DESKTOP_ALUNO,Quantidade de computadores em uso pelos alunos - Computador de mesa (desktop),"Em 2019:
primeiro ano em que foi aplicado tratamento de valores extremos, que são marcados com o código 88888.",dicionário_dados_educação_básica_2024.xlsx
2024,microdados_unidade_coleta,IN_COMP_PORTATIL_ALUNO,Computadores em uso pelos alunos - Computador portátil,,dicionário_dados_educação_básica_2024.xlsx
2024,microdados_unidade_coleta,QT_COMP_PORTATIL_ALUNO,Quantidade de computadores em uso pelos alunos - Computador portátil,"Em 2019:
primeiro ano em que foi aplicado tratamento de valores extremos, que são marcados com o código 88888.",dicionário_dados_educação_básica_2024.xlsx
2024,microdados_unidade_coleta,IN_TABLET_ALUNO,Computadores em uso pelos alunos - Tablet,,dicionário_dados_educação_básica_2024.xlsx
2024,microdados_unidade_coleta,QT_TABLET_ALUNO,Quantidade de computadores em uso pelos alunos - Tablet,"Em 2019:
primeiro ano em que foi aplicado tratamento de valores extremos, que são marcados com o código 88888.",dicionário_dados_educação_básica_2024.xlsx
2024,microdados_unidade_coleta,QT_COMPUTADOR,Quantidade de computadores na escola,,dicionário_dados_educação_básica_2024.xlsx
2024,microdados_unidade_coleta,QT_COMP_ADMINISTRATIVO,Quantidade de computadores de uso administrativo,,dicionário_dados_educação_básica_2024.xlsx
2024,microdados_unidade_coleta,IN_INTERNET,Acesso à Internet,,dicionário_dados_educação_básica_2024.xlsx
2024,microdados_unidade_coleta,IN_INTERNET_ALUNOS,Acesso à Internet - Para uso dos alunos,,dicionário_dados_educação_básica_2024.xlsx
2024,microdados_unidade_coleta,IN_INTERNET_ADMINISTRATIVO,Acesso à Internet - Para uso administrativo,,dicionário_dados_educação_básica_2024.xlsx
2024,microdados_unidade_coleta,IN_INTERNET_APRENDIZAGEM,Acesso à Internet - Para uso nos processos de ensino e aprendizagem,,dicionário_dados_educação_básica_2024.xlsx
2024,microdados_unidade_coleta,IN_INTERNET_COMUNIDADE,Acesso à Internet - Para uso da comunidade,,dicionário_dados_educação_básica_2024.xlsx
2024,microdados_unidade_coleta,IN_ACESSO_INTERNET_COMPUTADOR,"Equipamentos que os alunos usam para acessar a internet da escola - Computadores de mesa, portáteis e tablets da escola (no laboratório de informática, biblioteca, sala de aula etc.)",,dicionário_dados_educação_básica_2024.xlsx
2024,microdados_unidade_coleta,IN_ACES_INTERNET_DISP_PESSOAIS,"Equipamentos que os alunos usam para acessar a internet da escola - Dispositivos pessoais (computadores portáteis, celulares, tablets etc.)",,dicionário_dados_educação_básica_2024.xlsx
2024,microdados_unidade_coleta,TP_REDE_LOCAL,Rede local de interligação de computadores,,dicionário_dados_educação_básica_2024.xlsx
2024,microdados_unidade_coleta,IN_BANDA_LARGA,Internet Banda Larga,,dicionário_dados_educação_básica_2024.xlsx
2024,microdados_unidade_coleta,QT_FUNCIONARIOS,Total de funcionários da escola (inclusive profissionais escolares em sala de aula),,dicionário_dados_educação_básica_2024.xlsx
2024,microdados_unidade_coleta,IN_PROF_ADMINISTRATIVOS,"Profissionais que atuam na escola - Auxiliares de secretaria ou auxiliares administrativos, atendentes",,dicionário_dados_educação_básica_2024.xlsx
2024,microdados_unidade_coleta,QT_PROF_ADMINISTRATIVOS,"Quantidade de profissionais que atuam na escola - Auxiliares de secretaria ou auxiliares administrativos, atendentes","Em 2019:
primeiro ano em que foi aplicado tratamento de valores extremos, que são marcados com o código 88888.",dicionário_dados_educação_básica_2024.xlsx
2024,microdados_unidade_coleta,IN_PROF_SERVICOS_GERAIS,"Profissionais que atuam na escola - Auxiliar de serviços gerais, porteiro(a), zelador(a), faxineiro(a), jardineiro(a)",,dicionário_dados_educação_básica_2024.xlsx
2024,microdados_unidade_coleta,QT_PROF_SERVICOS_GERAIS,"Total de profissionais que atuam na escola - Auxiliar de serviços gerais, porteiro(a), zelador(a), faxineiro(a), jardineiro(a)","Em 2019:
primeiro ano em que foi aplicado tratamento de valores extremos, que são marcados com o código 88888.",dicionário_dados_educação_básica_2024.xlsx
2024,microdados_unidade_coleta,IN_PROF_BIBLIOTECARIO,"Profissionais que atuam na escola - Bibliotecário(a), auxiliar de biblioteca ou monitor(a) da sala de leitura",,dicionário_dados_educação_básica_2024.xlsx
2024,microdados_unidade_coleta,QT_PROF_BIBLIOTECARIO,"Quantidade de profissionais que atuam na escola - Bibliotecário(a), auxiliar de biblioteca ou monitor(a) da sala de leitura","Em 2019:
primeiro ano em que foi aplicado tratamento de valores extremos, que são marcados com o código 88888.",dicionário_dados_educação_básica_2024.xlsx
2024,microdados_unidade_coleta,IN_PROF_SAUDE,"Profissionais que atuam na escola - Bombeiro(a) brigadista, profissionais de assistência à saúde (urgência e emergência), Enfermeiro(a), Técnico(a) de enfermagem e socorrista",,dicionário_dados_educação_básica_2024.xlsx
2024,microdados_unidade_coleta,QT_PROF_SAUDE,"Quantidade de profissionais que atuam na escola - Bombeiro(a) brigadista, profissionais de assistência à saúde (urgência e emergência), Enfermeiro(a), Técnico(a) de enfermagem e socorrista","Em 2019:
primeiro ano em que foi aplicado tratamento de valores extremos, que são marcados com o código 88888.",dicionário_dados_educação_básica_2024.xlsx
2024,microdados_unidade_coleta,IN_PROF_COORDENADOR,Profissionais que atuam na escola - Coordenador(a) de turno/disciplina,,dicionário_dados_educação_básica_2024.xlsx
2024,microdados_unidade_coleta,QT_PROF_COORDENADOR,Quantidade de profissionais que atuam na escola - Coordenador(a) de turno/disciplina,"Em 2019:
primeiro ano em que foi aplicado tratamento de valores extremos, que são marcados com o código 88888.",dicionário_dados_educação_básica_2024.xlsx
2024,microdados_unidade_coleta,IN_PROF_FONAUDIOLOGO,Profissionais que atuam na escola - Fonoaudiólogo(a),,dicionário_dados_educação_básica_2024.xlsx
2024,microdados_unidade_coleta,QT_PROF_FONAUDIOLOGO,Quantidade de profissionais que atuam na escola - Fonoaudiólogo(a),"Em 2019:
primeiro ano em que foi aplicado tratamento de valores extremos, que são marcados com o código 88888.",dicionário_dados_educação_básica_2024.xlsx
2024,microdados_unidade_coleta,IN_PROF_NUTRICIONISTA,Profissionais que atuam na escola - Nutricionista,,dicionário_dados_educação_básica_2024.xlsx
2024,microdados_unidade_coleta,QT_PROF_NUTRICIONISTA,Quantidade de profissionais que atuam na escola - Nutricionista,"Em 2019:
primeiro ano em que foi aplicado tratamento de valores extremos, que são marcados com o código 88888.",dicionário_dados_educação_básica_2024.xlsx
2024,microdados_unidade_coleta,IN_PROF_PSICOLOGO,Profissionais que atuam na escola - Psicólogo(a) Escolar,,dicionário_dados_educação_básica_2024.xlsx
2024,microdados_unidade_coleta,QT_PROF_PSICOLOGO,Quantidade de profissionais que atuam na escola - Psicólogo(a) Escolar,"Em 2019:
primeiro ano em que foi aplicado tratamento de valores extremos, que são marcados com o código 88888.",dicionário_dados_educação_básica_2024.xlsx
2024,microdados_unidade_coleta,IN_PROF_ALIMENTACAO,"Profissionais que atuam na escola - Profissionais de preparação e segurança alimentar, cozinheiro(a), merendeiro(a) e auxiliar de cozinha",,dicionário_dados_educação_básica_2024.xlsx
2024,microdados_unidade_coleta,QT_PROF_ALIMENTACAO,"Quantidade de profissionais que atuam na escola -  Profissionais de preparação e segurança alimentar, cozinheiro(a), merendeiro(a) e auxiliar de cozinha","Em 2019:
primeiro ano em que foi aplicado tratamento de valores extremos, que são marcados com o código 88888.",dicionário_dados_educação_básica_2024.xlsx
2024,microdados_unidade_coleta,IN_PROF_PEDAGOGIA,"Profissionais que atuam na escola -  Profissionais de apoio e supervisão pedagógica: pedagogo(a), coordenador(a) pedagógico(a), orientador(a) educacional, supervisor(a) escolar e coordenador(a) de área de ensino",,dicionário_dados_educação_básica_2024.xlsx
2024,microdados_unidade_coleta,QT_PROF_PEDAGOGIA,"Quantidade de profissionais que atuam na escola -  Profissionais de apoio e supervisão pedagógica: pedagogo(a), coordenador(a) pedagógico(a), orientador(a) educacional, supervisor(a) escolar e coordenador(a) de área de ensino","Em 2019:
primeiro ano em que foi aplicado tratamento de valores extremos, que são marcados com o código 88888.",dicionário_dados_educação_básica_2024.xlsx
2024,microdados_unidade_coleta,IN_PROF_SECRETARIO,Profissionais que atuam na escola - Secretário(a) escolar,,dicionário_dados_educação_básica_2024.xlsx
2024,microdados_unidade_coleta,QT_PROF_SECRETARIO,Quantidade de profissionais que atuam na escola - Secretário(a) escolar,"Em 2019:
primeiro ano em que foi aplicado tratamento de valores extremos, que são marcados com o código 88888.",dicionário_dados_educação_básica_2024.xlsx
2024,microdados_unidade_coleta,IN_PROF_SEGURANCA,"Profissionais que atuam na escola - Segurança, guarda ou segurança patrimonial",,dicionário_dados_educação_básica_2024.xlsx
2024,microdados_unidade_coleta,QT_PROF_SEGURANCA,"Quantidade de profissionais que atuam na escola - Segurança, guarda ou segurança patrimonial","Em 2019:
primeiro ano em que foi aplicado tratamento de valores extremos, que são marcados com o código 88888.",dicionário_dados_educação_básica_2024.xlsx
2024,microdados_unidade_coleta,IN_PROF_MONITORES,"Profissionais que atuam na escola - Técnicos(as), monitores(as), supervisores(as) ou auxiliares de laboratório(s), de apoio a tecnologias educacionais ou em multimeios/multimídias eletrônico/digitais",,dicionário_dados_educação_básica_2024.xlsx
2024,microdados_unidade_coleta,QT_PROF_MONITORES,"Quantidade de profissionais que atuam na escola - Técnicos(as), monitores(as), supervisores(as) ou auxiliares de laboratório(s), de apoio a tecnologias educacionais ou em multimeios/multimídias eletrônico/digitais","Em 2019:
primeiro ano em que foi aplicado tratamento de valores extremos, que são marcados com o código 88888.",dicionário_dados_educação_básica_2024.xlsx
2024,microdados_unidade_coleta,IN_PROF_GESTAO,"Profissionais que atuam na escola - Vice-diretor(a) ou diretor(a) adjunto(a), profissionais responsáveis pela gestão administrativa e/ou financeira",,dicionário_dados_educação_básica_2024.xlsx
2024,microdados_unidade_coleta,QT_PROF_GESTAO,"Quantidade de profissionais que atuam na escola - Vice-diretor(a) ou diretor(a) adjunto(a), profissionais responsáveis pela gestão administrativa e/ou financeira","Em 2019:
primeiro ano em que foi aplicado tratamento de valores extremos, que são marcados com o código 88888.",dicionário_dados_educação_básica_2024.xlsx
2024,microdados_unidade_coleta,IN_PROF_ASSIST_SOCIAL,Profissionais que atuam na escola - Orientador(a) comunitário(a) ou assistente social,,dicionário_dados_educação_básica_2024.xlsx
2024,microdados_unidade_coleta,QT_PROF_ASSIST_SOCIAL,Quantidade de profissionais que atuam na escola - Orientador(a) comunitário(a) ou assistente social,"Em 2019:
primeiro ano em que foi aplicado tratamento de valores extremos, que são marcados com o código 88888.",dicionário_dados_educação_básica_2024.xlsx
2024,microdados_unidade_coleta,IN_PROF_TRAD_LIBRAS,Profissionais que atuam na escola - Tradutor e Intérprete de Libras para atendimento em outros ambientes da escola que não seja sala de aula,,dicionário_dados_educação_básica_2024.xlsx
2024,microdados_unidade_coleta,QT_PROF_TRAD_LIBRAS,Quantidade de profissionais que atuam na escola - Tradutor e Intérprete de Libras para atendimento em outros ambientes da escola que não seja sala de aula,"Em 2023: 
primeiro ano em que foi aplicado tratamento de valores extremos, que são marcados com o código 88888.",dicionário_dados_educação_básica_2024.xlsx
2024,microdados_unidade_coleta,IN_PROF_AGRICOLA,"Profissionais que atuam na escola - Agrônomos(as), horticultores(as), técnicos ou monitores(as) responsáveis pela gestão da área de horta, plantio e/ou produção agrícola",,dicionário_dados_educação_básica_2024.xlsx
2024,microdados_unidade_coleta,QT_PROF_AGRICOLA,"Quantidade de profissionais que atuam na escola - Agrônomos(as), horticultores(as), técnicos ou monitores(as) responsáveis pela gestão da área de horta, plantio e/ou produção agrícola",,dicionário_dados_educação_básica_2024.xlsx
2024,microdados_unidade_coleta,IN_PROF_REVISOR_BRAILLE,"Profissionais que atuam na escola - Revisor de texto Braille, assistente vidente (assistente de revisão do texto em Braille)",,dicionário_dados_educação_básica_2024.xlsx
2024,microdados_unidade_coleta,QT_PROF_REVISOR_BRAILLE,"Quantidade de profissionais que atuam na escola - Revisor de texto Braille, assistente vidente (assistente de revisão do texto em Braille)",,dicionário_dados_educação_básica_2024.xlsx
2024,microdados_unidade_coleta,IN_ALIMENTACAO,Alimentação escolar para os alunos - PNAE/FNDE,,dicionário_dados_educação_básica_2024.xlsx
2024,microdados_unidade_coleta,IN_SERIE_ANO,Forma de organização do ensino - Série/Ano (séries anuais),,dicionário_dados_educação_básica_2024.xlsx
2024,microdados_unidade_coleta,IN_PERIODOS_SEMESTRAIS,Forma de organização do ensino -  Períodos semestrais,,dicionário_dados_educação_básica_2024.xlsx
2024,microdados_unidade_coleta,IN_FUNDAMENTAL_CICLOS,Forma de organização do ensino - Ciclo(s) do Ensino Fundamental,,dicionário_dados_educação_básica_2024.xlsx
2024,microdados_unidade_coleta,IN_GRUPOS_NAO_SERIADOS,Forma de organização do ensino - Grupos não-seriados com base na idade ou competência (art. 23 LDB),,dicionário_dados_educação_básica_2024.xlsx
2024,microdados_unidade_coleta,IN_MODULOS,Forma de organização do ensino - Módulos,,dicionário_dados_educação_básica_2024.xlsx
2024,microdados_unidade_coleta,IN_FORMACAO_ALTERNANCIA,Forma de organização do ensino - Alternância regular de períodos de estudos (proposta pedagógica de formação por alternância com tempo-escola e tempo-comunidade),,dicionário_dados_educação_básica_2024.xlsx
2024,microdados_unidade_coleta,IN_MATERIAL_PED_MULTIMIDIA,Instrumentos e materiais socioculturais e/ou pedagógicos em uso na escola para o desenvolvimento de atividades de ensino e aprendizagem - Acervo multimídia,"Em 2019:
Existe adicionalmente a categoria ""9 - Não informado"".",dicionário_dados_educação_básica_2024.xlsx
2024,microdados_unidade_coleta,IN_MATERIAL_PED_INFANTIL,Instrumentos e materiais socioculturais e/ou pedagógicos em uso na escola para o desenvolvimento de atividades de ensino e aprendizagem - Brinquedos para Educação Infantil,"Em 2019:
Existe adicionalmente a categoria ""9 - Não informado"".",dicionário_dados_educação_básica_2024.xlsx
2024,microdados_unidade_coleta,IN_MATERIAL_PED_CIENTIFICO,Instrumentos e materiais socioculturais e/ou pedagógicos em uso na escola para o desenvolvimento de atividades de ensino e aprendizagem - Conjunto de materiais científicos,"Em 2019:
Existe adicionalmente a categoria ""9 - Não informado"".",dicionário_dados_educação_básica_2024.xlsx
2024,microdados_unidade_coleta,IN_MATERIAL_PED_DIFUSAO,Instrumentos e materiais socioculturais e/ou pedagógicos em uso na escola para o desenvolvimento de atividades de ensino e aprendizagem - Equipamento para amplificação e difusão de som/áudio,"Em 2019:
Existe adicionalmente a categoria ""9 - Não informado"".",dicionário_dados_educação_básica_2024.xlsx
2024,microdados_unidade_coleta,IN_MATERIAL_PED_MUSICAL,"Instrumentos e materiais socioculturais e/ou pedagógicos em uso na escola para o desenvolvimento de atividades de ensino e aprendizagem - Instrumentos musicais para conjunto, banda/fanfarra e/ou aulas de música","Em 2019:
Existe adicionalmente a categoria ""9 - Não informado"".",dicionário_dados_educação_básica_2024.xlsx
2024,microdados_unidade_coleta,IN_MATERIAL_PED_JOGOS,Instrumentos e materiais socioculturais e/ou pedagógicos em uso na escola para o desenvolvimento de atividades de ensino e aprendizagem - Jogos Educativos,"Em 2019:
Existe adicionalmente a categoria ""9 - Não informado"".",dicionário_dados_educação_básica_2024.xlsx
2024,microdados_unidade_coleta,IN_MATERIAL_PED_ARTISTICAS,Instrumentos e materiais socioculturais e/ou pedagógicos em uso na escola para o desenvolvimento de atividades de ensino e aprendizagem - Materiais para atividades culturais e artísticas,"Em 2019:
Existe adicionalmente a categoria ""9 - Não informado"".",dicionário_dados_educação_básica_2024.xlsx
2024,microdados_unidade_coleta,IN_MATERIAL_PED_PROFISSIONAL,Instrumentos e materiais socioculturais e/ou pedagógicos em uso na escola para o desenvolvimento de atividades de ensino e aprendizagem - Materiais para Educação Profissional,,dicionário_dados_educação_básica_2024.xlsx
2024,microdados_unidade_coleta,IN_MATERIAL_PED_DESPORTIVA,Instrumentos e materiais socioculturais e/ou pedagógicos em uso na escola para o desenvolvimento de atividades de ensino e aprendizagem - Materiais para prática desportiva e recreação,"Em 2019:
Existe adicionalmente a categoria ""9 - Não informado"".",dicionário_dados_educação_básica_2024.xlsx
2024,microdados_unidade_coleta,IN_MATERIAL_PED_INDIGENA,Instrumentos e materiais socioculturais e/ou pedagógicos em uso na escola para o desenvolvimento de atividades de ensino e aprendizagem - Indígena,"Em 2019:
Existe adicionalmente a categoria ""9 - Não informado"".",dicionário_dados_educação_básica_2024.xlsx
2024,microdados_unidade_coleta,IN_MATERIAL_PED_ETNICO,Instrumentos e materiais socioculturais e/ou pedagógicos em uso na escola para o desenvolvimento de atividades de ensino e aprendizagem - Materiais pedagógicos para a educação das relações étnico-raciais,"Em 2019:
Existe adicionalmente a categoria ""9 - Não informado"".",dicionário_dados_educação_básica_2024.xlsx
2024,microdados_unidade_coleta,IN_MATERIAL_PED_CAMPO,Instrumentos e materiais socioculturais e/ou pedagógicos em uso na escola para o desenvolvimento de atividades de ensino e aprendizagem - Materiais pedagógicos para a educação do campo,"Em 2019:
Existe adicionalmente a categoria ""9 - Não informado"".",dicionário_dados_educação_básica_2024.xlsx
2024,microdados_unidade_coleta,IN_MATERIAL_PED_BIL_SURDOS,"Instrumentos, materiais socioculturais e/ou pedagógicos em uso na escola para o desenvolvimento de atividades de ensino aprendizagem - Materiais pedagógicos para a educação bilíngue de surdos",,dicionário_dados_educação_básica_2024.xlsx
2024,microdados_unidade_coleta,IN_MATERIAL_PED_AGRICOLA,"Instrumentos, materiais socioculturais e/ou pedagógicos em uso na escola para o desenvolvimento de atividades de ensino aprendizagem - Equipamentos e instrumentos para atividades em área de horta, plantio e/ou produção agrícola",,dicionário_dados_educação_básica_2024.xlsx
2024,microdados_unidade_coleta,IN_MATERIAL_PED_QUILOMBOLA,"Instrumentos, materiais socioculturais e/ou pedagógicos em uso na escola para o desenvolvimento de atividades de ensino aprendizagem - Materiais pedagógicos para a educação escolar quilombola",,dicionário_dados_educação_básica_2024.xlsx
2024,microdados_unidade_coleta,IN_MATERIAL_PED_EDU_ESP,"Instrumentos, materiais socioculturais e/ou pedagógicos em uso na escola para o desenvolvimento de atividades de ensino aprendizagem - Materiais pedagógicos para a educação especial",,dicionário_dados_educação_básica_2024.xlsx
2024,microdados_unidade_coleta,IN_MATERIAL_PED_NENHUM,Instrumentos e materiais socioculturais e/ou pedagógicos em uso na escola para o desenvolvimento de atividades de ensino e aprendizagem - Nenhum,,dicionário_dados_educação_básica_2024.xlsx
2024,microdados_unidade_coleta,IN_MATERIAL_ESP_QUILOMBOLA,Materiais didáticos específicos para atendimento à diversidade sociocultural - Quilombolas,,dicionário_dados_educação_básica_2024.xlsx
2024,microdados_unidade_coleta,IN_MATERIAL_ESP_INDIGENA,Materiais didáticos específicos para atendimento à diversidade sociocultural - Indígena,,dicionário_dados_educação_básica_2024.xlsx
2024,microdados_unidade_coleta,IN_MATERIAL_ESP_NAO_UTILIZA,Materiais didáticos específicos para atendimento à diversidade sociocultural - Não utiliza,,dicionário_dados_educação_básica_2024.xlsx
2024,microdados_unidade_coleta,IN_EDUCACAO_INDIGENA,Escola Indígena,,dicionário_dados_educação_básica_2024.xlsx
2024,microdados_unidade_coleta,TP_INDIGENA_LINGUA,Escola Indígena - Língua em que o ensino é ministrado (apenas para escola indígena),,dicionário_dados_educação_básica_2024.xlsx
2024,microdados_unidade_coleta,CO_LINGUA_INDIGENA_1,Escola Indígena - Língua em que o ensino é ministrado (apenas para escola indígena) - Língua Indígena - Código da língua Indígena 1,De 2007 a 2018: Apenas uma Língua Indígena,dicionário_dados_educação_básica_2024.xlsx
2024,microdados_unidade_coleta,CO_LINGUA_INDIGENA_2,Escola Indígena - Língua em que o ensino é ministrado (apenas para escola indígena) - Língua Indígena - Código da língua Indígena 2,,dicionário_dados_educação_básica_2024.xlsx
2024,microdados_unidade_coleta,CO_LINGUA_INDIGENA_3,Escola Indígena - Língua em que o ensino é ministrado (apenas para escola indígena) - Língua Indígena - Código da língua Indígena 3,,dicionário_dados_educação_básica_2024.xlsx
2024,microdados_unidade_coleta,IN_BRASIL_ALFABETIZADO,Escola cede espaço para turmas do Programa Brasil Alfabetizado,,dicionário_dados_educação_básica_2024.xlsx
2024,microdados_unidade_coleta,IN_FINAL_SEMANA,Escola abre aos finais de semana para a comunidade,,dicionário_dados_educação_básica_2024.xlsx
2024,microdados_unidade_coleta,IN_EXAME_SELECAO,A escola faz exame de seleção para ingresso de seus alunos (avaliação por prova e/ou análise curricular),,dicionário_dados_educação_básica_2024.xlsx
2024,microdados_unidade_coleta,IN_RESERVA_PPI,"Reserva de vagas por sistema de cotas para grupos específicos de alunos - Autodeclarado preto, pardo ou indígena (PPI)",,dicionário_dados_educação_básica_2024.xlsx
2024,microdados_unidade_coleta,IN_RESERVA_RENDA,Reserva de vagas por sistema de cotas para grupos específicos de alunos - Condição de Renda,,dicionário_dados_educação_básica_2024.xlsx
2024,microdados_unidade_coleta,IN_RESERVA_PUBLICA,Reserva de vagas por sistema de cotas para grupos específicos de alunos - Oriundo de escola pública,,dicionário_dados_educação_básica_2024.xlsx
2024,microdados_unidade_coleta,IN_RESERVA_PCD,Reserva de vagas por sistema de cotas para grupos específicos de alunos - Pessoa com deficiência (PCD),,dicionário_dados_educação_básica_2024.xlsx
2024,microdados_unidade_coleta,IN_RESERVA_OUTROS,Reserva de vagas por sistema de cotas para grupos específicos de alunos - Outros grupos,,dicionário_dados_educação_básica_2024.xlsx
2024,microdados_unidade_coleta,IN_RESERVA_NENHUMA,Reserva de vagas por sistema de cotas para grupos específicos de alunos - Sem reservas de vagas para sistema de cotas (ampla concorrência),,dicionário_dados_educação_básica_2024.xlsx
2024,microdados_unidade_coleta,IN_REDES_SOCIAIS,A escola possui site ou blog ou página em redes sociais para comunicação institucional,,dicionário_dados_educação_básica_2024.xlsx
2024,microdados_unidade_coleta,IN_ESPACO_ATIVIDADE,A escola compartilha espaços para atividades de integração escola-comunidade,,dicionário_dados_educação_básica_2024.xlsx
2024,microdados_unidade_coleta,IN_ESPACO_EQUIPAMENTO,A escola usa espaços e equipamentos do entorno escolar para atividades regulares com os alunos,,dicionário_dados_educação_básica_2024.xlsx
2024,microdados_unidade_coleta,IN_ORGAO_ASS_PAIS,Órgãos colegiados em funcionamento na escola - Associação de Pais,"Em 2019:
Existe adicionalmente a categoria ""9 - Não informado"".",dicionário_dados_educação_básica_2024.xlsx
2024,microdados_unidade_coleta,IN_ORGAO_ASS_PAIS_MESTRES,Órgãos colegiados em funcionamento na escola - Associação de Pais e Mestres,"Em 2019:
Existe adicionalmente a categoria ""9 - Não informado"".",dicionário_dados_educação_básica_2024.xlsx
2024,microdados_unidade_coleta,IN_ORGAO_CONSELHO_ESCOLAR,Órgãos colegiados em funcionamento na escola - Conselho Escolar,"Em 2019:
Existe adicionalmente a categoria ""9 - Não informado"".",dicionário_dados_educação_básica_2024.xlsx
2024,microdados_unidade_coleta,IN_ORGAO_GREMIO_ESTUDANTIL,Órgãos colegiados em funcionamento na escola - Grêmio Estudantil,"Em 2019:
Existe adicionalmente a categoria ""9 - Não informado"".",dicionário_dados_educação_básica_2024.xlsx
2024,microdados_unidade_coleta,IN_ORGAO_OUTROS,Órgãos colegiados em funcionamento na escola - Outros,"Em 2019:
Existe adicionalmente a categoria ""9 - Não informado"".",dicionário_dados_educação_básica_2024.xlsx
2024,microdados_unidade_coleta,IN_ORGAO_NENHUM,Órgãos colegiados em funcionamento na escola - Não há órgãos colegiados em funcionamento,"Em 2019:
Existe adicionalmente a categoria ""9 - Não informado"".",dicionário_dados_educação_básica_2024.xlsx
2024,microdados_unidade_coleta,TP_PROPOSTA_PEDAGOGICA,O projeto político pedagógico ou a proposta pedagógica da escola (conforme art. 12 da LDB) foi atualizado nos últimos 12 meses até a data de referência,,dicionário_dados_educação_básica_2024.xlsx
2024,microdados_unidade_coleta,IN_EDUC_AMBIENTAL,A escola desenvolve ações na área de educação ambiental?,,dicionário_dados_educação_básica_2024.xlsx
2024,microdados_unidade_coleta,IN_EDUC_AMB_CONTEUDO,Informe de qual(quais) forma(s) a educação ambiental é desenvolvida na escola: Como conteúdo dos componentes/campos de experiências presentes no currículo,,dicionário_dados_educação_básica_2024.xlsx
2024,microdados_unidade_coleta,IN_EDUC_AMB_CURRICULAR,"Informe de qual(quais) forma(s) a educação ambiental é desenvolvida na escola: Como um componente curricular especial, específico, flexível ou eletivo",,dicionário_dados_educação_básica_2024.xlsx
2024,microdados_unidade_coleta,IN_EDUC_AMB_EIXO,Informe de qual(quais) forma(s) a educação ambiental é desenvolvida na escola: Como um eixo estruturante do currículo,,dicionário_dados_educação_básica_2024.xlsx
2024,microdados_unidade_coleta,IN_EDUC_AMB_EVENTOS,Informe de qual(quais) forma(s) a educação ambiental é desenvolvida na escola: Em eventos,,dicionário_dados_educação_básica_2024.xlsx
2024,microdados_unidade_coleta,IN_EDUC_AMB_PROJETOS,Informe de qual(quais) forma(s) a educação ambiental é desenvolvida na escola: Em projetos transversais ou interdisciplinares,,dicionário_dados_educação_básica_2024.xlsx
2024,microdados_unidade_coleta,IN_EDUC_AMB_NENHUMA,Informe de qual(quais) forma(s) a educação ambiental é desenvolvida na escola: Nenhuma das opções listadas,,dicionário_dados_educação_básica_2024.xlsx
2024,microdados_unidade_coleta,TP_AEE,Atendimento Educacional Especializado (AEE),,dicionário_dados_educação_básica_2024.xlsx
2024,microdados_unidade_coleta,TP_ATIVIDADE_COMPLEMENTAR,Atividade Complementar,,dicionário_dados_educação_básica_2024.xlsx
2024,microdados_unidade_coleta,IN_MEDIACAO_PRESENCIAL,Mediação didático-pedagógica oferecida pela escola - Presencial,,dicionário_dados_educação_básica_2024.xlsx
2024,microdados_unidade_coleta,IN_MEDIACAO_SEMIPRESENCIAL,Mediação didático-pedagógica oferecida pela escola - Semipresencial,,dicionário_dados_educação_básica_2024.xlsx
2024,microdados_unidade_coleta,IN_MEDIACAO_EAD,Mediação didático-pedagógica oferecida pela escola - Educação a Distância - EAD,,dicionário_dados_educação_básica_2024.xlsx
2024,microdados_unidade_coleta,IN_REGULAR,"Modo, maneira ou metodologia de ensino correspondente às turmas com etapas de escolarização consecutivas, Creche ao Ensino Médio",,dicionário_dados_educação_básica_2024.xlsx
2024,microdados_unidade_coleta,IN_DIURNO,Turno - Diurno - Maior parte das atividades da turma são realizadas no período entre 6h e 17:59h,"Anteriormente, eram consideradas diurnas, as turmas com horário de início entre 05h e 16h59. Atualmente, nas estatísticas oficiais, passou-se a considerar o período de maior tempo de duração da turma, independentemente do seu horário de início.",dicionário_dados_educação_básica_2024.xlsx
2024,microdados_unidade_coleta,IN_NOTURNO,Turno - Noturno - Maior parte das atividades da turma são realizadas entre 18h e 5:59h,"Anteriormente, eram consideradas noturnas, as turmas com horário de início entre 17h e 04h59. Atualmente, nas estatísticas oficiais, passou-se a considerar o período de maior tempo de duração da turma, independentemente do seu horário de início.",dicionário_dados_educação_básica_2024.xlsx
2024,microdados_unidade_coleta,IN_EAD,Turno não aplicável para turmas semipresenciais ou de Educação a Distância (EAD),,dicionário_dados_educação_básica_2024.xlsx
2024,microdados_unidade_coleta,IN_BAS,Educação Básica (Possui uma ou mais matrículas),"A variável ""IN_BAS""  foi descontinuada em virtude da inclusão da variável ""IN_ESCOLARIZACAO"" no Censo Escolar de 2022. Ambas, permitem filtrar as escolas em atividade e que possuem uma ou mais matrículas em turmas de escolarização, obtendo assim, dados estatísticos em consonância com a divulgação oficial.",dicionário_dados_educação_básica_2024.xlsx
2024,microdados_unidade_coleta,IN_ESCOLARIZACAO,"Escola possui uma ou mais matrículas de escolarização em alguma das seguintes etapas de ensino: Creche, Pré-Escola, Ensino Fundamental, Ensino Médio, Educação de Jovens e Adultos (EJA), Curso Técnico Concomitante, Curso Técnico Subsequente, Curso FIC Concomitante",,dicionário_dados_educação_básica_2024.xlsx
2024,microdados_unidade_coleta,IN_INF,Etapa de Ensino - Educação Infantil (Possui uma ou mais matrículas),,dicionário_dados_educação_básica_2024.xlsx
2024,microdados_unidade_coleta,IN_INF_CRE,Etapa de Ensino - Educação Infantil - Creche (Possui uma ou mais matrículas),,dicionário_dados_educação_básica_2024.xlsx
2024,microdados_unidade_coleta,IN_INF_PRE,Etapa de Ensino - Educação Infantil - Pré-Escola (Possui uma ou mais matrículas),,dicionário_dados_educação_básica_2024.xlsx
2024,microdados_unidade_coleta,IN_FUND,Etapa de Ensino - Ensino Fundamental (Possui uma ou mais matrículas),,dicionário_dados_educação_básica_2024.xlsx
2024,microdados_unidade_coleta,IN_FUND_AI,Etapa de Ensino - Ensino Fundamental - Anos Iniciais (Possui uma ou mais matrículas),,dicionário_dados_educação_básica_2024.xlsx
2024,microdados_unidade_coleta,IN_FUND_AF,Etapa de Ensino - Ensino Fundamental - Anos Finais (Possui uma ou mais matrículas),,dicionário_dados_educação_básica_2024.xlsx
2024,microdados_unidade_coleta,IN_MED,Etapa de Ensino - Ensino Médio (Possui uma ou mais matrículas),,dicionário_dados_educação_básica_2024.xlsx
2024,microdados_unidade_coleta,IN_PROF,Educação Profissional - Modo profissionalizante de ensino correspondente às turmas de cursos de formação inicial e continuada ou de qualificação profissional (Cursos FIC) articulados à EJA ou concomitantes; ou de cursos técnicos de nível médio nas formas articulada (integrada ou concomitante) ou subsequente ao ensino médio e de normal/magistério (Possui uma ou mais matrículas),,dicionário_dados_educação_básica_2024.xlsx
2024,microdados_unidade_coleta,IN_PROF_TEC,"Educação Profissional Técnica - Modo profissionalizante de ensino correspondente às turmas de cursos técnicos de nível médio nas formas articuladas (integrada ou concomitante), ou subsequente ao ensino médio e de normal/magistério (Possui uma ou mais matrículas)",,dicionário_dados_educação_básica_2024.xlsx
2024,microdados_unidade_coleta,IN_EJA,"Educação de Jovens e Adultos (EJA) - Modo, maneira ou metodologia de ensino correspondente às turmas destinadas a pessoas que não cursaram o ensino fundamental e/ou médio em idade própria (Possui uma ou mais matrículas)",,dicionário_dados_educação_básica_2024.xlsx
2024,microdados_unidade_coleta,IN_EJA_FUND,Educação de Jovens e Adultos (EJA) - Ensino Fundamental  (Possui uma ou mais matrículas),,dicionário_dados_educação_básica_2024.xlsx
2024,microdados_unidade_coleta,IN_EJA_MED,Educação de Jovens e Adultos (EJA) - Ensino Médio (Possui uma ou mais matrículas),,dicionário_dados_educação_básica_2024.xlsx
2024,microdados_unidade_coleta,IN_ESP,Educação Especial - Inclui a Educação Especial Inclusiva (em Classes Comuns) e a Educação Especial Exclusiva (Possui uma ou mais matrículas),,dicionário_dados_educação_básica_2024.xlsx
2024,microdados_unidade_coleta,IN_ESP_CC,"Educação Especial Inclusiva (em Classes Comuns) - Escola possui um ou mais alunos com deficiência, transtorno global do desenvolvimento ou altas habilidades/superdotação estudando em classes comuns do Ensino Regular e/ou Educação de Jovens e Adultos (Possui uma ou mais matrículas)",,dicionário_dados_educação_básica_2024.xlsx
2024,microdados_unidade_coleta,IN_ESP_CE,"Educação Especial Exclusiva - Escola exclusivamente especializada e/ou que possui classe especial exclusiva para o atendimento de alunos com deficiência, transtorno global do desenvolvimento ou altas habilidades/superdotação (Possui uma ou mais matrículas)",,dicionário_dados_educação_básica_2024.xlsx
2024,microdados_unidade_coleta,QT_MAT_BAS,Número de Matrículas da Educação Básica,"Não inclui matrículas em turmas exclusivas de atividade complementar e nem em turmas exclusivas de Atendimento Educacional Especializado. Em síntese, inclui matrículas em turmas de escolarização nas seguintes etapas e modalidades de ensino: Educação Infantil, Ensino Fundamental, Ensino Médio, Educação Profissional Técnica - Curso Técnico Concomitante, na Educação Profissional Técnica - Curso Técnico Subsequente, na Educação Profissional - Curso FIC Concomitante, e na Educação de Jovens e Adultos (EJA).",dicionário_dados_educação_básica_2024.xlsx
2024,microdados_unidade_coleta,QT_MAT_INF,Número de Matrículas da Educação Infantil,,dicionário_dados_educação_básica_2024.xlsx
2024,microdados_unidade_coleta,QT_MAT_INF_CRE,Número de Matrículas da Educação Infantil - Creche,,dicionário_dados_educação_básica_2024.xlsx
2024,microdados_unidade_coleta,QT_MAT_INF_PRE,Número de Matrículas da Educação Infantil - Pré-Escola,,dicionário_dados_educação_básica_2024.xlsx
2024,microdados_unidade_coleta,QT_MAT_FUND,Número de Matrículas do Ensino Fundamental,,dicionário_dados_educação_básica_2024.xlsx
2024,microdados_unidade_coleta,QT_MAT_FUND_AI,Número de Matrículas do Ensino Fundamental - Anos Iniciais,,dicionário_dados_educação_básica_2024.xlsx
2024,microdados_unidade_coleta,QT_MAT_FUND_AI_1,Número de Matrículas do Ensino Fundamental - Anos Iniciais - 1º Ano,,dicionário_dados_educação_básica_2024.xlsx
2024,microdados_unidade_coleta,QT_MAT_FUND_AI_2,Número de Matrículas do Ensino Fundamental - Anos Iniciais - 2º Ano,,dicionário_dados_educação_básica_2024.xlsx
2024,microdados_unidade_coleta,QT_MAT_FUND_AI_3,Número de Matrículas do Ensino Fundamental - Anos Iniciais - 3º Ano,,dicionário_dados_educação_básica_2024.xlsx
2024,microdados_unidade_coleta,QT_MAT_FUND_AI_4,Número de Matrículas do Ensino Fundamental - Anos Iniciais - 4º Ano,,dicionário_dados_educação_básica_2024.xlsx
2024,microdados_unidade_coleta,QT_MAT_FUND_AI_5,Número de Matrículas do Ensino Fundamental - Anos Iniciais - 5º Ano,,dicionário_dados_educação_básica_2024.xlsx
2024,microdados_unidade_coleta,QT_MAT_FUND_AF,Número de Matrículas do Ensino Fundamental - Anos Finais,,dicionário_dados_educação_básica_2024.xlsx
2024,microdados_unidade_coleta,QT_MAT_FUND_AF_6,Número de Matrículas do Ensino Fundamental - Anos Finais - 6º Ano,,dicionário_dados_educação_básica_2024.xlsx
2024,microdados_unidade_coleta,QT_MAT_FUND_AF_7,Número de Matrículas do Ensino Fundamental - Anos Finais - 7º Ano,,dicionário_dados_educação_básica_2024.xlsx
2024,microdados_unidade_coleta,QT_MAT_FUND_AF_8,Número de Matrículas do Ensino Fundamental - Anos Finais - 8º Ano,,dicionário_dados_educação_básica_2024.xlsx
2024,microdados_unidade_coleta,QT_MAT_FUND_AF_9,Número de Matrículas do Ensino Fundamental - Anos Finais - 9º Ano,,dicionário_dados_educação_básica_2024.xlsx
2024,microdados_unidade_coleta,QT_MAT_MED,Número de Matrículas do Ensino Médio,,dicionário_dados_educação_básica_2024.xlsx
2024,microdados_unidade_coleta,QT_MAT_MED_PROP,Número de Matrículas do Ensino Médio - Propedêutico,,dicionário_dados_educação_básica_2024.xlsx
2024,microdados_unidade_coleta,QT_MAT_MED_PROP_1,Número de Matrículas do Ensino Médio - Propedêutico - 1º ano/1ª Série,,dicionário_dados_educação_básica_2024.xlsx
2024,microdados_unidade_coleta,QT_MAT_MED_PROP_2,Número de Matrículas do Ensino Médio - Propedêutico - 2º ano/2ª Série,,dicionário_dados_educação_básica_2024.xlsx
2024,microdados_unidade_coleta,QT_MAT_MED_PROP_3,Número de Matrículas do Ensino Médio - Propedêutico - 3º ano/3ª Série,,dicionário_dados_educação_básica_2024.xlsx
2024,microdados_unidade_coleta,QT_MAT_MED_PROP_4,Número de Matrículas do Ensino Médio - Propedêutico - 4º ano/4ª Série,,dicionário_dados_educação_básica_2024.xlsx
2024,microdados_unidade_coleta,QT_MAT_MED_PROP_NS,Número de Matrículas do Ensino Médio - Propedêutico - Não Seriado,,dicionário_dados_educação_básica_2024.xlsx
2024,microdados_unidade_coleta,QT_MAT_MED_CT,Número de Matrículas do Ensino Médio - Curso Técnico Integrado à Educação Profissional,,dicionário_dados_educação_básica_2024.xlsx
2024,microdados_unidade_coleta,QT_MAT_MED_CT_1,Número de Matrículas do Ensino Médio - Curso Técnico Integrado à Educação Profissional - 1º ano/1ª Série,,dicionário_dados_educação_básica_2024.xlsx
2024,microdados_unidade_coleta,QT_MAT_MED_CT_2,Número de Matrículas do Ensino Médio - Curso Técnico Integrado à Educação Profissional - 2º ano/2ª Série,,dicionário_dados_educação_básica_2024.xlsx
2024,microdados_unidade_coleta,QT_MAT_MED_CT_3,Número de Matrículas do Ensino Médio - Curso Técnico Integrado à Educação Profissional - 3º ano/3ª Série,,dicionário_dados_educação_básica_2024.xlsx
2024,microdados_unidade_coleta,QT_MAT_MED_CT_4,Número de Matrículas do Ensino Médio - Curso Técnico Integrado à Educação Profissional - 4º ano/4ª Série,,dicionário_dados_educação_básica_2024.xlsx
2024,microdados_unidade_coleta,QT_MAT_MED_CT_NS,Número de Matrículas do Ensino Médio - Curso Técnico Integrado à Educação Profissional - Não Seriado,,dicionário_dados_educação_básica_2024.xlsx
2024,microdados_unidade_coleta,QT_MAT_MED_NM,Número de Matrículas do Ensino Médio -  Modalidade Normal/Magistério,,dicionário_dados_educação_básica_2024.xlsx
2024,microdados_unidade_coleta,QT_MAT_MED_NM_1,Número de Matrículas do Ensino Médio -  Modalidade Normal/Magistério - 1º ano/1ª Série,,dicionário_dados_educação_básica_2024.xlsx
2024,microdados_unidade_coleta,QT_MAT_MED_NM_2,Número de Matrículas do Ensino Médio -  Modalidade Normal/Magistério - 2º ano/2ª Série,,dicionário_dados_educação_básica_2024.xlsx
2024,microdados_unidade_coleta,QT_MAT_MED_NM_3,Número de Matrículas do Ensino Médio -  Modalidade Normal/Magistério - 3º ano/3ª Série,,dicionário_dados_educação_básica_2024.xlsx
2024,microdados_unidade_coleta,QT_MAT_MED_NM_4,Número de Matrículas do Ensino Médio -  Modalidade Normal/Magistério - 4º ano/4ª Série,,dicionário_dados_educação_básica_2024.xlsx
2024,microdados_unidade_coleta,QT_MAT_PROF,Número de Matrículas da Educação Profissional,"Modo profissionalizante de ensino correspondente às turmas de cursos técnicos de nível médio nas formas articuladas (integrada ou concomitante), ou subsequente ao ensino médio e de normal/magistério, e as turmas de cursos profissionalizante não técnicos. Inclui as seguintes etapas de ensino: Ensino Médio - Curso Técnico Integrado à Educação Profissional, Ensino Médio - Modalidade Normal/Magistério, Educação Profissional - Curso Técnico - Concomitante, Educação Profissional - Curso Técnico - Subsequente, Educação Profissional - Curso FIC - Concomitante, Educação de Jovens e Adultos - Curso FIC Integrado na Modalidade EJA de Nível Fundamental, Educação de Jovens e Adultos - Ensino Fundamental - Projovem Urbano (descontinuada em 2019),  Educação de Jovens e Adultos - Curso FIC Integrado na Modalidade EJA de Nível Médio e Educação de Jovens e Adultos - Curso Técnico Integrado na Modalidade EJA de Nível Médio.",dicionário_dados_educação_básica_2024.xlsx
2024,microdados_unidade_coleta,QT_MAT_PROF_TEC,,"Modo profissionalizante de ensino correspondente às turmas de cursos técnicos de nível médio nas formas articuladas (integrada ou concomitante), ou subsequente ao ensino médio e de normal/magistério. Inclui as seguintes etapas de ensino: Ensino Médio - Curso Técnico Integrado à Educação Profissional, Ensino Médio - Modalidade Normal/Magistério, Educação Profissional - Curso Técnico - Concomitante, Educação Profissional - Curso Técnico - Subsequente e Educação de Jovens e Adultos - Curso Técnico Integrado na Modalidade EJA de Nível Médio.",dicionário_dados_educação_básica_2024.xlsx
2024,microdados_unidade_coleta,QT_MAT_PROF_TEC_CONC,Número de Matrículas da Educação Profissional Técnica - Curso Técnico Concomitante,,dicionário_dados_educação_básica_2024.xlsx
2024,microdados_unidade_coleta,QT_MAT_PROF_TEC_SUBS,Número de Matrículas da Educação Profissional Técnica - Curso Técnico Subsequente,,dicionário_dados_educação_básica_2024.xlsx
2024,microdados_unidade_coleta,QT_MAT_PROF_FIC_CONC,Número de Matrículas da Educação Profissional - Curso FIC Concomitante,,dicionário_dados_educação_básica_2024.xlsx
2024,microdados_unidade_coleta,QT_MAT_EJA,Número de Matrículas da Educação de Jovens e Adultos (EJA),,dicionário_dados_educação_básica_2024.xlsx
2024,microdados_unidade_coleta,QT_MAT_EJA_FUND,Número de Matrículas da Educação de Jovens e Adultos (EJA) - Ensino Fundamental,,dicionário_dados_educação_básica_2024.xlsx
2024,microdados_unidade_coleta,QT_MAT_EJA_FUND_AI,Número de Matrículas da Educação de Jovens e Adultos (EJA) - Ensino Fundamental - Anos Iniciais,,dicionário_dados_educação_básica_2024.xlsx
2024,microdados_unidade_coleta,QT_MAT_EJA_FUND_AF,Número de Matrículas da Educação de Jovens e Adultos (EJA) - Ensino Fundamental - Anos Finais,,dicionário_dados_educação_básica_2024.xlsx
2024,microdados_unidade_coleta,QT_MAT_EJA_FUND_PJ,Número de Matrículas da Educação de Jovens e Adultos (EJA) - Ensino Fundamental - Projovem Urbano,,dicionário_dados_educação_básica_2024.xlsx
2024,microdados_unidade_coleta,QT_MAT_EJA_FUND_AIAF,Número de Matrículas da Educação de Jovens e Adultos (EJA) - Ensino Fundamental - Anos Iniciais e Anos Finais,"Categoria de etapa de ensino existente na base de matrículas apenas em 2007. De 2008 a 2015 os alunos de turmas da EJA Anos iniciais e Anos finais, foram registrados separadamente como EJA anos iniciais ou EJA anos finais do Ensino Fundamental.",dicionário_dados_educação_básica_2024.xlsx
2024,microdados_unidade_coleta,QT_MAT_EJA_FUND_FIC,Número de Matrículas da Educação de Jovens e Adultos (EJA) - Ensino Fundamental - Curso FIC Integrado na Modalidade EJA de Nível Fundamental,,dicionário_dados_educação_básica_2024.xlsx
2024,microdados_unidade_coleta,QT_MAT_EJA_MED,Número de Matrículas da Educação de Jovens e Adultos (EJA) - Ensino Médio,"Inclui as matrículas da EJA - Ensino Médio, EJA - Ensino Médio - Curso FIC Integrado na Modalidade EJA de Nível Médio, e EJA - Ensino Médio - Curso Técnico Integrado na Modalidade EJA de Nível Médio",dicionário_dados_educação_básica_2024.xlsx
2024,microdados_unidade_coleta,QT_MAT_EJA_MED_NPROF,Número de Matrículas da Educação de Jovens e Adultos (EJA) - Ensino Médio - Sem componente profissionalizante,Não inclui as matrículas do Curso FIC Integrado na Modalidade EJA de Nível Médio e do Curso Técnico Integrado na Modalidade EJA de Nível Médio,dicionário_dados_educação_básica_2024.xlsx
2024,microdados_unidade_coleta,QT_MAT_EJA_MED_FIC,Número de Matrículas da Educação de Jovens e Adultos (EJA) - Ensino Médio - Curso FIC Integrado na Modalidade EJA de Nível Médio,,dicionário_dados_educação_básica_2024.xlsx
2024,microdados_unidade_coleta,QT_MAT_EJA_MED_TEC,Número de Matrículas da Educação de Jovens e Adultos (EJA) - Ensino Médio - Curso Técnico Integrado na Modalidade EJA de Nível Médio,,dicionário_dados_educação_básica_2024.xlsx
2024,microdados_unidade_coleta,QT_MAT_ESP,Número de Matrículas da Educação Especial,"Número de matrículas de alunos com alguma deficiência, transtorno do espectro autista ou altas habilidades/superdotação.",dicionário_dados_educação_básica_2024.xlsx
2024,microdados_unidade_coleta,QT_MAT_ESP_CC,Número de Matrículas da Educação Especial Inclusiva,"Número de matrículas de alunos com alguma deficiência, transtorno do espectro autista ou altas habilidades/superdotação em Classes Comuns do Ensino Regular e/ou Educação de Jovens Adultos (EJA).",dicionário_dados_educação_básica_2024.xlsx
2024,microdados_unidade_coleta,QT_MAT_ESP_CE,Número de Matrículas da Educação Especial Exclusiva,"Número de matrículas de alunos com alguma deficiência, transtorno do espectro autista ou altas habilidades/superdotação em Classes Exclusivas (Escolas exclusivamente especializadas e/ou em classes especiais do Ensino Regular e/ou Educação de Jovens e Adultos (EJA))",dicionário_dados_educação_básica_2024.xlsx
2024,microdados_unidade_coleta,QT_MAT_BAS_FEM,Número de Matrículas da Educação Básica - Feminino,,dicionário_dados_educação_básica_2024.xlsx
2024,microdados_unidade_coleta,QT_MAT_BAS_MASC,Número de Matrículas da Educação Básica - Masculino,,dicionário_dados_educação_básica_2024.xlsx
2024,microdados_unidade_coleta,QT_MAT_BAS_ND,Número de Matrículas da Educação Básica - Cor/Raça Não Declarada,,dicionário_dados_educação_básica_2024.xlsx
2024,microdados_unidade_coleta,QT_MAT_BAS_BRANCA,Número de Matrículas da Educação Básica - Cor/Raça Branca,,dicionário_dados_educação_básica_2024.xlsx
2024,microdados_unidade_coleta,QT_MAT_BAS_PRETA,Número de Matrículas da Educação Básica - Cor/Raça Preta,,dicionário_dados_educação_básica_2024.xlsx
2024,microdados_unidade_coleta,QT_MAT_BAS_PARDA,Número de Matrículas da Educação Básica - Cor/Raça Parda,,dicionário_dados_educação_básica_2024.xlsx
2024,microdados_unidade_coleta,QT_MAT_BAS_AMARELA,Número de Matrículas da Educação Básica - Cor/Raça Amarela,,dicionário_dados_educação_básica_2024.xlsx
2024,microdados_unidade_coleta,QT_MAT_BAS_INDIGENA,Número de Matrículas da Educação Básica - Cor/Raça Indígena,,dicionário_dados_educação_básica_2024.xlsx
2024,microdados_unidade_coleta,QT_MAT_BAS_0_3,Número de Matrículas da Educação Básica - Até 3 anos de idade,Faixa etária calculada com base na idade do aluno na data de referência do Censo Escolar (última quarta-feira do mês de maio),dicionário_dados_educação_básica_2024.xlsx
2024,microdados_unidade_coleta,QT_MAT_BAS_4_5,Número de Matrículas da Educação Básica - Entre 4 e 5 anos de idade,,dicionário_dados_educação_básica_2024.xlsx
2024,microdados_unidade_coleta,QT_MAT_BAS_6_10,Número de Matrículas da Educação Básica - Entre 6 e 10 anos de idade,,dicionário_dados_educação_básica_2024.xlsx
2024,microdados_unidade_coleta,QT_MAT_BAS_11_14,Número de Matrículas da Educação Básica - Entre 11 e 14 anos de idade,,dicionário_dados_educação_básica_2024.xlsx
2024,microdados_unidade_coleta,QT_MAT_BAS_15_17,Número de Matrículas da Educação Básica - Entre 15 e 17 anos de idade,,dicionário_dados_educação_básica_2024.xlsx
2024,microdados_unidade_coleta,QT_MAT_BAS_18_MAIS,Número de Matrículas da Educação Básica - Com 18 ou mais anos de idade,,dicionário_dados_educação_básica_2024.xlsx
2024,microdados_unidade_coleta,QT_MAT_BAS_D,Número de Matrículas da Educação Básica - Turno Diurno,Diurno - Quando a maior parte das atividades da turma são realizadas no período entre 6h e 17:59h.,dicionário_dados_educação_básica_2024.xlsx
2024,microdados_unidade_coleta,QT_MAT_BAS_N,Número de Matrículas da Educação Básica - Turno Noturno,Noturno - quando a maior parte das atividades da turma são realizadas entre 18h e 5:59h.,dicionário_dados_educação_básica_2024.xlsx
2024,microdados_unidade_coleta,QT_MAT_BAS_EAD,Número de Matrículas da Educação Básica - Turno não aplicável  para turmas semipresenciais ou de Educação a Distância (EAD),,dicionário_dados_educação_básica_2024.xlsx
2024,microdados_unidade_coleta,QT_MAT_INF_INT,Número de Matrículas da Educação Infantil - Tempo Integral,"Considera-se em tempo integral, o tempo de permanência semanal do aluno na turma de escolarização presencial (minutos/semana) maior ou igual a 35 horas semanais, e os que estão em turmas de escolarização presenciais com carga horária menor que 35 horas semanais, mas que somado ao tempo de permanência semanal em turmas de atividade complementar (mesma rede ou outra rede), de atendimento educacional especializado (mesma rede ou outra rede) e em turmas exclusivas de itinerário formativo  (mesma rede ou outra rede),  atinja as 35 horas ou mais.",dicionário_dados_educação_básica_2024.xlsx
2024,microdados_unidade_coleta,QT_MAT_INF_CRE_INT,Número de Matrículas da Educação Infantil - Creche - Tempo Integral,,dicionário_dados_educação_básica_2024.xlsx
2024,microdados_unidade_coleta,QT_MAT_INF_PRE_INT,Número de Matrículas da Educação Infantil - Pré-Escola - Tempo Integral,,dicionário_dados_educação_básica_2024.xlsx
2024,microdados_unidade_coleta,QT_MAT_FUND_INT,Número de Matrículas do Ensino Fundamental - Tempo Integral,,dicionário_dados_educação_básica_2024.xlsx
2024,microdados_unidade_coleta,QT_MAT_FUND_AI_INT,Número de Matrículas do Ensino Fundamental - Anos Iniciais - Tempo Integral,,dicionário_dados_educação_básica_2024.xlsx
2024,microdados_unidade_coleta,QT_MAT_FUND_AF_INT,Número de Matrículas do Ensino Fundamental - Anos Finais - Tempo Integral,,dicionário_dados_educação_básica_2024.xlsx
2024,microdados_unidade_coleta,QT_MAT_MED_INT,Número de Matrículas do Ensino Médio - Tempo Integral,,dicionário_dados_educação_básica_2024.xlsx
2024,microdados_unidade_coleta,QT_MAT_ZR_URB,Número de Matrículas da Educação Básica - Localização/Zona de residência do Aluno - Urbana,,dicionário_dados_educação_básica_2024.xlsx
2024,microdados_unidade_coleta,QT_MAT_ZR_RUR,Número de Matrículas da Educação Básica - Localização/Zona de residência do Aluno - Rural,,dicionário_dados_educação_básica_2024.xlsx
2024,microdados_unidade_coleta,QT_MAT_ZR_NA,Número de Matrículas da Educação Básica - Localização/Zona de residência do Aluno - Não aplicável para alunos residentes no exterior,,dicionário_dados_educação_básica_2024.xlsx
2024,microdados_unidade_coleta,QT_TRANSP_PUBLICO,Número de Matrículas da Educação Básica de alunos que utilizam transporte escolar público,,dicionário_dados_educação_básica_2024.xlsx
2024,microdados_unidade_coleta,QT_TRANSP_RESP_EST,Número de Matrículas da Educação Básica segundo o poder público responsável pelo transporte escolar - Estadual,,dicionário_dados_educação_básica_2024.xlsx
2024,microdados_unidade_coleta,QT_TRANSP_RESP_MUN,Número de Matrículas da Educação Básica segundo o poder público responsável pelo transporte escolar - Municipal,,dicionário_dados_educação_básica_2024.xlsx
2024,microdados_unidade_coleta,QT_DOC_BAS,Número de Docentes da Educação Básica,"Notas importantes:
1) Os docentes referem-se aos indivíduos que estavam em efetiva regência de classe na data de referência do Censo Escolar da Educação Básica (última quarta-feira do mês de maio). 
2) Os docentes são contados uma única vez em cada estabelecimento de ensino, contudo, um mesmo docente pode atuar em mais de uma Região Geográfica, Unidade da Federação, Município, estabelecimento de ensino, etapa de ensino, etc. Portanto, a soma dos docentes constantes nos Microdados não representam o total Brasil ou das Unidades da Federação. Para consultar o número de docentes em cada unidade de agregação, de forma distinta, acesse as Sinopses Estatísticas, ou, Inepdata, cujo links estão indicados no cabeçalho deste documento.
Os docentes são contados somente uma vez em cada Etapa de Ensino, independentemente de atuarem em mais de uma delas.	
3) Na Educação Infantil inclui, os docentes que atuam em turmas de Creche, Pré-Escola e unificadas.	
4) Na Pré-Escola da Educação Infantil, inclui os docentes que atuam em turmas unificadas.	
5) Nos Anos Iniciais do Ensino Fundamental, inclui os docentes que atuam em turmas do 1º ao 5º ano do Ensino Fundamental e em turmas da Educação Infantil e Ensino Fundamental Multietapa.	
6) Nos Anos Finais do Ensino Fundamental, inclui os docentes que atuam em turmas do 6º ao 9º ano do Ensino Fundamental e em turmas do Ensino Fundamental Correção de Fluxo e turmas Multi.	
7) Na Educação Profissional, inclui os docentes que atuam nas seguintes Etapas de Ensino: Curso Técnico Integrado à Educação Profissional, Ensino Médio Normal/Magistério, Curso Técnico Concomitante, Curso Técnico Subsequente, Curso Técnico Misto (Concomitante e Subsequente), Curso FIC Concomitante, Cursos FIC Integrados à EJA de níveis Fundamental e Médio e Curso Técnico Integrado à EJA de Nível Médio.	
8) Na Educação de Jovens e Adultos (EJA), inclui os docentes que atuam em turmas das seguintes Etapas: EJA Ensino Fundamental, EJA Ensino Médio, Cursos FIC de níveis Fundamental e Médio e Curso Técnico Integrado à EJA (EJA Integrada à Educação Profissional de Nível Médio).	
9) Na EJA - Ensino Fundamental, inclui os docentes que atuam em turmas da EJA Ensino Fundamental Anos Iniciais e Anos Finais e Cursos FIC de nível Fundamental.
10) Na EJA - Ensino Médio, inclui os docentes que atuam em turmas da EJA Ensino Médio, Cursos FIC de nível Médio e Curso Técnico Integrado à EJA (EJA Integrada à Educação Profissional de Nível Médio).	
11) Na Educação Especial, inclui os docentes que atuam em turmas de Classes Exclusivas (Escolas Exclusivamente Especializadas e/ou em Classes Exclusivas de Ensino Regular e/ou EJA) e em Classes Comuns do Ensino Regular e/ou EJA.	
12) Nas Classes Comuns da Educação Especial, inclui os docentes que atuam em turmas que possuam alunos com algum tipo de deficiência, transtorno global do desenvolvimento e altas habilidades/superdotação do Ensino Regular e/ou EJA.	
13) Nas Classes Exclusivas da Educação Especial, inclui os docentes que atuam em turmas de Escolas Exclusivamente Especializadas e/ou em Classes Exclusivas do Ensino Regular e/ou EJA.",dicionário_dados_educação_básica_2024.xlsx
2024,microdados_unidade_coleta,QT_DOC_INF,Número de Docentes da Educação Infantil,,dicionário_dados_educação_básica_2024.xlsx
2024,microdados_unidade_coleta,QT_DOC_INF_CRE,Número de Docentes da Educação Infantil - Creche,,dicionário_dados_educação_básica_2024.xlsx
2024,microdados_unidade_coleta,QT_DOC_INF_PRE,Número de Docentes da Educação Infantil - Pré-Escola,,dicionário_dados_educação_básica_2024.xlsx
2024,microdados_unidade_coleta,QT_DOC_FUND,Número de Docentes do Ensino Fundamental,,dicionário_dados_educação_básica_2024.xlsx
2024,microdados_unidade_coleta,QT_DOC_FUND_AI,Número de Docentes do Ensino Fundamental - Anos Iniciais,,dicionário_dados_educação_básica_2024.xlsx
2024,microdados_unidade_coleta,QT_DOC_FUND_AF,Número de Docentes do Ensino Fundamental - Anos Finais,,dicionário_dados_educação_básica_2024.xlsx
2024,microdados_unidade_coleta,QT_DOC_MED,Número de Docentes do Ensino Médio,,dicionário_dados_educação_básica_2024.xlsx
2024,microdados_unidade_coleta,QT_DOC_PROF,Número de Docentes da Educação Profissional,,dicionário_dados_educação_básica_2024.xlsx
2024,microdados_unidade_coleta,QT_DOC_PROF_TEC,Número de Docentes da Educação Profissional Técnica,,dicionário_dados_educação_básica_2024.xlsx
2024,microdados_unidade_coleta,QT_DOC_EJA,Número de Docentes da Educação de Jovens e Adultos (EJA),,dicionário_dados_educação_básica_2024.xlsx
2024,microdados_unidade_coleta,QT_DOC_EJA_FUND,Número de Docentes da Educação de Jovens e Adultos (EJA) - Ensino Fundamental,,dicionário_dados_educação_básica_2024.xlsx
2024,microdados_unidade_coleta,QT_DOC_EJA_MED,Número de Docentes da Educação de Jovens e Adultos (EJA) - Ensino Médio,,dicionário_dados_educação_básica_2024.xlsx
2024,microdados_unidade_coleta,QT_DOC_ESP,Número de Docentes da Educação Especial,,dicionário_dados_educação_básica_2024.xlsx
2024,microdados_unidade_coleta,QT_DOC_ESP_CC,Número de Docentes da Educação Especial Inclusiva,,dicionário_dados_educação_básica_2024.xlsx
2024,microdados_unidade_coleta,QT_DOC_ESP_CE,Número de Docentes da Educação Especial Exclusiva,,dicionário_dados_educação_básica_2024.xlsx
2024,microdados_unidade_coleta,QT_TUR_BAS,Número de Turmas de Educação Básica,,dicionário_dados_educação_básica_2024.xlsx
2024,microdados_unidade_coleta,QT_TUR_INF,Número de Turmas de Educação Infantil,,dicionário_dados_educação_básica_2024.xlsx
2024,microdados_unidade_coleta,QT_TUR_INF_CRE,Número de Turmas de Educação Infantil - Creche,,dicionário_dados_educação_básica_2024.xlsx
2024,microdados_unidade_coleta,QT_TUR_INF_PRE,Número de Turmas de Educação Infantil - Pré-Escola,,dicionário_dados_educação_básica_2024.xlsx
2024,microdados_unidade_coleta,QT_TUR_FUND,Número de Turmas de Ensino Fundamental,,dicionário_dados_educação_básica_2024.xlsx
2024,microdados_unidade_coleta,QT_TUR_FUND_AI,Número de Turmas de Ensino Fundamental - Anos Iniciais,,dicionário_dados_educação_básica_2024.xlsx
2024,microdados_unidade_coleta,QT_TUR_FUND_AF,Número de Turmas de Ensino Fundamental - Anos Finais,,dicionário_dados_educação_básica_2024.xlsx
2024,microdados_unidade_coleta,QT_TUR_MED,Número de Turmas de Ensino Médio,,dicionário_dados_educação_básica_2024.xlsx
2024,microdados_unidade_coleta,QT_TUR_PROF,Número de Turmas de Educação Profissional,,dicionário_dados_educação_básica_2024.xlsx
2024,microdados_unidade_coleta,QT_TUR_PROF_TEC,Número de Turmas de Educação Profissional Técnica,,dicionário_dados_educação_básica_2024.xlsx
2024,microdados_unidade_coleta,QT_TUR_EJA,Número de Turmas de Educação de Jovens e Adultos (EJA),,dicionário_dados_educação_básica_2024.xlsx
2024,microdados_unidade_coleta,QT_TUR_EJA_FUND,Número de Turmas de Educação de Jovens e Adultos (EJA) - Ensino Fundamental,,dicionário_dados_educação_básica_2024.xlsx
2024,microdados_unidade_coleta,QT_TUR_EJA_MED,Número de Turmas de Educação de Jovens e Adultos (EJA) - Ensino Médio,,dicionário_dados_educação_básica_2024.xlsx
2024,microdados_unidade_coleta,QT_TUR_ESP,Número de Turmas de Educação Especial,,dicionário_dados_educação_básica_2024.xlsx
2024,microdados_unidade_coleta,QT_TUR_ESP_CC,Número de Turmas de Educação Especial Inclusiva,,dicionário_dados_educação_básica_2024.xlsx
2024,microdados_unidade_coleta,QT_TUR_ESP_CE,Número de Turmas de Educação Especial Exclusiva,,dicionário_dados_educação_básica_2024.xlsx
2024,microdados_unidade_coleta,QT_TUR_BAS_D,Número de Turmas da Educação Básica - Turno Diurno,Diurno - Quando a maior parte das atividades da turma são realizadas no período entre 6h e 17:59h.,dicionário_dados_educação_básica_2024.xlsx
2024,microdados_unidade_coleta,QT_TUR_BAS_N,Número de Turmas da Educação Básica - Turno Noturno,Noturno - quando a maior parte das atividades da turma são realizadas entre 18h e 5:59h.,dicionário_dados_educação_básica_2024.xlsx
2024,microdados_unidade_coleta,QT_TUR_BAS_EAD,Número de Turmas da Educação Básica - Turno não aplicável  para turmas semipresenciais ou de Educação a Distância (EAD),,dicionário_dados_educação_básica_2024.xlsx
2024,microdados_unidade_coleta,QT_TUR_INF_INT,Número de Turmas da Educação Infantil - Tempo Integral,"Considera-se em tempo integral, as turmas com duração igual ou maior que 7 horas diárias (35 horas semanais).",dicionário_dados_educação_básica_2024.xlsx
2024,microdados_unidade_coleta,QT_TUR_INF_CRE_INT,Número de Turmas da Educação Infantil - Creche - Tempo Integral,,dicionário_dados_educação_básica_2024.xlsx
2024,microdados_unidade_coleta,QT_TUR_INF_PRE_INT,Número de Turmas da Educação Infantil - Pré-Escola - Tempo Integral,,dicionário_dados_educação_básica_2024.xlsx
2024,microdados_unidade_coleta,QT_TUR_FUND_INT,Número de Turmas do Ensino Fundamental - Tempo Integral,,dicionário_dados_educação_básica_2024.xlsx
2024,microdados_unidade_coleta,QT_TUR_FUND_AI_INT,Número de Turmas do Ensino Fundamental - Anos Iniciais - Tempo Integral,,dicionário_dados_educação_básica_2024.xlsx
2024,microdados_unidade_coleta,QT_TUR_FUND_AF_INT,Número de Turmas do Ensino Fundamental - Anos Finais - Tempo Integral,,dicionário_dados_educação_básica_2024.xlsx
2024,microdados_unidade_coleta,QT_TUR_MED_INT,Número de Turmas do Ensino Médio - Tempo Integral,,dicionário_dados_educação_básica_2024.xlsx
2024,suplemento_cursos_tecnicos,NU_ANO_CENSO,Ano do Censo,,dicionário_dados_educação_básica_2024.xlsx
2024,suplemento_cursos_tecnicos,NO_REGIAO,Nome da Região Geográfica,,dicionário_dados_educação_básica_2024.xlsx
2024,suplemento_cursos_tecnicos,CO_REGIAO,Código da Região Geográfica,,dicionário_dados_educação_básica_2024.xlsx
2024,suplemento_cursos_tecnicos,NO_UF,Nome da Unidade da Federação,,dicionário_dados_educação_básica_2024.xlsx
2024,suplemento_cursos_tecnicos,SG_UF,Sigla da Unidade da Federação,,dicionário_dados_educação_básica_2024.xlsx
2024,suplemento_cursos_tecnicos,CO_UF,Código da Unidade da Federação,,dicionário_dados_educação_básica_2024.xlsx
2024,suplemento_cursos_tecnicos,NO_MUNICIPIO,Nome do Município,,dicionário_dados_educação_básica_2024.xlsx
2024,suplemento_cursos_tecnicos,CO_MUNICIPIO,Código do Município,,dicionário_dados_educação_básica_2024.xlsx
2024,suplemento_cursos_tecnicos,TP_LOCALIZACAO,Localização,,dicionário_dados_educação_básica_2024.xlsx
2024,suplemento_cursos_tecnicos,TP_LOCALIZACAO_DIFERENCIADA,Localização diferenciada da escola,"De 2007 a 2011:  
0 - Não se aplica
1 - Área de assentamento
2 - Terra indígena
3 - Área remanescente de quilombos
De 2012 a 2018:  
0 - A escola não está em área de localização diferenciada
1 - Área de assentamento
2 - Terra indígena
3 - Área remanescente de quilombos
4 - Unidade de uso sustentável
5 - Unidade de uso sustentável em terra indígena
6 - Unidade de uso sustentável em área remanescente de quilombos
De 2019 a 2022: 
0 - A escola não está em área de localização diferenciada
1 - Área de assentamento
2 - Terra indígena
3 - Área onde se localiza comunidade remanescente de quilombos
Em 2023 foi adicionada a categoria 8: 
8 - Área onde se localizam povos e comunidades tradicionais",dicionário_dados_educação_básica_2024.xlsx
2024,suplemento_cursos_tecnicos,TP_DEPENDENCIA,Dependência Administrativa,,dicionário_dados_educação_básica_2024.xlsx
2024,suplemento_cursos_tecnicos,NO_ENTIDADE,Código da Escola,,dicionário_dados_educação_básica_2024.xlsx
2024,suplemento_cursos_tecnicos,CO_ENTIDADE,Nome da Escola,,dicionário_dados_educação_básica_2024.xlsx
2024,suplemento_cursos_tecnicos,NO_AREA_CURSO_PROFISSIONAL,Nome da Área do Curso Técnico,,dicionário_dados_educação_básica_2024.xlsx
2024,suplemento_cursos_tecnicos,ID_AREA_CURSO_PROFISSIONAL,Código da Área do Curso Técnico,,dicionário_dados_educação_básica_2024.xlsx
2024,suplemento_cursos_tecnicos,NO_CURSO_EDUC_PROFISSIONAL,Nome do Cursos Técnico,,dicionário_dados_educação_básica_2024.xlsx
2024,suplemento_cursos_tecnicos,CO_CURSO_EDUC_PROFISSIONAL,Código do Curso Técnico,,dicionário_dados_educação_básica_2024.xlsx
2024,suplemento_cursos_tecnicos,QT_CURSO_TEC,Número de Cursos Técnicos,,dicionário_dados_educação_básica_2024.xlsx
2024,suplemento_cursos_tecnicos,QT_MAT_CURSO_TEC,Número de Matrículas em Cursos Técnicos,,dicionário_dados_educação_básica_2024.xlsx
2024,suplemento_cursos_tecnicos,QT_CURSO_TEC_CT,Número de Cursos Técnicos - Ensino Médio Integrado à Educação Profissional,,dicionário_dados_educação_básica_2024.xlsx
2024,suplemento_cursos_tecnicos,QT_MAT_CURSO_TEC_CT,Número de Matrículas em Cursos Técnicos - Ensino Médio Integrado à Educação Profissional,,dicionário_dados_educação_básica_2024.xlsx
2024,suplemento_cursos_tecnicos,QT_CURSO_TEC_NM,Número de Cursos Técnicos - Ensino Médio - Modalidade Normal/Magistério,,dicionário_dados_educação_básica_2024.xlsx
2024,suplemento_cursos_tecnicos,QT_MAT_CURSO_TEC_NM,Número de Matrículas em Cursos Técnicos - Ensino Médio - Modalidade Normal/Magistério,,dicionário_dados_educação_básica_2024.xlsx
2024,suplemento_cursos_tecnicos,QT_CURSO_TEC_CONC,Número de Cursos Técnicos - Educação Profissional Concomitante,,dicionário_dados_educação_básica_2024.xlsx
2024,suplemento_cursos_tecnicos,QT_MAT_CURSO_TEC_CONC,Número de Matrículas em Cursos Técnicos - Educação Profissional Concomitante,,dicionário_dados_educação_básica_2024.xlsx
2024,suplemento_cursos_tecnicos,QT_CURSO_TEC_SUBS,Número de Cursos Técnicos - Educação Profissional Subsequente,,dicionário_dados_educação_básica_2024.xlsx
2024,suplemento_cursos_tecnicos,QT_MAT_TEC_SUBS,Número de Matrículas em Cursos Técnicos - Educação Profissional Subsequente,,dicionário_dados_educação_básica_2024.xlsx
2024,suplemento_cursos_tecnicos,QT_CURSO_TEC_EJA,Número de Cursos Técnicos - Curso Técnico Integrado na Modalidade EJA de Nível Médio,,dicionário_dados_educação_básica_2024.xlsx
2024,suplemento_cursos_tecnicos,QT_MAT_TEC_EJA,Número de Matrículas em Cursos Técnicos - Curso Técnico Integrado na Modalidade EJA de Nível Médio,,dicionário_dados_educação_básica_2024.xlsx
2025,Tabela_de_Escola,NU_ANO_CENSO,Ano do Censo,,dicionário_dados_educação_básica_2025.xlsx
2025,Tabela_de_Escola,NO_REGIAO,Nome da Região Geográfica,,dicionário_dados_educação_básica_2025.xlsx
2025,Tabela_de_Escola,CO_REGIAO,Código da Região Geográfica,,dicionário_dados_educação_básica_2025.xlsx
2025,Tabela_de_Escola,NO_UF,Nome da Unidade da Federação,,dicionário_dados_educação_básica_2025.xlsx
2025,Tabela_de_Escola,SG_UF,Sigla da Unidade da Federação,,dicionário_dados_educação_básica_2025.xlsx
2025,Tabela_de_Escola,CO_UF,Código da Unidade da Federação,,dicionário_dados_educação_básica_2025.xlsx
2025,Tabela_de_Escola,NO_MUNICIPIO,Nome do Município,,dicionário_dados_educação_básica_2025.xlsx
2025,Tabela_de_Escola,CO_MUNICIPIO,Código do Município,,dicionário_dados_educação_básica_2025.xlsx
2025,Tabela_de_Escola,NO_REGIAO_GEOG_INTERM,Nome da Região Geográfica Intermediária,"A Fundação Instituto Brasileiro de Geografia e Estatísticas (IBGE), propôs em 2017 uma nova divisão geográfica regional do Brasil que corresponde às antigas Mesorregiões e Microrregiões. Assim, a partir de 2019, as regiões geográficas regionais são classificadas em Regiões Geográficas Intermediárias e Regiões Imediatas.",dicionário_dados_educação_básica_2025.xlsx
2025,Tabela_de_Escola,CO_REGIAO_GEOG_INTERM,Código da Região Geográfica Intermediária,,dicionário_dados_educação_básica_2025.xlsx
2025,Tabela_de_Escola,NO_REGIAO_GEOG_IMED,Nome da Região Geográfica Imediata,,dicionário_dados_educação_básica_2025.xlsx
2025,Tabela_de_Escola,CO_REGIAO_GEOG_IMED,Código da Região Geográfica Imediata,,dicionário_dados_educação_básica_2025.xlsx
2025,Tabela_de_Escola,NO_MESORREGIAO,Nome da Mesorregião,,dicionário_dados_educação_básica_2025.xlsx
2025,Tabela_de_Escola,CO_MESORREGIAO,Código da Mesorregião,,dicionário_dados_educação_básica_2025.xlsx
2025,Tabela_de_Escola,NO_MICRORREGIAO,Nome da Microrregião,,dicionário_dados_educação_básica_2025.xlsx
2025,Tabela_de_Escola,CO_MICRORREGIAO,Código da Microrregião,,dicionário_dados_educação_básica_2025.xlsx
2025,Tabela_de_Escola,NO_DISTRITO,Divisão Intramunicipal - Nome do Distrito,,dicionário_dados_educação_básica_2025.xlsx
2025,Tabela_de_Escola,CO_DISTRITO,Divisão Intramunicipal - Código do Distrito,,dicionário_dados_educação_básica_2025.xlsx
2025,Tabela_de_Escola,NO_SUBDISTRITO,Divisão Intramunicipal - Nome do Subdistrito,"A partir do Censo Escolar de 2025, a coleta de informações passou a contemplar dados geográficos desagregados pelo Código das Regiões Administrativas exclusivamente para o Distrito Federal. Em decorrência dessa alteração, nos Microdados, o nome e o código das Regiões Administrativas do Distrito Federal passaram a ser incorporados às variáveis de Código e Nome do Distrito.
Assim, nesta versão dos Microdados, as variáveis NO_REGIAO_ADMINISTRATIVA e CO_REGIAO_ADMINISTRATIVA foram, respectivamente, integradas às variáveis NO_DISTRITO e CO_DISTRITO.",dicionário_dados_educação_básica_2025.xlsx
2025,Tabela_de_Escola,CO_SUBDISTRITO,Divisão Intramunicipal - Código do Subdistrito,,dicionário_dados_educação_básica_2025.xlsx
2025,Tabela_de_Escola,NO_REGIAO_ADMINISTRATIVA,Nome da Região Administrativa referente exclusivamente às regiões administrativas do Distrito Federal (DF),,dicionário_dados_educação_básica_2025.xlsx
2025,Tabela_de_Escola,CO_REGIAO_ADMINISTRATIVA,Código da Região Administrativa referente exclusivamente às regiões administrativas do Distrito Federal (DF),,dicionário_dados_educação_básica_2025.xlsx
2025,Tabela_de_Escola,NO_ENTIDADE,Nome da Escola,,dicionário_dados_educação_básica_2025.xlsx
2025,Tabela_de_Escola,CO_ENTIDADE,Código da Escola,,dicionário_dados_educação_básica_2025.xlsx
2025,Tabela_de_Escola,CO_REDE,Rede de Ensino,"Variável incluída nos Microdados com o objetivo de facilitar a identificação e a extração de informações por Rede de Ensino (Pública ou Privada). Trata-se de variável derivada da variável TP_DEPENDENCIA, sendo que a rede pública compreende as esferas Federal, Estadual e Municipal.",dicionário_dados_educação_básica_2025.xlsx
2025,Tabela_de_Escola,TP_DEPENDENCIA,Dependência Administrativa,,dicionário_dados_educação_básica_2025.xlsx
2025,Tabela_de_Escola,TP_CATEGORIA_ESCOLA_PRIVADA,Categoria da escola privada,,dicionário_dados_educação_básica_2025.xlsx
2025,Tabela_de_Escola,TP_LOCALIZACAO,Localização,,dicionário_dados_educação_básica_2025.xlsx
2025,Tabela_de_Escola,TP_LOCALIZACAO_DIFERENCIADA,Localização diferenciada da escola,"De 2007 a 2011:  
0 - Não se aplica
1 - Área de assentamento
2 - Terra indígena
3 - Área remanescente de quilombos
De 2012 a 2018:  
0 - A escola não está em área de localização diferenciada
1 - Área de assentamento
2 - Terra indígena
3 - Área remanescente de quilombos
4 - Unidade de uso sustentável
5 - Unidade de uso sustentável em terra indígena
6 - Unidade de uso sustentável em área remanescente de quilombos
De 2019 a 2022: 
0 - A escola não está em área de localização diferenciada
1 - Área de assentamento
2 - Terra indígena
3 - Área onde se localiza comunidade remanescente de quilombos
Em 2023 foi adicionada a categoria 8: 
8 - Área onde se localizam povos e comunidades tradicionais",dicionário_dados_educação_básica_2025.xlsx
2025,Tabela_de_Escola,DS_ENDERECO,Endereço,"Os campos de endereço da escola (DS_ENDERECO, NU_ENDERECO, DS_COMPLEMENTO, NO_BAIRRO, CO_CEP, LATITUDE e LONGITUDE) foram retirados dos Microdados do Censo Escolar da Educação Básica 2025. Essas informações permanecem disponíveis para consulta pública no Catálogo de Escolas do Inep: https://www.gov.br/inep/pt-br/acesso-a-informacao/dados-abertos/inep-data/catalogo-de-escolas.
Os campos NU_DDD e NU_TELEFONE também foram suprimidos dos Microdados, uma vez que não passam por procedimentos específicos de crítica de consistência e foram identificados registros contendo telefones pessoais. A retirada desses campos visa resguardar a privacidade dos titulares dos dados e atender às disposições da Lei Geral de Proteção de Dados Pessoais (Lei nº 13.709/2018) e da Lei de Acesso à Informação (Lei nº 12.527/2011), que preveem a proteção de informações pessoais contra divulgação indevida.",dicionário_dados_educação_básica_2025.xlsx
2025,Tabela_de_Escola,NU_ENDERECO,Número,,dicionário_dados_educação_básica_2025.xlsx
2025,Tabela_de_Escola,DS_COMPLEMENTO,Complemento,,dicionário_dados_educação_básica_2025.xlsx
2025,Tabela_de_Escola,NO_BAIRRO,Bairro,,dicionário_dados_educação_básica_2025.xlsx
2025,Tabela_de_Escola,CO_CEP,CEP,,dicionário_dados_educação_básica_2025.xlsx
2025,Tabela_de_Escola,NU_DDD,DDD,,dicionário_dados_educação_básica_2025.xlsx
2025,Tabela_de_Escola,NU_TELEFONE,Telefone,,dicionário_dados_educação_básica_2025.xlsx
2025,Tabela_de_Escola,LATITUDE,Georreferenciamento da Escola - Latitude,,dicionário_dados_educação_básica_2025.xlsx
2025,Tabela_de_Escola,LONGITUDE,Georreferenciamento da Escola - Longitude,,dicionário_dados_educação_básica_2025.xlsx
2025,Tabela_de_Escola,TP_SITUACAO_FUNCIONAMENTO,Situação de funcionamento,,dicionário_dados_educação_básica_2025.xlsx
2025,Tabela_de_Escola,CO_ORGAO_REGIONAL,Código do Órgão Regional de Ensino,,dicionário_dados_educação_básica_2025.xlsx
2025,Tabela_de_Escola,DT_ANO_LETIVO_INICIO,Início do ano letivo,,dicionário_dados_educação_básica_2025.xlsx
2025,Tabela_de_Escola,DT_ANO_LETIVO_TERMINO,Término (previsão) do ano letivo,,dicionário_dados_educação_básica_2025.xlsx
2025,Tabela_de_Escola,IN_VINCULO_SECRETARIA_EDUCACAO,Órgão ao qual a escola pública está vinculada - Secretaria de Educação/Ministério da Educação,,dicionário_dados_educação_básica_2025.xlsx
2025,Tabela_de_Escola,IN_VINCULO_SEGURANCA_PUBLICA,Órgão ao qual a escola pública está vinculada - Secretaria de Segurança Pública/Forças Armadas/Militar,,dicionário_dados_educação_básica_2025.xlsx
2025,Tabela_de_Escola,IN_VINCULO_SECRETARIA_SAUDE,Órgão ao qual a escola pública está vinculada - Secretaria de Saúde/Ministério da Saúde,,dicionário_dados_educação_básica_2025.xlsx
2025,Tabela_de_Escola,IN_VINCULO_OUTRO_ORGAO,Órgão ao qual a escola pública está vinculada - Outro órgão da administração pública,,dicionário_dados_educação_básica_2025.xlsx
2025,Tabela_de_Escola,IN_PODER_PUBLICO_PARCERIA,"Parceria ou convênio com o poder público (parceria ou convênio firmado entre a Administração Pública e instituições privadas ou instituições públicas de ensino, autarquias e fundações da administração indireta e demais instituições de educação profissional técnica de nível médio dos serviços sociais autônomos que integram o sistema federal de ensino, para financiamento do atendimento educacional ou para a oferta do itinerário de formação técnica e profissional do ensino médio)","Entre 2007 e 2021:
A variável IN_CONVENIADA_PP foi renomeada para:
IN_PODER_PUBLICO_PARCERIA",dicionário_dados_educação_básica_2025.xlsx
2025,Tabela_de_Escola,TP_PODER_PUBLICO_PARCERIA,Poder público responsável pela parceria ou convênio entre a Administração Pública e outras instituições,"Entre 2007 e 2021:
A variável TP_CONVENIO_PODER_PUBLICO foi renomeada para: TP_PODER_PUBLICO_PARCERIA",dicionário_dados_educação_básica_2025.xlsx
2025,Tabela_de_Escola,IN_CONVENIADA_PP,Conveniada com o poder público,,dicionário_dados_educação_básica_2025.xlsx
2025,Tabela_de_Escola,TP_CONVENIO_PODER_PUBLICO,Dependência do convênio com o poder público,,dicionário_dados_educação_básica_2025.xlsx
2025,Tabela_de_Escola,IN_FORMA_CONT_TERMO_COLABORA,Forma de contratação entre a Administração Pública e outras instituições - Termo de colaboração (Lei nº 13.019/2014),,dicionário_dados_educação_básica_2025.xlsx
2025,Tabela_de_Escola,IN_FORMA_CONT_TERMO_FOMENTO,Forma de contratação entre a Administração Pública e outras instituições - Termo de fomento (Lei nº 13.019/2014),,dicionário_dados_educação_básica_2025.xlsx
2025,Tabela_de_Escola,IN_FORMA_CONT_ACORDO_COOP,Forma de contratação entre a Administração Pública e outras instituições - Acordo de cooperação (Lei nº 13.019/2014),,dicionário_dados_educação_básica_2025.xlsx
2025,Tabela_de_Escola,IN_FORMA_CONT_PRESTACAO_SERV,Forma de contratação entre a Administração Pública e outras instituições - Contrato de prestação de serviço,,dicionário_dados_educação_básica_2025.xlsx
2025,Tabela_de_Escola,IN_FORMA_CONT_COOP_TEC_FIN,Forma de contratação entre a Administração Pública e outras instituições - Termo de cooperação técnica e financeira,,dicionário_dados_educação_básica_2025.xlsx
2025,Tabela_de_Escola,IN_FORMA_CONT_CONSORCIO_PUB,Forma de contratação entre a Administração Pública e outras instituições - Contrato de consórcio público/Convênio de cooperação,,dicionário_dados_educação_básica_2025.xlsx
2025,Tabela_de_Escola,IN_FORMA_CONT_MU_TERMO_COLAB,Forma(s) de contratação da parceria ou convênio entre a escola e a Secretaria municipal de educação - Termo de colaboração (Lei nº 13.019/2014),,dicionário_dados_educação_básica_2025.xlsx
2025,Tabela_de_Escola,IN_FORMA_CONT_MU_TERMO_FOMENTO,Forma(s) de contratação da parceria ou convênio entre a escola e a Secretaria municipal de educação - Termo de fomento (Lei nº 13.019/2014),,dicionário_dados_educação_básica_2025.xlsx
2025,Tabela_de_Escola,IN_FORMA_CONT_MU_ACORDO_COOP,Forma(s) de contratação da parceria ou convênio entre a escola e a Secretaria municipal de educação - Acordo de cooperação (Lei nº 13.019/2014),,dicionário_dados_educação_básica_2025.xlsx
2025,Tabela_de_Escola,IN_FORMA_CONT_MU_PREST_SERV,Forma(s) de contratação da parceria ou convênio entre a escola e a Secretaria municipal de educação - Contrato de prestação de serviço,,dicionário_dados_educação_básica_2025.xlsx
2025,Tabela_de_Escola,IN_FORMA_CONT_MU_COOP_TEC_FIN,Forma(s) de contratação da parceria ou convênio entre a escola e a Secretaria municipal de educação - Termo de cooperação técnica e financeira,,dicionário_dados_educação_básica_2025.xlsx
2025,Tabela_de_Escola,IN_FORMA_CONT_MU_CONSORCIO_PUB,"Forma(s) de contratação da parceria ou convênio entre a escola e a Secretaria municipal de educação - Contrato de consórcio público/Convênio de
cooperação",,dicionário_dados_educação_básica_2025.xlsx
2025,Tabela_de_Escola,IN_FORMA_CONT_ES_TERMO_COLAB,Forma(s) de contratação da parceria ou convênio entre a escola e a Secretaria estadual de educação - Termo de colaboração (Lei nº 13.019/2014),,dicionário_dados_educação_básica_2025.xlsx
2025,Tabela_de_Escola,IN_FORMA_CONT_ES_TERMO_FOMENTO,Forma(s) de contratação da parceria ou convênio entre a escola e a Secretaria estadual de educação - Termo de fomento (Lei nº 13.019/2014),,dicionário_dados_educação_básica_2025.xlsx
2025,Tabela_de_Escola,IN_FORMA_CONT_ES_ACORDO_COOP,Forma(s) de contratação da parceria ou convênio entre a escola e a Secretaria estadual de educação - Acordo de cooperação (Lei nº 13.019/2014),,dicionário_dados_educação_básica_2025.xlsx
2025,Tabela_de_Escola,IN_FORMA_CONT_ES_PREST_SERV,Forma(s) de contratação da parceria ou convênio entre a escola e a Secretaria estadual de educação - Contrato de prestação de serviço,,dicionário_dados_educação_básica_2025.xlsx
2025,Tabela_de_Escola,IN_FORMA_CONT_ES_COOP_TEC_FIN,Forma(s) de contratação da parceria ou convênio entre a escola e a Secretaria estadual de educação - Termo de cooperação técnica e financeira,,dicionário_dados_educação_básica_2025.xlsx
2025,Tabela_de_Escola,IN_FORMA_CONT_ES_CONSORCIO_PUB,"Forma(s) de contratação da parceria ou convênio entre a escola e a Secretaria estadual de educação - Contrato de consórcio público/Convênio de
cooperação",,dicionário_dados_educação_básica_2025.xlsx
2025,Tabela_de_Escola,IN_TIPO_ATEND_ESCOLARIZACAO,Tipo de atendimento ofertado por meio da parceria ou convênio - Escolarização,,dicionário_dados_educação_básica_2025.xlsx
2025,Tabela_de_Escola,IN_TIPO_ATEND_AC,Tipo de atendimento ofertado por meio da parceria ou convênio - Atividade Complementar,,dicionário_dados_educação_básica_2025.xlsx
2025,Tabela_de_Escola,IN_TIPO_ATEND_AEE,Tipo de atendimento ofertado por meio da parceria ou convênio - Atendimento Educacional Especializado (AEE),,dicionário_dados_educação_básica_2025.xlsx
2025,Tabela_de_Escola,IN_MANT_ESCOLA_PRIVADA_EMP,Mantenedora da escola privada - Empresa ou grupo empresarial do setor privado ou pessoa física,,dicionário_dados_educação_básica_2025.xlsx
2025,Tabela_de_Escola,IN_MANT_ESCOLA_PRIVADA_ONG,Mantenedora da escola privada - Organização Não Governamental (ONG) - internacional ou nacional,,dicionário_dados_educação_básica_2025.xlsx
2025,Tabela_de_Escola,IN_MANT_ESCOLA_PRIVADA_OSCIP,Mantenedora da escola privada - Organização da Sociedade Civil de Interesse Público (Oscip),,dicionário_dados_educação_básica_2025.xlsx
2025,Tabela_de_Escola,IN_MANT_ESCOLA_PRIV_ONG_OSCIP,"Mantenedora da escola privada - Organização Não Governamental (ONG) - internacional ou nacional.
Organização da Sociedade Civil de Interesse Público (Oscip)","A partir de 2019:
Variável derivada juntando IN_MANT_ESCOLA_PRIVADA_ONG e IN_MANT_ESCOLA_PRIVADA_OSCIP",dicionário_dados_educação_básica_2025.xlsx
2025,Tabela_de_Escola,IN_MANT_ESCOLA_PRIVADA_SIND,"Mantenedora da escola privada - Sindicatos de trabalhadores ou patronais, associações e cooperativas",,dicionário_dados_educação_básica_2025.xlsx
2025,Tabela_de_Escola,IN_MANT_ESCOLA_PRIVADA_SIST_S,"Mantenedora da escola privada - Sistema S (Sesi, Senai, Sesc, outros)",,dicionário_dados_educação_básica_2025.xlsx
2025,Tabela_de_Escola,IN_MANT_ESCOLA_PRIVADA_S_FINS,Mantenedora da escola privada - Instituições sem fins lucrativos,,dicionário_dados_educação_básica_2025.xlsx
2025,Tabela_de_Escola,NU_CNPJ_ESCOLA_PRIVADA,Número do CNPJ da escola privada,,dicionário_dados_educação_básica_2025.xlsx
2025,Tabela_de_Escola,NU_CNPJ_MANTENEDORA,Número do CNPJ da mantenedora principal da escola privada,,dicionário_dados_educação_básica_2025.xlsx
2025,Tabela_de_Escola,TP_REGULAMENTACAO,"Regulamentação/Autorização no conselho ou órgão municipal, estadual ou federal de educação",,dicionário_dados_educação_básica_2025.xlsx
2025,Tabela_de_Escola,TP_RESPONSAVEL_REGULAMENTACAO,Esfera administrativa do conselho ou órgão responsável pela Regulamentação/Autorização,,dicionário_dados_educação_básica_2025.xlsx
2025,Tabela_de_Escola,CO_ESCOLA_SEDE_VINCULADA,Código da escola sede,,dicionário_dados_educação_básica_2025.xlsx
2025,Tabela_de_Escola,CO_IES_OFERTANTE,Código da IES vinculada à escola,,dicionário_dados_educação_básica_2025.xlsx
2025,Tabela_de_Escola,IN_LOCAL_FUNC_PREDIO_ESCOLAR,Local de funcionamento da escola - Prédio Escolar,,dicionário_dados_educação_básica_2025.xlsx
2025,Tabela_de_Escola,TP_OCUPACAO_PREDIO_ESCOLAR,Forma de ocupação do Prédio escolar,,dicionário_dados_educação_básica_2025.xlsx
2025,Tabela_de_Escola,IN_LOCAL_FUNC_SALAS_EMPRESA,Local de funcionamento da escola - Salas de empresa,,dicionário_dados_educação_básica_2025.xlsx
2025,Tabela_de_Escola,IN_LOCAL_FUNC_SOCIOEDUCATIVO,Local de funcionamento da escola - Unidade de Atendimento socioeducativo,,dicionário_dados_educação_básica_2025.xlsx
2025,Tabela_de_Escola,IN_LOCAL_FUNC_UNID_PRISIONAL,Local de funcionamento da escola - Unidade Prisional,,dicionário_dados_educação_básica_2025.xlsx
2025,Tabela_de_Escola,IN_LOCAL_FUNC_PRISIONAL_SOCIO,Local de funcionamento da escola - Unidade Prisional ou Unidade de atendimento socioeducativo,,dicionário_dados_educação_básica_2025.xlsx
2025,Tabela_de_Escola,IN_LOCAL_FUNC_TEMPLO_IGREJA,Local de funcionamento da escola - Templo/Igreja,,dicionário_dados_educação_básica_2025.xlsx
2025,Tabela_de_Escola,IN_LOCAL_FUNC_CASA_PROFESSOR,Local de funcionamento da escola - Casa do professor,,dicionário_dados_educação_básica_2025.xlsx
2025,Tabela_de_Escola,IN_LOCAL_FUNC_GALPAO,Local de funcionamento da escola - Galpão/Rancho/Paiol/Barracão,,dicionário_dados_educação_básica_2025.xlsx
2025,Tabela_de_Escola,TP_OCUPACAO_GALPAO,Forma de ocupação do Galpão/Rancho/Paiol/Barracão,,dicionário_dados_educação_básica_2025.xlsx
2025,Tabela_de_Escola,IN_LOCAL_FUNC_SALAS_OUTRA_ESC,Local de funcionamento da escola - Salas em outra escola,,dicionário_dados_educação_básica_2025.xlsx
2025,Tabela_de_Escola,IN_LOCAL_FUNC_OUTROS,Local de funcionamento da escola - Outros,,dicionário_dados_educação_básica_2025.xlsx
2025,Tabela_de_Escola,IN_PREDIO_COMPARTILHADO,Prédio compartilhado com outra escola,,dicionário_dados_educação_básica_2025.xlsx
2025,Tabela_de_Escola,IN_AGUA_FILTRADA,Água consumida pelos alunos,,dicionário_dados_educação_básica_2025.xlsx
2025,Tabela_de_Escola,IN_AGUA_POTAVEL,Fornece água potável para o consumo humano,,dicionário_dados_educação_básica_2025.xlsx
2025,Tabela_de_Escola,IN_AGUA_REDE_PUBLICA,Abastecimento de água - Rede pública,,dicionário_dados_educação_básica_2025.xlsx
2025,Tabela_de_Escola,IN_AGUA_POCO_ARTESIANO,Abastecimento de água - Poço artesiano,,dicionário_dados_educação_básica_2025.xlsx
2025,Tabela_de_Escola,IN_AGUA_CACIMBA,Abastecimento de água - Cacimba/Cisterna/Poço,,dicionário_dados_educação_básica_2025.xlsx
2025,Tabela_de_Escola,IN_AGUA_FONTE_RIO,Abastecimento de água - Fonte/Rio/Igarapé/Riacho/Córrego,,dicionário_dados_educação_básica_2025.xlsx
2025,Tabela_de_Escola,IN_AGUA_INEXISTENTE,Abastecimento de água - Não há abastecimento de água,,dicionário_dados_educação_básica_2025.xlsx
2025,Tabela_de_Escola,IN_AGUA_CARRO_PIPA,Abastecimento de água - Carro-pipa,,dicionário_dados_educação_básica_2025.xlsx
2025,Tabela_de_Escola,IN_ENERGIA_REDE_PUBLICA,Abastecimento de energia elétrica - Rede pública,,dicionário_dados_educação_básica_2025.xlsx
2025,Tabela_de_Escola,IN_ENERGIA_GERADOR,Abastecimento de energia elétrica - Gerador,,dicionário_dados_educação_básica_2025.xlsx
2025,Tabela_de_Escola,IN_ENERGIA_GERADOR_FOSSIL,Abastecimento de energia elétrica - Gerador movido a combustível fóssil,,dicionário_dados_educação_básica_2025.xlsx
2025,Tabela_de_Escola,IN_ENERGIA_OUTROS,Abastecimento de energia elétrica - Outros (Energia alternativa),,dicionário_dados_educação_básica_2025.xlsx
2025,Tabela_de_Escola,IN_ENERGIA_RENOVAVEL,"Abastecimento de energia elétrica - Fontes de energia renováveis ou alternativas (gerador a biocombustível e/ou biodigestores, eólica, solar, outras)",,dicionário_dados_educação_básica_2025.xlsx
2025,Tabela_de_Escola,IN_ENERGIA_INEXISTENTE,Abastecimento de energia elétrica - Não há energia elétrica,,dicionário_dados_educação_básica_2025.xlsx
2025,Tabela_de_Escola,IN_ESGOTO_REDE_PUBLICA,Esgoto sanitário - Rede pública,,dicionário_dados_educação_básica_2025.xlsx
2025,Tabela_de_Escola,IN_ESGOTO_FOSSA_SEPTICA,Esgoto sanitário - Fossa Séptica,,dicionário_dados_educação_básica_2025.xlsx
2025,Tabela_de_Escola,IN_ESGOTO_FOSSA_COMUM,Esgoto sanitário - Fossa rudimentar/comum,,dicionário_dados_educação_básica_2025.xlsx
2025,Tabela_de_Escola,IN_ESGOTO_FOSSA,Esgoto sanitário - Fossa,"A partir de 2019:
Variável derivada juntando IN_ESGOTO_FOSSA_SEPTICA e IN_ESGOTO_FOSSA_COMUM",dicionário_dados_educação_básica_2025.xlsx
2025,Tabela_de_Escola,IN_ESGOTO_INEXISTENTE,Esgoto sanitário - Não há esgotamento sanitário,,dicionário_dados_educação_básica_2025.xlsx
2025,Tabela_de_Escola,IN_LIXO_SERVICO_COLETA,Destinação do lixo - Serviço de coleta,,dicionário_dados_educação_básica_2025.xlsx
2025,Tabela_de_Escola,IN_LIXO_QUEIMA,Destinação do lixo - Queima,,dicionário_dados_educação_básica_2025.xlsx
2025,Tabela_de_Escola,IN_LIXO_ENTERRA,Destinação do lixo - Enterra,,dicionário_dados_educação_básica_2025.xlsx
2025,Tabela_de_Escola,IN_LIXO_DESTINO_FINAL_PUBLICO,Destinação do lixo - Leva a uma destinação final financiada pelo poder público,,dicionário_dados_educação_básica_2025.xlsx
2025,Tabela_de_Escola,IN_LIXO_DESCARTA_OUTRA_AREA,Destinação do lixo - Descarta em outra área,,dicionário_dados_educação_básica_2025.xlsx
2025,Tabela_de_Escola,IN_LIXO_JOGA_OUTRA_AREA,Destinação do lixo - Joga em outra área,,dicionário_dados_educação_básica_2025.xlsx
2025,Tabela_de_Escola,IN_LIXO_OUTROS,Destinação do lixo - Outros,,dicionário_dados_educação_básica_2025.xlsx
2025,Tabela_de_Escola,IN_LIXO_RECICLA,Tratamento do lixo/resíduos que a escola realiza - Reciclagem,,dicionário_dados_educação_básica_2025.xlsx
2025,Tabela_de_Escola,IN_TRATAMENTO_LIXO_SEPARACAO,Tratamento do lixo/resíduos que a escola realiza - Separação do lixo/resíduos,,dicionário_dados_educação_básica_2025.xlsx
2025,Tabela_de_Escola,IN_TRATAMENTO_LIXO_REUTILIZA,Tratamento do lixo/resíduos que a escola realiza - Reaproveitamento/reutilização,,dicionário_dados_educação_básica_2025.xlsx
2025,Tabela_de_Escola,IN_TRATAMENTO_LIXO_RECICLAGEM,Tratamento do lixo/resíduos que a escola realiza - Reciclagem,,dicionário_dados_educação_básica_2025.xlsx
2025,Tabela_de_Escola,IN_TRATAMENTO_LIXO_INEXISTENTE,Tratamento do lixo/resíduos que a escola realiza - Não faz tratamento,,dicionário_dados_educação_básica_2025.xlsx
2025,Tabela_de_Escola,IN_ALMOXARIFADO,Dependências físicas existentes e utilizadas na escola - Almoxarifado,,dicionário_dados_educação_básica_2025.xlsx
2025,Tabela_de_Escola,IN_AREA_VERDE,Dependências físicas existentes e utilizadas na escola - Área de vegetação ou gramado,,dicionário_dados_educação_básica_2025.xlsx
2025,Tabela_de_Escola,IN_AREA_PLANTIO,"Dependências físicas existentes e utilizadas na escola - Área de horta, plantio e/ou produção agrícola",,dicionário_dados_educação_básica_2025.xlsx
2025,Tabela_de_Escola,IN_AUDITORIO,Dependências físicas existentes e utilizadas na escola - Auditório,,dicionário_dados_educação_básica_2025.xlsx
2025,Tabela_de_Escola,IN_BANHEIRO_FORA_PREDIO,Dependências físicas existentes e utilizadas na escola - Banheiro fora do prédio,,dicionário_dados_educação_básica_2025.xlsx
2025,Tabela_de_Escola,IN_BANHEIRO_DENTRO_PREDIO,Dependências físicas existentes e utilizadas na escola - Banheiro dentro do prédio,,dicionário_dados_educação_básica_2025.xlsx
2025,Tabela_de_Escola,IN_BANHEIRO,Dependências físicas existentes e utilizadas na escola - Banheiro,,dicionário_dados_educação_básica_2025.xlsx
2025,Tabela_de_Escola,IN_BANHEIRO_EI,Dependências físicas existentes e utilizadas na escola - Banheiro adequado à educação infantil,,dicionário_dados_educação_básica_2025.xlsx
2025,Tabela_de_Escola,IN_BANHEIRO_PNE,"Dependências físicas existentes e utilizadas na escola - Banheiro acessível, adequado ao uso de pessoas com deficiência ou mobilidade reduzida",,dicionário_dados_educação_básica_2025.xlsx
2025,Tabela_de_Escola,IN_BANHEIRO_FUNCIONARIOS,Dependências físicas existentes e utilizadas na escola - Banheiro exclusivo para os funcionários,,dicionário_dados_educação_básica_2025.xlsx
2025,Tabela_de_Escola,IN_BANHEIRO_CHUVEIRO,Dependências físicas existentes e utilizadas na escola - Banheiro ou vestiário com chuveiro,"De 2012 a 2018: ""Banheiro com chuveiro""
A partir de 2019: ""Banheiro ou vestiário com chuveiro""",dicionário_dados_educação_básica_2025.xlsx
2025,Tabela_de_Escola,IN_BERCARIO,Dependências físicas existentes e utilizadas na escola - Berçário,,dicionário_dados_educação_básica_2025.xlsx
2025,Tabela_de_Escola,IN_BIBLIOTECA,Dependências físicas existentes e utilizadas na escola - Biblioteca,,dicionário_dados_educação_básica_2025.xlsx
2025,Tabela_de_Escola,IN_BIBLIOTECA_SALA_LEITURA,Dependências físicas existentes e utilizadas na escola - Biblioteca e/ou Sala de leitura,,dicionário_dados_educação_básica_2025.xlsx
2025,Tabela_de_Escola,IN_COZINHA,Dependências físicas existentes e utilizadas na escola - Cozinha,,dicionário_dados_educação_básica_2025.xlsx
2025,Tabela_de_Escola,IN_DESPENSA,Dependências físicas existentes e utilizadas na escola - Despensa,,dicionário_dados_educação_básica_2025.xlsx
2025,Tabela_de_Escola,IN_DORMITORIO_ALUNO,Dependências físicas existentes e utilizadas na escola - Dormitório de aluno(a),"De 2012 a 2018: ""Alojamento de aluno""
A partir de 2019: ""Dormitório de aluno(a)",dicionário_dados_educação_básica_2025.xlsx
2025,Tabela_de_Escola,IN_DORMITORIO_PROFESSOR,Dependências físicas existentes e utilizadas na escola - Dormitório de professor(a),"De 2012 a 2018: ""Alojamento de professor""
A partir de 2019: ""Dormitório de professor(a)""",dicionário_dados_educação_básica_2025.xlsx
2025,Tabela_de_Escola,IN_LABORATORIO_CIENCIAS,Dependências físicas existentes e utilizadas na escola - Laboratório de ciências,,dicionário_dados_educação_básica_2025.xlsx
2025,Tabela_de_Escola,IN_LABORATORIO_INFORMATICA,Dependências físicas existentes e utilizadas na escola - Laboratório de informática,,dicionário_dados_educação_básica_2025.xlsx
2025,Tabela_de_Escola,IN_LABORATORIO_EDUC_PROF,Dependências físicas existentes e utilizadas na escola - Laboratório específico para a Educação Profissional,,dicionário_dados_educação_básica_2025.xlsx
2025,Tabela_de_Escola,IN_PATIO_COBERTO,Dependências físicas existentes e utilizadas na escola - Pátio coberto,,dicionário_dados_educação_básica_2025.xlsx
2025,Tabela_de_Escola,IN_PATIO_DESCOBERTO,Dependências físicas existentes e utilizadas na escola - Pátio descoberto,,dicionário_dados_educação_básica_2025.xlsx
2025,Tabela_de_Escola,IN_PARQUE_INFANTIL,Dependências físicas existentes e utilizadas na escola - Parque infantil,,dicionário_dados_educação_básica_2025.xlsx
2025,Tabela_de_Escola,IN_PISCINA,Dependências físicas existentes e utilizadas na escola - Piscina,,dicionário_dados_educação_básica_2025.xlsx
2025,Tabela_de_Escola,IN_QUADRA_ESPORTES,Dependências físicas existentes e utilizadas na escola - Quadra de esportes coberta ou descoberta,,dicionário_dados_educação_básica_2025.xlsx
2025,Tabela_de_Escola,IN_QUADRA_ESPORTES_COBERTA,Dependências físicas existentes e utilizadas na escola - Quadra de esportes coberta,,dicionário_dados_educação_básica_2025.xlsx
2025,Tabela_de_Escola,IN_QUADRA_ESPORTES_DESCOBERTA,Dependências físicas existentes e utilizadas na escola - Quadra de esportes descoberta,,dicionário_dados_educação_básica_2025.xlsx
2025,Tabela_de_Escola,IN_REFEITORIO,Dependências físicas existentes e utilizadas na escola - Refeitório,,dicionário_dados_educação_básica_2025.xlsx
2025,Tabela_de_Escola,IN_SALA_ATELIE_ARTES,Dependências físicas existentes e utilizadas na escola - Sala/ateliê de artes,,dicionário_dados_educação_básica_2025.xlsx
2025,Tabela_de_Escola,IN_SALA_MUSICA_CORAL,Dependências físicas existentes e utilizadas na escola -  Sala de música/coral,,dicionário_dados_educação_básica_2025.xlsx
2025,Tabela_de_Escola,IN_SALA_ESTUDIO_DANCA,Dependências físicas existentes e utilizadas na escola - Sala/estúdio de dança,,dicionário_dados_educação_básica_2025.xlsx
2025,Tabela_de_Escola,IN_SALA_MULTIUSO,"Dependências físicas existentes e utilizadas na escola - Sala multiuso (música, dança e artes)",,dicionário_dados_educação_básica_2025.xlsx
2025,Tabela_de_Escola,IN_SALA_ESTUDIO_GRAVACAO,Dependências físicas existentes e utilizadas na escola - Estúdio de gravação e edição,,dicionário_dados_educação_básica_2025.xlsx
2025,Tabela_de_Escola,IN_SALA_OFICINAS_EDUC_PROF,Dependências físicas existentes e utilizadas na escola - Salas de oficinas da Educação Profissional,,dicionário_dados_educação_básica_2025.xlsx
2025,Tabela_de_Escola,IN_SALA_DIRETORIA,Dependências físicas existentes e utilizadas na escola - Sala de Diretoria,,dicionário_dados_educação_básica_2025.xlsx
2025,Tabela_de_Escola,IN_SALA_LEITURA,Dependências físicas existentes e utilizadas na escola - Sala de leitura,,dicionário_dados_educação_básica_2025.xlsx
2025,Tabela_de_Escola,IN_SALA_PROFESSOR,Dependências físicas existentes e utilizadas na escola - Sala de professores,,dicionário_dados_educação_básica_2025.xlsx
2025,Tabela_de_Escola,IN_SALA_REPOUSO_ALUNO,Dependências físicas existentes e utilizadas na escola - Sala de repouso para aluno(a),,dicionário_dados_educação_básica_2025.xlsx
2025,Tabela_de_Escola,IN_SECRETARIA,Dependências físicas existentes e utilizadas na escola - Sala de Secretaria,,dicionário_dados_educação_básica_2025.xlsx
2025,Tabela_de_Escola,IN_SALA_ATENDIMENTO_ESPECIAL,Dependências físicas existentes e utilizadas na escola - Sala de Recursos Multifuncionais para Atendimento Educacional Especializado (AEE),,dicionário_dados_educação_básica_2025.xlsx
2025,Tabela_de_Escola,IN_TERREIRAO,"Dependências físicas existentes e utilizadas na escola - Terreirão (área para prática desportiva e recreação sem cobertura, sem piso e sem edificações)",,dicionário_dados_educação_básica_2025.xlsx
2025,Tabela_de_Escola,IN_VIVEIRO,Dependências físicas existentes e utilizadas na escola -  Viveiro/criação de animais,,dicionário_dados_educação_básica_2025.xlsx
2025,Tabela_de_Escola,IN_DEPENDENCIAS_PNE,Dependências físicas existentes e utilizadas na escola - Dependências e vias adequadas a alunos com deficiência ou mobilidade reduzida,,dicionário_dados_educação_básica_2025.xlsx
2025,Tabela_de_Escola,IN_LAVANDERIA,Dependências físicas existentes e utilizadas na escola - Lavanderia,,dicionário_dados_educação_básica_2025.xlsx
2025,Tabela_de_Escola,IN_DEPENDENCIAS_OUTRAS,Dependências existentes na escola - Nenhuma das dependências relacionadas,,dicionário_dados_educação_básica_2025.xlsx
2025,Tabela_de_Escola,IN_ACESSIBILIDADE_CORRIMAO,Recursos de acessibilidade para pessoas com deficiência ou mobilidade reduzida nas vias de circulação interna na escola - Corrimão e guarda corpos,,dicionário_dados_educação_básica_2025.xlsx
2025,Tabela_de_Escola,IN_ACESSIBILIDADE_ELEVADOR,Recursos de acessibilidade para pessoas com deficiência ou mobilidade reduzida nas vias de circulação interna na escola - Elevador,,dicionário_dados_educação_básica_2025.xlsx
2025,Tabela_de_Escola,IN_ACESSIBILIDADE_PISOS_TATEIS,Recursos de acessibilidade para pessoas com deficiência ou mobilidade reduzida nas vias de circulação interna na escola - Pisos táteis,,dicionário_dados_educação_básica_2025.xlsx
2025,Tabela_de_Escola,IN_ACESSIBILIDADE_VAO_LIVRE,"Recursos de acessibilidade para pessoas com deficiência ou mobilidade reduzida nas vias de circulação interna na escola - Portas com vão livre de, no mínimo, 80 cm",,dicionário_dados_educação_básica_2025.xlsx
2025,Tabela_de_Escola,IN_ACESSIBILIDADE_RAMPAS,Recursos de acessibilidade para pessoas com deficiência ou mobilidade reduzida nas vias de circulação interna na escola - Rampas,,dicionário_dados_educação_básica_2025.xlsx
2025,Tabela_de_Escola,IN_ACESSIBILIDADE_SINAL_SONORO,Recursos de acessibilidade para pessoas com deficiência ou mobilidade reduzida nas vias de circulação interna na escola - Sinalização sonora,,dicionário_dados_educação_básica_2025.xlsx
2025,Tabela_de_Escola,IN_ACESSIBILIDADE_SINAL_TATIL,Recursos de acessibilidade para pessoas com deficiência ou mobilidade reduzida nas vias de circulação interna na escola - Sinalização tátil (piso/paredes),,dicionário_dados_educação_básica_2025.xlsx
2025,Tabela_de_Escola,IN_ACESSIBILIDADE_SINAL_VISUAL,Recursos de acessibilidade para pessoas com deficiência ou mobilidade reduzida nas vias de circulação interna na escola - Sinalização visual (piso/paredes),,dicionário_dados_educação_básica_2025.xlsx
2025,Tabela_de_Escola,IN_ACESSIBILIDADE_INEXISTENTE,Recursos de acessibilidade para pessoas com deficiência ou mobilidade reduzida nas vias de circulação interna na escola - Nenhum dos recursos de acessibilidade listados,,dicionário_dados_educação_básica_2025.xlsx
2025,Tabela_de_Escola,IN_ACESSIBILIDADE_SINALIZACAO,Recursos de acessibilidade para pessoas com deficiência ou mobilidade reduzida nas vias de circulação interna na escola - Sinalização/alarme luminoso,,dicionário_dados_educação_básica_2025.xlsx
2025,Tabela_de_Escola,QT_SALAS_EXISTENTES,Número de salas de aula existentes na escola,,dicionário_dados_educação_básica_2025.xlsx
2025,Tabela_de_Escola,QT_SALAS_UTILIZADAS_DENTRO,Número de salas de aula utilizadas na escola - Dentro do prédio,,dicionário_dados_educação_básica_2025.xlsx
2025,Tabela_de_Escola,QT_SALAS_UTILIZADAS_FORA,Número de salas de aula utilizadas na escola - Fora do prédio,,dicionário_dados_educação_básica_2025.xlsx
2025,Tabela_de_Escola,QT_SALAS_UTILIZADAS,Número de salas de aula utilizadas na escola (dentro e fora do prédio),"A partir de 2019:
Variável derivada juntando QT_SALAS_UTILIZADAS_DENTRO e QT_SALAS_UTILIZADAS_FORA",dicionário_dados_educação_básica_2025.xlsx
2025,Tabela_de_Escola,QT_SALAS_UTILIZA_CLIMATIZADAS,Condições das salas de aula utilizadas na escola (dentro e fora do prédio escolar) - Número de salas de aula climatizadas,,dicionário_dados_educação_básica_2025.xlsx
2025,Tabela_de_Escola,QT_SALAS_UTILIZADAS_ACESSIVEIS,Condições das salas de aula utilizadas na escola (dentro e fora do prédio escolar) - Número de salas de aula com acessibilidade para pessoas com deficiência ou mobilidade reduzida,,dicionário_dados_educação_básica_2025.xlsx
2025,Tabela_de_Escola,QT_SALAS_LEITURA,"Quantidade de salas de aula com Cantinho da Leitura para a Educação Infantil e o Ensino fundamental (Anos iniciais). Nos Microdados de 2026, esta variável passará a se chamar QT_SALAS_CANT_LEITURA",,dicionário_dados_educação_básica_2025.xlsx
2025,Tabela_de_Escola,IN_EQUIP_PARABOLICA,Equipamentos existentes na escola para uso técnico e administrativo - Antena parabólica,,dicionário_dados_educação_básica_2025.xlsx
2025,Tabela_de_Escola,IN_COMPUTADOR,Equipamentos existentes na escola para uso técnico e administrativo - Computador,,dicionário_dados_educação_básica_2025.xlsx
2025,Tabela_de_Escola,IN_EQUIP_COPIADORA,Equipamentos existentes na escola para uso técnico e administrativo - Copiadora,,dicionário_dados_educação_básica_2025.xlsx
2025,Tabela_de_Escola,IN_EQUIP_IMPRESSORA,Equipamentos existentes na escola para uso técnico e administrativo - Impressora,,dicionário_dados_educação_básica_2025.xlsx
2025,Tabela_de_Escola,IN_EQUIP_IMPRESSORA_MULT,Equipamentos existentes na escola para uso técnico e administrativo - Impressora Multifuncional,,dicionário_dados_educação_básica_2025.xlsx
2025,Tabela_de_Escola,IN_EQUIP_SCANNER,Equipamentos existentes na escola para uso técnico e administrativo - Scanner,,dicionário_dados_educação_básica_2025.xlsx
2025,Tabela_de_Escola,IN_EQUIP_NENHUM,"Nenhum dos equipamentos listados para uso técnico e administrativo - Antena parabólica, Computador, Copiadora, Impressora, Impressora Multifuncional ou Scanner",,dicionário_dados_educação_básica_2025.xlsx
2025,Tabela_de_Escola,IN_EQUIP_DVD,Equipamentos existentes na escola para o processo ensino e aprendizagem - DVD/Blu-ray,,dicionário_dados_educação_básica_2025.xlsx
2025,Tabela_de_Escola,QT_EQUIP_DVD,Quantidade de Aparelhos de DVD/Blu-ray,"Em 2019:
primeiro ano em que foi aplicado tratamento de valores extremos, que são marcados com o código 88888.",dicionário_dados_educação_básica_2025.xlsx
2025,Tabela_de_Escola,IN_EQUIP_SOM,Equipamentos existentes na escola para o processo ensino e aprendizagem - Aparelho de som,,dicionário_dados_educação_básica_2025.xlsx
2025,Tabela_de_Escola,QT_EQUIP_SOM,Quantidade de Aparelhos de som,"Em 2019:
primeiro ano em que foi aplicado tratamento de valores extremos, que são marcados com o código 88888.",dicionário_dados_educação_básica_2025.xlsx
2025,Tabela_de_Escola,IN_EQUIP_TV,Equipamentos existentes na escola para o processo ensino e aprendizagem - Aparelho de televisão,,dicionário_dados_educação_básica_2025.xlsx
2025,Tabela_de_Escola,QT_EQUIP_TV,Quantidade de Aparelhos de televisão,"Em 2019:
primeiro ano em que foi aplicado tratamento de valores extremos, que são marcados com o código 88888.",dicionário_dados_educação_básica_2025.xlsx
2025,Tabela_de_Escola,IN_EQUIP_LOUSA_DIGITAL,Equipamentos existentes na escola para o processo ensino e aprendizagem - Lousa digital,,dicionário_dados_educação_básica_2025.xlsx
2025,Tabela_de_Escola,QT_EQUIP_LOUSA_DIGITAL,Quantidade de Lousas digitais,"Em 2019:
primeiro ano em que foi aplicado tratamento de valores extremos, que são marcados com o código 88888.",dicionário_dados_educação_básica_2025.xlsx
2025,Tabela_de_Escola,IN_EQUIP_MULTIMIDIA,Equipamentos existentes na escola para o processo ensino e aprendizagem - Projetor Multimídia (Datashow),,dicionário_dados_educação_básica_2025.xlsx
2025,Tabela_de_Escola,QT_EQUIP_MULTIMIDIA,Quantidade de Projetores Multimídia (Datashow),"Em 2019:
primeiro ano em que foi aplicado tratamento de valores extremos, que são marcados com o código 88888.",dicionário_dados_educação_básica_2025.xlsx
2025,Tabela_de_Escola,IN_EQUIP_VIDEOCASSETE,Equipamentos existentes na escola - Videocassete,,dicionário_dados_educação_básica_2025.xlsx
2025,Tabela_de_Escola,IN_EQUIP_RETROPROJETOR,Equipamentos existentes na escola - Retroprojetor,,dicionário_dados_educação_básica_2025.xlsx
2025,Tabela_de_Escola,IN_EQUIP_FAX,Equipamentos existentes na escola - Fax,,dicionário_dados_educação_básica_2025.xlsx
2025,Tabela_de_Escola,IN_EQUIP_FOTO,Equipamentos existentes na escola - Máquina fotográfica/Filmadora,,dicionário_dados_educação_básica_2025.xlsx
2025,Tabela_de_Escola,QT_EQUIP_VIDEOCASSETE,Quantidade de Videocassetes,,dicionário_dados_educação_básica_2025.xlsx
2025,Tabela_de_Escola,QT_EQUIP_PARABOLICA,Quantidade de Antenas parabólicas,,dicionário_dados_educação_básica_2025.xlsx
2025,Tabela_de_Escola,QT_EQUIP_COPIADORA,Quantidade de Copiadoras,,dicionário_dados_educação_básica_2025.xlsx
2025,Tabela_de_Escola,QT_EQUIP_RETROPROJETOR,Quantidade de Retroprojetores,,dicionário_dados_educação_básica_2025.xlsx
2025,Tabela_de_Escola,QT_EQUIP_IMPRESSORA,Quantidade de Impressoras,,dicionário_dados_educação_básica_2025.xlsx
2025,Tabela_de_Escola,QT_EQUIP_IMPRESSORA_MULT,Quantidade de Impressoras Multifuncionais,,dicionário_dados_educação_básica_2025.xlsx
2025,Tabela_de_Escola,QT_EQUIP_FAX,Quantidade de Fax,,dicionário_dados_educação_básica_2025.xlsx
2025,Tabela_de_Escola,QT_EQUIP_FOTO,Quantidade de Máquinas Fotográficas/ Filmadoras,,dicionário_dados_educação_básica_2025.xlsx
2025,Tabela_de_Escola,QT_COMP_ALUNO,Quantidade de computadores em uso pelos alunos,,dicionário_dados_educação_básica_2025.xlsx
2025,Tabela_de_Escola,IN_DESKTOP_ALUNO,Computadores em uso pelos alunos - Computador de mesa (desktop),,dicionário_dados_educação_básica_2025.xlsx
2025,Tabela_de_Escola,QT_DESKTOP_ALUNO,Quantidade de computadores em uso pelos alunos - Computador de mesa (desktop),"Em 2019:
primeiro ano em que foi aplicado tratamento de valores extremos, que são marcados com o código 88888.",dicionário_dados_educação_básica_2025.xlsx
2025,Tabela_de_Escola,IN_COMP_PORTATIL_ALUNO,Computadores em uso pelos alunos - Computador portátil,,dicionário_dados_educação_básica_2025.xlsx
2025,Tabela_de_Escola,QT_COMP_PORTATIL_ALUNO,Quantidade de computadores em uso pelos alunos - Computador portátil,"Em 2019:
primeiro ano em que foi aplicado tratamento de valores extremos, que são marcados com o código 88888.",dicionário_dados_educação_básica_2025.xlsx
2025,Tabela_de_Escola,IN_TABLET_ALUNO,Computadores em uso pelos alunos - Tablet,,dicionário_dados_educação_básica_2025.xlsx
2025,Tabela_de_Escola,QT_TABLET_ALUNO,Quantidade de computadores em uso pelos alunos - Tablet,"Em 2019:
primeiro ano em que foi aplicado tratamento de valores extremos, que são marcados com o código 88888.",dicionário_dados_educação_básica_2025.xlsx
2025,Tabela_de_Escola,QT_COMPUTADOR,Quantidade de computadores na escola,,dicionário_dados_educação_básica_2025.xlsx
2025,Tabela_de_Escola,QT_COMP_ADMINISTRATIVO,Quantidade de computadores de uso administrativo,,dicionário_dados_educação_básica_2025.xlsx
2025,Tabela_de_Escola,IN_INTERNET,Acesso à Internet,,dicionário_dados_educação_básica_2025.xlsx
2025,Tabela_de_Escola,IN_INTERNET_ALUNOS,Acesso à Internet - Para uso dos alunos,,dicionário_dados_educação_básica_2025.xlsx
2025,Tabela_de_Escola,IN_INTERNET_ADMINISTRATIVO,Acesso à Internet - Para uso administrativo,,dicionário_dados_educação_básica_2025.xlsx
2025,Tabela_de_Escola,IN_INTERNET_APRENDIZAGEM,Acesso à Internet - Para uso nos processos de ensino e aprendizagem,,dicionário_dados_educação_básica_2025.xlsx
2025,Tabela_de_Escola,IN_INTERNET_COMUNIDADE,Acesso à Internet - Para uso da comunidade,,dicionário_dados_educação_básica_2025.xlsx
2025,Tabela_de_Escola,IN_ACESSO_INTERNET_COMPUTADOR,"Equipamentos que os alunos usam para acessar a internet da escola - Computadores de mesa, portáteis e tablets da escola (no laboratório de informática, biblioteca, sala de aula etc.)",,dicionário_dados_educação_básica_2025.xlsx
2025,Tabela_de_Escola,IN_ACES_INTERNET_DISP_PESSOAIS,"Equipamentos que os alunos usam para acessar a internet da escola - Dispositivos pessoais (computadores portáteis, celulares, tablets etc.)",,dicionário_dados_educação_básica_2025.xlsx
2025,Tabela_de_Escola,TP_REDE_LOCAL,Rede local de interligação de computadores,,dicionário_dados_educação_básica_2025.xlsx
2025,Tabela_de_Escola,IN_BANDA_LARGA,Internet Banda Larga,,dicionário_dados_educação_básica_2025.xlsx
2025,Tabela_de_Escola,QT_FUNCIONARIOS,Total de funcionários da escola (inclusive profissionais escolares em sala de aula),,dicionário_dados_educação_básica_2025.xlsx
2025,Tabela_de_Escola,IN_PROF_ADMINISTRATIVOS,"Profissionais que atuam na escola - Auxiliares de secretaria ou auxiliares administrativos, atendentes",,dicionário_dados_educação_básica_2025.xlsx
2025,Tabela_de_Escola,QT_PROF_ADMINISTRATIVOS,"Quantidade de profissionais que atuam na escola - Auxiliares de secretaria ou auxiliares administrativos, atendentes","Em 2019:
primeiro ano em que foi aplicado tratamento de valores extremos, que são marcados com o código 88888.",dicionário_dados_educação_básica_2025.xlsx
2025,Tabela_de_Escola,IN_PROF_SERVICOS_GERAIS,"Profissionais que atuam na escola - Auxiliar de serviços gerais, porteiro(a), zelador(a), faxineiro(a), jardineiro(a)",,dicionário_dados_educação_básica_2025.xlsx
2025,Tabela_de_Escola,QT_PROF_SERVICOS_GERAIS,"Total de profissionais que atuam na escola - Auxiliar de serviços gerais, porteiro(a), zelador(a), faxineiro(a), jardineiro(a)","Em 2019:
primeiro ano em que foi aplicado tratamento de valores extremos, que são marcados com o código 88888.",dicionário_dados_educação_básica_2025.xlsx
2025,Tabela_de_Escola,IN_PROF_BIBLIOTECARIO,"Profissionais que atuam na escola - Bibliotecário(a), auxiliar de biblioteca ou monitor(a) da sala de leitura",,dicionário_dados_educação_básica_2025.xlsx
2025,Tabela_de_Escola,QT_PROF_BIBLIOTECARIO,"Quantidade de profissionais que atuam na escola - Bibliotecário(a), auxiliar de biblioteca ou monitor(a) da sala de leitura","Em 2019:
primeiro ano em que foi aplicado tratamento de valores extremos, que são marcados com o código 88888.",dicionário_dados_educação_básica_2025.xlsx
2025,Tabela_de_Escola,IN_PROF_SAUDE,"Profissionais que atuam na escola - Bombeiro(a) brigadista, profissionais de assistência à saúde (urgência e emergência), Enfermeiro(a), Técnico(a) de enfermagem e socorrista",,dicionário_dados_educação_básica_2025.xlsx
2025,Tabela_de_Escola,QT_PROF_SAUDE,"Quantidade de profissionais que atuam na escola - Bombeiro(a) brigadista, profissionais de assistência à saúde (urgência e emergência), Enfermeiro(a), Técnico(a) de enfermagem e socorrista","Em 2019:
primeiro ano em que foi aplicado tratamento de valores extremos, que são marcados com o código 88888.",dicionário_dados_educação_básica_2025.xlsx
2025,Tabela_de_Escola,IN_PROF_COORDENADOR,Profissionais que atuam na escola - Coordenador(a) de turno/disciplina,,dicionário_dados_educação_básica_2025.xlsx
2025,Tabela_de_Escola,QT_PROF_COORDENADOR,Quantidade de profissionais que atuam na escola - Coordenador(a) de turno/disciplina,"Em 2019:
primeiro ano em que foi aplicado tratamento de valores extremos, que são marcados com o código 88888.",dicionário_dados_educação_básica_2025.xlsx
2025,Tabela_de_Escola,IN_PROF_FONAUDIOLOGO,Profissionais que atuam na escola - Fonoaudiólogo(a),,dicionário_dados_educação_básica_2025.xlsx
2025,Tabela_de_Escola,QT_PROF_FONAUDIOLOGO,Quantidade de profissionais que atuam na escola - Fonoaudiólogo(a),"Em 2019:
primeiro ano em que foi aplicado tratamento de valores extremos, que são marcados com o código 88888.",dicionário_dados_educação_básica_2025.xlsx
2025,Tabela_de_Escola,IN_PROF_NUTRICIONISTA,Profissionais que atuam na escola - Nutricionista,,dicionário_dados_educação_básica_2025.xlsx
2025,Tabela_de_Escola,QT_PROF_NUTRICIONISTA,Quantidade de profissionais que atuam na escola - Nutricionista,"Em 2019:
primeiro ano em que foi aplicado tratamento de valores extremos, que são marcados com o código 88888.",dicionário_dados_educação_básica_2025.xlsx
2025,Tabela_de_Escola,IN_PROF_PSICOLOGO,Profissionais que atuam na escola - Psicólogo(a) Escolar,,dicionário_dados_educação_básica_2025.xlsx
2025,Tabela_de_Escola,QT_PROF_PSICOLOGO,Quantidade de profissionais que atuam na escola - Psicólogo(a) Escolar,"Em 2019:
primeiro ano em que foi aplicado tratamento de valores extremos, que são marcados com o código 88888.",dicionário_dados_educação_básica_2025.xlsx
2025,Tabela_de_Escola,IN_PROF_ALIMENTACAO,"Profissionais que atuam na escola - Profissionais de preparação e segurança alimentar, cozinheiro(a), merendeiro(a) e auxiliar de cozinha",,dicionário_dados_educação_básica_2025.xlsx
2025,Tabela_de_Escola,QT_PROF_ALIMENTACAO,"Quantidade de profissionais que atuam na escola -  Profissionais de preparação e segurança alimentar, cozinheiro(a), merendeiro(a) e auxiliar de cozinha","Em 2019:
primeiro ano em que foi aplicado tratamento de valores extremos, que são marcados com o código 88888.",dicionário_dados_educação_básica_2025.xlsx
2025,Tabela_de_Escola,IN_PROF_PEDAGOGIA,"Profissionais que atuam na escola -  Profissionais de apoio e supervisão pedagógica: pedagogo(a), coordenador(a) pedagógico(a), orientador(a) educacional, supervisor(a) escolar e coordenador(a) de área de ensino",,dicionário_dados_educação_básica_2025.xlsx
2025,Tabela_de_Escola,QT_PROF_PEDAGOGIA,"Quantidade de profissionais que atuam na escola -  Profissionais de apoio e supervisão pedagógica: pedagogo(a), coordenador(a) pedagógico(a), orientador(a) educacional, supervisor(a) escolar e coordenador(a) de área de ensino","Em 2019:
primeiro ano em que foi aplicado tratamento de valores extremos, que são marcados com o código 88888.",dicionário_dados_educação_básica_2025.xlsx
2025,Tabela_de_Escola,IN_PROF_SECRETARIO,Profissionais que atuam na escola - Secretário(a) escolar,,dicionário_dados_educação_básica_2025.xlsx
2025,Tabela_de_Escola,QT_PROF_SECRETARIO,Quantidade de profissionais que atuam na escola - Secretário(a) escolar,"Em 2019:
primeiro ano em que foi aplicado tratamento de valores extremos, que são marcados com o código 88888.",dicionário_dados_educação_básica_2025.xlsx
2025,Tabela_de_Escola,IN_PROF_SEGURANCA,"Profissionais que atuam na escola - Segurança, guarda ou segurança patrimonial",,dicionário_dados_educação_básica_2025.xlsx
2025,Tabela_de_Escola,QT_PROF_SEGURANCA,"Quantidade de profissionais que atuam na escola - Segurança, guarda ou segurança patrimonial","Em 2019:
primeiro ano em que foi aplicado tratamento de valores extremos, que são marcados com o código 88888.",dicionário_dados_educação_básica_2025.xlsx
2025,Tabela_de_Escola,IN_PROF_MONITORES,"Profissionais que atuam na escola - Técnicos(as), monitores(as), supervisores(as) ou auxiliares de laboratório(s), de apoio a tecnologias educacionais ou em multimeios/multimídias eletrônico/digitais",,dicionário_dados_educação_básica_2025.xlsx
2025,Tabela_de_Escola,QT_PROF_MONITORES,"Quantidade de profissionais que atuam na escola - Técnicos(as), monitores(as), supervisores(as) ou auxiliares de laboratório(s), de apoio a tecnologias educacionais ou em multimeios/multimídias eletrônico/digitais","Em 2019:
primeiro ano em que foi aplicado tratamento de valores extremos, que são marcados com o código 88888.",dicionário_dados_educação_básica_2025.xlsx
2025,Tabela_de_Escola,IN_PROF_GESTAO,"Profissionais que atuam na escola - Vice-diretor(a) ou diretor(a) adjunto(a), profissionais responsáveis pela gestão administrativa e/ou financeira",,dicionário_dados_educação_básica_2025.xlsx
2025,Tabela_de_Escola,QT_PROF_GESTAO,"Quantidade de profissionais que atuam na escola - Vice-diretor(a) ou diretor(a) adjunto(a), profissionais responsáveis pela gestão administrativa e/ou financeira","Em 2019:
primeiro ano em que foi aplicado tratamento de valores extremos, que são marcados com o código 88888.",dicionário_dados_educação_básica_2025.xlsx
2025,Tabela_de_Escola,IN_PROF_ASSIST_SOCIAL,Profissionais que atuam na escola - Orientador(a) comunitário(a) ou assistente social,,dicionário_dados_educação_básica_2025.xlsx
2025,Tabela_de_Escola,QT_PROF_ASSIST_SOCIAL,Quantidade de profissionais que atuam na escola - Orientador(a) comunitário(a) ou assistente social,"Em 2019:
primeiro ano em que foi aplicado tratamento de valores extremos, que são marcados com o código 88888.",dicionário_dados_educação_básica_2025.xlsx
2025,Tabela_de_Escola,IN_PROF_TRAD_LIBRAS,Profissionais que atuam na escola - Tradutor e Intérprete de Libras para atendimento em outros ambientes da escola que não seja sala de aula,,dicionário_dados_educação_básica_2025.xlsx
2025,Tabela_de_Escola,QT_PROF_TRAD_LIBRAS,Quantidade de profissionais que atuam na escola - Tradutor e Intérprete de Libras para atendimento em outros ambientes da escola que não seja sala de aula,"Em 2023: 
primeiro ano em que foi aplicado tratamento de valores extremos, que são marcados com o código 88888.",dicionário_dados_educação_básica_2025.xlsx
2025,Tabela_de_Escola,IN_PROF_AGRICOLA,"Profissionais que atuam na escola - Agrônomos(as), horticultores(as), técnicos ou monitores(as) responsáveis pela gestão da área de horta, plantio e/ou produção agrícola",,dicionário_dados_educação_básica_2025.xlsx
2025,Tabela_de_Escola,QT_PROF_AGRICOLA,"Quantidade de profissionais que atuam na escola - Agrônomos(as), horticultores(as), técnicos ou monitores(as) responsáveis pela gestão da área de horta, plantio e/ou produção agrícola",,dicionário_dados_educação_básica_2025.xlsx
2025,Tabela_de_Escola,IN_PROF_REVISOR_BRAILLE,"Profissionais que atuam na escola - Revisor de texto Braille, assistente vidente (assistente de revisão do texto em Braille)",,dicionário_dados_educação_básica_2025.xlsx
2025,Tabela_de_Escola,QT_PROF_REVISOR_BRAILLE,"Quantidade de profissionais que atuam na escola - Revisor de texto Braille, assistente vidente (assistente de revisão do texto em Braille)",,dicionário_dados_educação_básica_2025.xlsx
2025,Tabela_de_Escola,IN_ALIMENTACAO,Alimentação escolar para os alunos - PNAE/FNDE,,dicionário_dados_educação_básica_2025.xlsx
2025,Tabela_de_Escola,IN_SERIE_ANO,Forma de organização do ensino - Série/Ano (séries anuais),,dicionário_dados_educação_básica_2025.xlsx
2025,Tabela_de_Escola,IN_PERIODOS_SEMESTRAIS,Forma de organização do ensino -  Períodos semestrais,,dicionário_dados_educação_básica_2025.xlsx
2025,Tabela_de_Escola,IN_FUNDAMENTAL_CICLOS,Forma de organização do ensino - Ciclo(s) do Ensino Fundamental,,dicionário_dados_educação_básica_2025.xlsx
2025,Tabela_de_Escola,IN_GRUPOS_NAO_SERIADOS,Forma de organização do ensino - Grupos não-seriados com base na idade ou competência (art. 23 LDB),,dicionário_dados_educação_básica_2025.xlsx
2025,Tabela_de_Escola,IN_MODULOS,Forma de organização do ensino - Módulos,,dicionário_dados_educação_básica_2025.xlsx
2025,Tabela_de_Escola,IN_FORMACAO_ALTERNANCIA,Forma de organização do ensino - Alternância regular de períodos de estudos (proposta pedagógica de formação por alternância com tempo-escola e tempo-comunidade),,dicionário_dados_educação_básica_2025.xlsx
2025,Tabela_de_Escola,IN_MATERIAL_PED_MULTIMIDIA,Instrumentos e materiais socioculturais e/ou pedagógicos em uso na escola para o desenvolvimento de atividades de ensino e aprendizagem - Acervo multimídia,"Em 2019:
Existe adicionalmente a categoria ""9 - Não informado"".",dicionário_dados_educação_básica_2025.xlsx
2025,Tabela_de_Escola,IN_MATERIAL_PED_INFANTIL,Instrumentos e materiais socioculturais e/ou pedagógicos em uso na escola para o desenvolvimento de atividades de ensino e aprendizagem - Brinquedos para Educação Infantil,"Em 2019:
Existe adicionalmente a categoria ""9 - Não informado"".",dicionário_dados_educação_básica_2025.xlsx
2025,Tabela_de_Escola,IN_MATERIAL_PED_CIENTIFICO,Instrumentos e materiais socioculturais e/ou pedagógicos em uso na escola para o desenvolvimento de atividades de ensino e aprendizagem - Conjunto de materiais científicos,"Em 2019:
Existe adicionalmente a categoria ""9 - Não informado"".",dicionário_dados_educação_básica_2025.xlsx
2025,Tabela_de_Escola,IN_MATERIAL_PED_DIFUSAO,Instrumentos e materiais socioculturais e/ou pedagógicos em uso na escola para o desenvolvimento de atividades de ensino e aprendizagem - Equipamento para amplificação e difusão de som/áudio,"Em 2019:
Existe adicionalmente a categoria ""9 - Não informado"".",dicionário_dados_educação_básica_2025.xlsx
2025,Tabela_de_Escola,IN_MATERIAL_PED_MUSICAL,"Instrumentos e materiais socioculturais e/ou pedagógicos em uso na escola para o desenvolvimento de atividades de ensino e aprendizagem - Instrumentos musicais para conjunto, banda/fanfarra e/ou aulas de música","Em 2019:
Existe adicionalmente a categoria ""9 - Não informado"".",dicionário_dados_educação_básica_2025.xlsx
2025,Tabela_de_Escola,IN_MATERIAL_PED_JOGOS,Instrumentos e materiais socioculturais e/ou pedagógicos em uso na escola para o desenvolvimento de atividades de ensino e aprendizagem - Jogos Educativos,"Em 2019:
Existe adicionalmente a categoria ""9 - Não informado"".",dicionário_dados_educação_básica_2025.xlsx
2025,Tabela_de_Escola,IN_MATERIAL_PED_ARTISTICAS,Instrumentos e materiais socioculturais e/ou pedagógicos em uso na escola para o desenvolvimento de atividades de ensino e aprendizagem - Materiais para atividades culturais e artísticas,"Em 2019:
Existe adicionalmente a categoria ""9 - Não informado"".",dicionário_dados_educação_básica_2025.xlsx
2025,Tabela_de_Escola,IN_MATERIAL_PED_PROFISSIONAL,Instrumentos e materiais socioculturais e/ou pedagógicos em uso na escola para o desenvolvimento de atividades de ensino e aprendizagem - Materiais para Educação Profissional,,dicionário_dados_educação_básica_2025.xlsx
2025,Tabela_de_Escola,IN_MATERIAL_PED_DESPORTIVA,Instrumentos e materiais socioculturais e/ou pedagógicos em uso na escola para o desenvolvimento de atividades de ensino e aprendizagem - Materiais para prática desportiva e recreação,"Em 2019:
Existe adicionalmente a categoria ""9 - Não informado"".",dicionário_dados_educação_básica_2025.xlsx
2025,Tabela_de_Escola,IN_MATERIAL_PED_INDIGENA,Instrumentos e materiais socioculturais e/ou pedagógicos em uso na escola para o desenvolvimento de atividades de ensino e aprendizagem - Indígena,"Em 2019:
Existe adicionalmente a categoria ""9 - Não informado"".",dicionário_dados_educação_básica_2025.xlsx
2025,Tabela_de_Escola,IN_MATERIAL_PED_ETNICO,Instrumentos e materiais socioculturais e/ou pedagógicos em uso na escola para o desenvolvimento de atividades de ensino e aprendizagem - Materiais pedagógicos para a educação das relações étnico-raciais,"Em 2019:
Existe adicionalmente a categoria ""9 - Não informado"".",dicionário_dados_educação_básica_2025.xlsx
2025,Tabela_de_Escola,IN_MATERIAL_PED_CAMPO,Instrumentos e materiais socioculturais e/ou pedagógicos em uso na escola para o desenvolvimento de atividades de ensino e aprendizagem - Materiais pedagógicos para a educação do campo,"Em 2019:
Existe adicionalmente a categoria ""9 - Não informado"".",dicionário_dados_educação_básica_2025.xlsx
2025,Tabela_de_Escola,IN_MATERIAL_PED_BIL_SURDOS,"Instrumentos, materiais socioculturais e/ou pedagógicos em uso na escola para o desenvolvimento de atividades de ensino aprendizagem - Materiais pedagógicos para a educação bilíngue de surdos",,dicionário_dados_educação_básica_2025.xlsx
2025,Tabela_de_Escola,IN_MATERIAL_PED_AGRICOLA,"Instrumentos, materiais socioculturais e/ou pedagógicos em uso na escola para o desenvolvimento de atividades de ensino aprendizagem - Equipamentos e instrumentos para atividades em área de horta, plantio e/ou produção agrícola",,dicionário_dados_educação_básica_2025.xlsx
2025,Tabela_de_Escola,IN_MATERIAL_PED_QUILOMBOLA,"Instrumentos, materiais socioculturais e/ou pedagógicos em uso na escola para o desenvolvimento de atividades de ensino aprendizagem - Materiais pedagógicos para a educação escolar quilombola",,dicionário_dados_educação_básica_2025.xlsx
2025,Tabela_de_Escola,IN_MATERIAL_PED_EDU_ESP,"Instrumentos, materiais socioculturais e/ou pedagógicos em uso na escola para o desenvolvimento de atividades de ensino aprendizagem - Materiais pedagógicos para a educação especial",,dicionário_dados_educação_básica_2025.xlsx
2025,Tabela_de_Escola,IN_MATERIAL_PED_NENHUM,Instrumentos e materiais socioculturais e/ou pedagógicos em uso na escola para o desenvolvimento de atividades de ensino e aprendizagem - Nenhum,,dicionário_dados_educação_básica_2025.xlsx
2025,Tabela_de_Escola,IN_MATERIAL_ESP_QUILOMBOLA,Materiais didáticos específicos para atendimento à diversidade sociocultural - Quilombolas,,dicionário_dados_educação_básica_2025.xlsx
2025,Tabela_de_Escola,IN_MATERIAL_ESP_INDIGENA,Materiais didáticos específicos para atendimento à diversidade sociocultural - Indígena,,dicionário_dados_educação_básica_2025.xlsx
2025,Tabela_de_Escola,IN_MATERIAL_ESP_NAO_UTILIZA,Materiais didáticos específicos para atendimento à diversidade sociocultural - Não utiliza,,dicionário_dados_educação_básica_2025.xlsx
2025,Tabela_de_Escola,IN_EDUCACAO_INDIGENA,Escola Indígena,,dicionário_dados_educação_básica_2025.xlsx
2025,Tabela_de_Escola,TP_INDIGENA_LINGUA,Escola Indígena - Língua em que o ensino é ministrado (apenas para escola indígena),,dicionário_dados_educação_básica_2025.xlsx
2025,Tabela_de_Escola,CO_LINGUA_INDIGENA_1,Escola Indígena - Língua em que o ensino é ministrado (apenas para escola indígena) - Língua Indígena - Código da língua Indígena 1,De 2007 a 2018: Apenas uma Língua Indígena,dicionário_dados_educação_básica_2025.xlsx
2025,Tabela_de_Escola,CO_LINGUA_INDIGENA_2,Escola Indígena - Língua em que o ensino é ministrado (apenas para escola indígena) - Língua Indígena - Código da língua Indígena 2,,dicionário_dados_educação_básica_2025.xlsx
2025,Tabela_de_Escola,CO_LINGUA_INDIGENA_3,Escola Indígena - Língua em que o ensino é ministrado (apenas para escola indígena) - Língua Indígena - Código da língua Indígena 3,,dicionário_dados_educação_básica_2025.xlsx
2025,Tabela_de_Escola,IN_BRASIL_ALFABETIZADO,Escola cede espaço para turmas do Programa Brasil Alfabetizado,,dicionário_dados_educação_básica_2025.xlsx
2025,Tabela_de_Escola,IN_FINAL_SEMANA,Escola abre aos finais de semana para a comunidade,,dicionário_dados_educação_básica_2025.xlsx
2025,Tabela_de_Escola,IN_EXAME_SELECAO,A escola faz exame de seleção para ingresso de seus alunos (avaliação por prova e/ou análise curricular),,dicionário_dados_educação_básica_2025.xlsx
2025,Tabela_de_Escola,IN_RESERVA_PPI,"Reserva de vagas por sistema de cotas para grupos específicos de alunos - Autodeclarado preto, pardo ou indígena (PPI)",,dicionário_dados_educação_básica_2025.xlsx
2025,Tabela_de_Escola,IN_RESERVA_RENDA,Reserva de vagas por sistema de cotas para grupos específicos de alunos - Condição de Renda,,dicionário_dados_educação_básica_2025.xlsx
2025,Tabela_de_Escola,IN_RESERVA_PUBLICA,Reserva de vagas por sistema de cotas para grupos específicos de alunos - Oriundo de escola pública,,dicionário_dados_educação_básica_2025.xlsx
2025,Tabela_de_Escola,IN_RESERVA_PCD,Reserva de vagas por sistema de cotas para grupos específicos de alunos - Pessoa com deficiência (PCD),,dicionário_dados_educação_básica_2025.xlsx
2025,Tabela_de_Escola,IN_RESERVA_OUTROS,Reserva de vagas por sistema de cotas para grupos específicos de alunos - Outros grupos,,dicionário_dados_educação_básica_2025.xlsx
2025,Tabela_de_Escola,IN_RESERVA_NENHUMA,Reserva de vagas por sistema de cotas para grupos específicos de alunos - Sem reservas de vagas para sistema de cotas (ampla concorrência),,dicionário_dados_educação_básica_2025.xlsx
2025,Tabela_de_Escola,IN_REDES_SOCIAIS,A escola possui site ou blog ou página em redes sociais para comunicação institucional,,dicionário_dados_educação_básica_2025.xlsx
2025,Tabela_de_Escola,IN_ESPACO_ATIVIDADE,A escola compartilha espaços para atividades de integração escola-comunidade,,dicionário_dados_educação_básica_2025.xlsx
2025,Tabela_de_Escola,IN_ESPACO_EQUIPAMENTO,A escola usa espaços e equipamentos do entorno escolar para atividades regulares com os alunos,,dicionário_dados_educação_básica_2025.xlsx
2025,Tabela_de_Escola,IN_ORGAO_ASS_PAIS,Órgãos colegiados em funcionamento na escola - Associação de Pais,"Em 2019:
Existe adicionalmente a categoria ""9 - Não informado"".",dicionário_dados_educação_básica_2025.xlsx
2025,Tabela_de_Escola,IN_ORGAO_ASS_PAIS_MESTRES,Órgãos colegiados em funcionamento na escola - Associação de Pais e Mestres,"Em 2019:
Existe adicionalmente a categoria ""9 - Não informado"".",dicionário_dados_educação_básica_2025.xlsx
2025,Tabela_de_Escola,IN_ORGAO_CONSELHO_ESCOLAR,Órgãos colegiados em funcionamento na escola - Conselho Escolar,"Em 2019:
Existe adicionalmente a categoria ""9 - Não informado"".",dicionário_dados_educação_básica_2025.xlsx
2025,Tabela_de_Escola,IN_ORGAO_GREMIO_ESTUDANTIL,Órgãos colegiados em funcionamento na escola - Grêmio Estudantil,"Em 2019:
Existe adicionalmente a categoria ""9 - Não informado"".",dicionário_dados_educação_básica_2025.xlsx
2025,Tabela_de_Escola,IN_ORGAO_OUTROS,Órgãos colegiados em funcionamento na escola - Outros,"Em 2019:
Existe adicionalmente a categoria ""9 - Não informado"".",dicionário_dados_educação_básica_2025.xlsx
2025,Tabela_de_Escola,IN_ORGAO_NENHUM,Órgãos colegiados em funcionamento na escola - Não há órgãos colegiados em funcionamento,"Em 2019:
Existe adicionalmente a categoria ""9 - Não informado"".",dicionário_dados_educação_básica_2025.xlsx
2025,Tabela_de_Escola,TP_PROPOSTA_PEDAGOGICA,O projeto político pedagógico ou a proposta pedagógica da escola (conforme art. 12 da LDB) foi atualizado nos últimos 12 meses até a data de referência,,dicionário_dados_educação_básica_2025.xlsx
2025,Tabela_de_Escola,IN_EDUC_AMBIENTAL,A escola desenvolve ações na área de educação ambiental?,,dicionário_dados_educação_básica_2025.xlsx
2025,Tabela_de_Escola,IN_EDUC_AMB_CONTEUDO,Informe de qual(quais) forma(s) a educação ambiental é desenvolvida na escola: Como conteúdo dos componentes/campos de experiências presentes no currículo,,dicionário_dados_educação_básica_2025.xlsx
2025,Tabela_de_Escola,IN_EDUC_AMB_CURRICULAR,"Informe de qual(quais) forma(s) a educação ambiental é desenvolvida na escola: Como um componente curricular especial, específico, flexível ou eletivo",,dicionário_dados_educação_básica_2025.xlsx
2025,Tabela_de_Escola,IN_EDUC_AMB_EIXO,Informe de qual(quais) forma(s) a educação ambiental é desenvolvida na escola: Como um eixo estruturante do currículo,,dicionário_dados_educação_básica_2025.xlsx
2025,Tabela_de_Escola,IN_EDUC_AMB_EVENTOS,Informe de qual(quais) forma(s) a educação ambiental é desenvolvida na escola: Em eventos,,dicionário_dados_educação_básica_2025.xlsx
2025,Tabela_de_Escola,IN_EDUC_AMB_PROJETOS,Informe de qual(quais) forma(s) a educação ambiental é desenvolvida na escola: Em projetos transversais ou interdisciplinares,,dicionário_dados_educação_básica_2025.xlsx
2025,Tabela_de_Escola,IN_EDUC_AMB_NENHUMA,Informe de qual(quais) forma(s) a educação ambiental é desenvolvida na escola: Nenhuma das opções listadas,,dicionário_dados_educação_básica_2025.xlsx
2025,Tabela_de_Escola,TP_AEE,Atendimento Educacional Especializado (AEE),,dicionário_dados_educação_básica_2025.xlsx
2025,Tabela_de_Escola,TP_ATIVIDADE_COMPLEMENTAR,Atividade Complementar,,dicionário_dados_educação_básica_2025.xlsx
2025,Tabela_de_Escola,TP_ITINERARIO_FORMATIVO,Itinerário formativo,Ver nota sobre a não divulgação dos resultados em 2022: https://download.inep.gov.br/areas_de_atuacao/nota_informativa_censo_escolar_2022.pdf,dicionário_dados_educação_básica_2025.xlsx
2025,Tabela_de_Escola,IN_ITINERARIO_APROFUNDAMENTO,"Escola oferece turma de Itinerário formativo de aprofundamento (IFA) - Percursos educacionais estruturados de livre escolha dos estudantes, que permite aos educandos o aprofundamento de suas aprendizagens e de seu desenvolvimento em uma ou em mais áreas do conhecimento. Deve realizar-se por meio da oferta de projetos interdisciplinares e integradores, organizados com ênfase nos componentes curriculares que compõem a(s) área(s) de conhecimento eleitas, de modo a ampliar o diálogo entre as dimensões teóricas e práticas dos conteúdos, a consideração e valorização da diversidade territorial e cultural do Brasil e as escolhas estabelecidas na proposta pedagógica de cada unidade escolar.",,dicionário_dados_educação_básica_2025.xlsx
2025,Tabela_de_Escola,IN_ITINERARIO_TECN_PROF,"Escola oferece turma de itinerário de formação técnica e profissional (IFTP) - É o percurso educacional destinado à educação profissional de nível médio, desenvolvido preferencialmente com oferta integrada ou concomitante intercomplementar, de modo integrado à Formação Geral Básica, observando a indissociabilidade entre a preparação para o mundo do trabalho, a preparação para a cidadania e a preparação para a continuidade dos estudos em nível superior.",Ver nota sobre a não divulgação dos resultados em 2022: https://download.inep.gov.br/areas_de_atuacao/nota_informativa_censo_escolar_2022.pdf,dicionário_dados_educação_básica_2025.xlsx
2025,Tabela_de_Escola,IN_ESCOLARIZACAO,"Escola possui uma ou mais matrículas de escolarização em alguma das seguintes etapas de ensino: Creche, Pré-Escola, Ensino Fundamental, Ensino Médio, Educação de Jovens e Adultos (EJA), Curso Técnico Concomitante, Curso Técnico Subsequente, Curso FIC Concomitante, Itinerário Formativo Técnico Profissional (IFTP) Exclusivo - Curso Técnico (não articulado ao ensino médio regular) e Itinerário Formativo Técnico Profissional Exclusivo - Qualificação Profissional (não articulado ao ensino médio regular)",,dicionário_dados_educação_básica_2025.xlsx
2025,Tabela_de_Escola,IN_MEDIACAO_PRESENCIAL,Mediação didático-pedagógica oferecida pela escola - Presencial,,dicionário_dados_educação_básica_2025.xlsx
2025,Tabela_de_Escola,IN_MEDIACAO_SEMIPRESENCIAL,Mediação didático-pedagógica oferecida pela escola - Semipresencial,,dicionário_dados_educação_básica_2025.xlsx
2025,Tabela_de_Escola,IN_MEDIACAO_EAD,Mediação didático-pedagógica oferecida pela escola - Educação a Distância - EAD,,dicionário_dados_educação_básica_2025.xlsx
2025,Tabela_de_Escola,IN_ESPECIAL_EXCLUSIVA,"Classes Especiais - Escola possui classe especial exclusiva (ao menos uma turma exclusiva de alunos com deficiência, transtorno do espectro autista (TEA) ou altas habilidades/superdotação)",,dicionário_dados_educação_básica_2025.xlsx
2025,Tabela_de_Escola,IN_REGULAR,"Ensino Regular - Modo, maneira ou metodologia de ensino correspondente às turmas com etapas de escolarização consecutivas, Creche ao Ensino Médio",,dicionário_dados_educação_básica_2025.xlsx
2025,Tabela_de_Escola,IN_EJA,"Educação de Jovens e Adultos (EJA) - Modo, maneira ou metodologia de ensino correspondente às turmas destinadas a pessoas que não cursaram o ensino fundamental e/ou médio em idade própria.",,dicionário_dados_educação_básica_2025.xlsx
2025,Tabela_de_Escola,IN_PROFISSIONALIZANTE,"Educação Profissional - Modo profissionalizante de ensino correspondente às turmas do Ensino Médio articulado ao Itinerário Formativo Técnico Profissional - Curso Técnico, Ensino Médio Normal/Magistério, Curso Técnico Concomitante, Curso Técnico Subsequente,  Curso Técnico Integrado à EJA de Nível Médio, Itinerário Formativo Técnico Profissional Exclusivo - Curso Técnico (não articulado ao ensino médio regular), Curso FIC Concomitante, Curso FIC Integrado à EJA de Nível Fundamental, Curso FIC Integrado à EJA de Nível Médio, Ensino Médio articulado ao Itinerário Formativo Técnico Profissional - Qualificação Profissional e Itinerário Formativo Técnico Profissional Exclusivo - Qualificação Profissional (não articulado ao ensino médio regular).",,dicionário_dados_educação_básica_2025.xlsx
2025,Tabela_de_Escola,IN_COMUM_CRECHE,"Escola oferece matrículas de alunos com deficiência, transtorno do espectro autista (TEA), altas habilidades ou superdotação em Classes Comuns - Educação Infantil - Creche",,dicionário_dados_educação_básica_2025.xlsx
2025,Tabela_de_Escola,IN_COMUM_PRE,"Escola oferece matrículas de alunos com deficiência, transtorno do espectro autista (TEA), altas habilidades ou superdotação em Classes Comuns - Educação Infantil - Pré-Escola",,dicionário_dados_educação_básica_2025.xlsx
2025,Tabela_de_Escola,IN_COMUM_FUND_AI,"Escola oferece matrículas de alunos com deficiência, transtorno do espectro autista (TEA), altas habilidades ou superdotação em Classes Comuns - Anos Iniciais do Ensino Fundamental (1º ao 5º Ano)",,dicionário_dados_educação_básica_2025.xlsx
2025,Tabela_de_Escola,IN_COMUM_FUND_AF,"Escola oferece matrículas de alunos com deficiência, transtorno do espectro autista (TEA), altas habilidades ou superdotação em Classes Comuns - Anos Finais do Ensino Fundamental (6º ao 9º Ano)",,dicionário_dados_educação_básica_2025.xlsx
2025,Tabela_de_Escola,IN_COMUM_MEDIO_MEDIO,"Escola oferece matrículas de alunos com deficiência, transtorno do espectro autista (TEA), altas habilidades ou superdotação em Classes Comuns - Ensino Médio Propedêutico. A partir de 2025 considera apenas a oferta de ensino médio que não está articulada a curso de Itinerário de formação técnica e profissional (IFTP).",,dicionário_dados_educação_básica_2025.xlsx
2025,Tabela_de_Escola,IN_COMUM_MEDIO_INTEGRADO,"Escola oferece matrículas de alunos com deficiência, transtorno do espectro autista (TEA), altas habilidades ou superdotação em Classes Comuns - Ensino Médio Articulado ao itinerário Formativo Técnico Profissional - Curso Técnico. A partir de 2025 considera apenas a oferta de ensino médio articulado a um curso técnico do Itinerário de formação técnica e profissional (IFTP).",,dicionário_dados_educação_básica_2025.xlsx
2025,Tabela_de_Escola,IN_COMUM_MEDIO_FIC,"Escola oferece matrículas de alunos com deficiência, transtorno do espectro autista (TEA), altas habilidades ou superdotação em Classes Comuns - Ensino Médio Articulado ao itinerário Formativo Técnico Profissional - Qualificação Profissional.",,dicionário_dados_educação_básica_2025.xlsx
2025,Tabela_de_Escola,IN_COMUM_MEDIO_NORMAL,"Escola oferece matrículas de alunos com deficiência, transtorno do espectro autista (TEA), altas habilidades ou superdotação em Classes Comuns - Ensino Médio Normal/Magistério",,dicionário_dados_educação_básica_2025.xlsx
2025,Tabela_de_Escola,IN_ESP_EXCLUSIVA_CRECHE,"Escola oferece matrículas de alunos com deficiência, transtorno do espectro autista (TEA), altas habilidades ou superdotação em Classes Exclusivas - Educação Infantil - Creche",,dicionário_dados_educação_básica_2025.xlsx
2025,Tabela_de_Escola,IN_ESP_EXCLUSIVA_PRE,"Escola oferece matrículas de alunos com deficiência, transtorno do espectro autista (TEA), altas habilidades ou superdotação em Classes Exclusivas - Educação Infantil - Pré-Escola",,dicionário_dados_educação_básica_2025.xlsx
2025,Tabela_de_Escola,IN_ESP_EXCLUSIVA_FUND_AI,"Escola oferece matrículas de alunos com deficiência, transtorno do espectro autista (TEA), altas habilidades ou superdotação em Classes Exclusivas - Anos Iniciais do Ensino Fundamental (1º ao 5º Ano)",,dicionário_dados_educação_básica_2025.xlsx
2025,Tabela_de_Escola,IN_ESP_EXCLUSIVA_FUND_AF,"Escola oferece matrículas de alunos com deficiência, transtorno do espectro autista (TEA), altas habilidades ou superdotação em Classes Exclusivas - Anos Finais do Ensino Fundamental (6º ao 9º Ano)",,dicionário_dados_educação_básica_2025.xlsx
2025,Tabela_de_Escola,IN_ESP_EXCLUSIVA_MEDIO_MEDIO,"Escola oferece matrículas de alunos com deficiência, transtorno do espectro autista (TEA), altas habilidades ou superdotação em Classes Exclusivas - Ensino Médio Propedêutico. A partir de 2025 considera apenas a oferta de ensino médio que não está articulada a curso de Itinerário de formação técnica e profissional (IFTP).",,dicionário_dados_educação_básica_2025.xlsx
2025,Tabela_de_Escola,IN_ESP_EXCLUSIVA_MEDIO_INTEGR,"Escola oferece matrículas de alunos com deficiência, transtorno do espectro autista (TEA), altas habilidades ou superdotação em Classes Exclusivas - Ensino Médio Articulado ao itinerário Formativo Técnico Profissional - Curso Técnico. A partir de 2025 considera apenas a oferta de ensino médio articulado a um curso técnico do Itinerário de formação técnica e profissional (IFTP).",,dicionário_dados_educação_básica_2025.xlsx
2025,Tabela_de_Escola,IN_ESP_EXCLUSIVA_MEDIO_FIC,"Escola oferece matrículas de alunos com deficiência, transtorno do espectro autista (TEA), altas habilidades ou superdotação em Classes Exclusivas - Ensino Médio Articulado ao itinerário Formativo Técnico Profissional - Qualificação Profissional.",,dicionário_dados_educação_básica_2025.xlsx
2025,Tabela_de_Escola,IN_ESP_EXCLUSIVA_MEDIO_NORMAL,"Escola oferece matrículas de alunos com deficiência, transtorno do espectro autista (TEA), altas habilidades ou superdotação em Classes Exclusivas - Ensino Médio Normal/Magistério",,dicionário_dados_educação_básica_2025.xlsx
2025,Tabela_de_Escola,IN_COMUM_EJA_FUND,"Escola oferece matrículas de alunos com deficiência, transtorno do espectro autista (TEA), altas habilidades ou superdotação em Classes Comuns - Educação de Jovens e Adultos (EJA) Ensino Fundamental nos Anos Iniciais, Anos Finais e Curso FIC integrado à EJA de nível Fundamental",,dicionário_dados_educação_básica_2025.xlsx
2025,Tabela_de_Escola,IN_COMUM_EJA_MEDIO,"Escola oferece matrículas de alunos com deficiência, transtorno do espectro autista (TEA), altas habilidades ou superdotação em Classes Comuns - Educação de Jovens e Adultos (EJA) Ensino Médio, Curso FIC integrado à EJA de nível Médio e Curso Técnico integrado à EJA de nível Médio",,dicionário_dados_educação_básica_2025.xlsx
2025,Tabela_de_Escola,IN_COMUM_EJA_PROF,"Escola oferece matrículas de alunos com deficiência, transtorno do espectro autista (TEA), altas habilidades ou superdotação em Classes Comuns - Educação de Jovens e Adultos (EJA) Profissionalizante, Curso FIC integrado à EJA de nível Fundamental, Curso FIC integrado à EJA de nível Médio e Curso Técnico integrado à EJA de nível Médio",,dicionário_dados_educação_básica_2025.xlsx
2025,Tabela_de_Escola,IN_ESP_EXCLUSIVA_EJA_FUND,"Escola oferece matrículas de alunos com deficiência, transtorno do espectro autista (TEA), altas habilidades ou superdotação em Classes Exclusivas - Educação de Jovens e Adultos (EJA) Ensino Fundamental nos Anos Iniciais, Anos Finais e Curso FIC integrado à EJA de nível Fundamental",,dicionário_dados_educação_básica_2025.xlsx
2025,Tabela_de_Escola,IN_ESP_EXCLUSIVA_EJA_MEDIO,"Escola oferece matrículas de alunos com deficiência, transtorno do espectro autista (TEA), altas habilidades ou superdotação em Classes Exclusivas - Educação de Jovens e Adultos (EJA) Ensino Médio, Curso FIC integrado à EJA de nível Médio e Curso Técnico integrado à EJA de nível Médio",,dicionário_dados_educação_básica_2025.xlsx
2025,Tabela_de_Escola,IN_ESP_EXCLUSIVA_EJA_PROF,"Escola oferece matrículas de alunos com deficiência, transtorno do espectro autista (TEA), altas habilidades ou superdotação em Classes Exclusivas - Educação de Jovens e Adultos (EJA) Profissionalizante, Curso FIC integrado à EJA de nível Fundamental, Curso FIC integrado à EJA de nível Médio e Curso Técnico integrado à EJA de nível Médio",,dicionário_dados_educação_básica_2025.xlsx
2025,Tabela_de_Escola,IN_COMUM_PROF,"Escola oferece matrículas de alunos com deficiência, transtorno do espectro autista (TEA), altas habilidades ou superdotação em Classes Comuns - Educação Profissional, Curso Técnico Concomitante, Curso Técnico Subsequente, Curso FIC Concomitante, Itinerário Formativo Técnico Profissional Exclusivo - Curso Técnico (não articulado ao ensino médio regular) e Itinerário Formativo Técnico Profissional Exclusivo - Qualificação Profissional (não articulado ao ensino médio regular).",,dicionário_dados_educação_básica_2025.xlsx
2025,Tabela_de_Escola,IN_ESP_EXCLUSIVA_PROF,"Escola oferece matrículas de alunos com deficiência, transtorno do espectro autista (TEA), altas habilidades ou superdotação em Classes Exclusivas - Educação Profissional, Curso Técnico Concomitante, Curso Técnico Subsequente, Curso FIC Concomitante, Itinerário Formativo Técnico Profissional Exclusivo - Curso Técnico (não articulado ao ensino médio regular) e Itinerário Formativo Técnico Profissional Exclusivo - Qualificação Profissional (não articulado ao ensino médio regular).",,dicionário_dados_educação_básica_2025.xlsx
2025,Tabela_de_Matrícula,NU_ANO_CENSO,Ano do Censo,,dicionário_dados_educação_básica_2025.xlsx
2025,Tabela_de_Matrícula,NO_REGIAO,Nome da Região Geográfica,,dicionário_dados_educação_básica_2025.xlsx
2025,Tabela_de_Matrícula,CO_REGIAO,Código da Região Geográfica,,dicionário_dados_educação_básica_2025.xlsx
2025,Tabela_de_Matrícula,NO_UF,Nome da Unidade da Federação,,dicionário_dados_educação_básica_2025.xlsx
2025,Tabela_de_Matrícula,SG_UF,Sigla da Unidade da Federação,,dicionário_dados_educação_básica_2025.xlsx
2025,Tabela_de_Matrícula,CO_UF,Código da Unidade da Federação,,dicionário_dados_educação_básica_2025.xlsx
2025,Tabela_de_Matrícula,NO_MUNICIPIO,Nome do Município,,dicionário_dados_educação_básica_2025.xlsx
2025,Tabela_de_Matrícula,CO_MUNICIPIO,Código do Município,,dicionário_dados_educação_básica_2025.xlsx
2025,Tabela_de_Matrícula,NO_REGIAO_GEOG_INTERM,Nome da Região Geográfica Intermediária,"A Fundação Instituto Brasileiro de Geografia e Estatísticas (IBGE), propôs em 2017 uma nova divisão geográfica regional do Brasil que corresponde às antigas Mesorregiões e Microrregiões. Assim, a partir de 2019, as regiões geográficas regionais são classificadas em Regiões Geográficas Intermediárias e Regiões Imediatas. No Censo Escolar, para fins de comparação ao longo dos anos, foram mantidas as variáveis de Mesorregiões e Microrregiões.",dicionário_dados_educação_básica_2025.xlsx
2025,Tabela_de_Matrícula,CO_REGIAO_GEOG_INTERM,Código da Região Geográfica Intermediária,,dicionário_dados_educação_básica_2025.xlsx
2025,Tabela_de_Matrícula,NO_REGIAO_GEOG_IMED,Nome da Região Geográfica Imediata,,dicionário_dados_educação_básica_2025.xlsx
2025,Tabela_de_Matrícula,CO_REGIAO_GEOG_IMED,Código da Região Geográfica Imediata,,dicionário_dados_educação_básica_2025.xlsx
2025,Tabela_de_Matrícula,NO_DISTRITO,Divisão Intramunicipal - Nome do Distrito,,dicionário_dados_educação_básica_2025.xlsx
2025,Tabela_de_Matrícula,CO_DISTRITO,Divisão Intramunicipal - Código do Distrito,,dicionário_dados_educação_básica_2025.xlsx
2025,Tabela_de_Matrícula,NO_SUBDISTRITO,Divisão Intramunicipal - Nome do Subdistrito,"A partir do Censo Escolar de 2025, a coleta de informações passou a contemplar dados geográficos desagregados pelo Código das Regiões Administrativas exclusivamente para o Distrito Federal. Em decorrência dessa alteração, nos Microdados, o nome e o código das Regiões Administrativas do Distrito Federal passaram a ser incorporados às variáveis de Código e Nome do Distrito.
Assim, nesta versão dos Microdados, as variáveis NO_REGIAO_ADMINISTRATIVA e CO_REGIAO_ADMINISTRATIVA foram, respectivamente, integradas às variáveis NO_DISTRITO e CO_DISTRITO.",dicionário_dados_educação_básica_2025.xlsx
2025,Tabela_de_Matrícula,CO_SUBDISTRITO,Divisão Intramunicipal - Código do Subdistrito,,dicionário_dados_educação_básica_2025.xlsx
2025,Tabela_de_Matrícula,NO_ENTIDADE,Nome da Escola,,dicionário_dados_educação_básica_2025.xlsx
2025,Tabela_de_Matrícula,CO_ENTIDADE,Código da Escola,,dicionário_dados_educação_básica_2025.xlsx
2025,Tabela_de_Matrícula,CO_REDE,Rede de Ensino,,dicionário_dados_educação_básica_2025.xlsx
2025,Tabela_de_Matrícula,TP_DEPENDENCIA,Dependência Administrativa,,dicionário_dados_educação_básica_2025.xlsx
2025,Tabela_de_Matrícula,TP_CATEGORIA_ESCOLA_PRIVADA,Categoria da escola privada,,dicionário_dados_educação_básica_2025.xlsx
2025,Tabela_de_Matrícula,TP_LOCALIZACAO,Localização,,dicionário_dados_educação_básica_2025.xlsx
2025,Tabela_de_Matrícula,TP_LOCALIZACAO_DIFERENCIADA,Localização diferenciada da escola,"De 2007 a 2011:  
0 - Não se aplica
1 - Área de assentamento
2 - Terra indígena
3 - Área remanescente de quilombos
De 2012 a 2018:  
0 - A escola não está em área de localização diferenciada
1 - Área de assentamento
2 - Terra indígena
3 - Área remanescente de quilombos
4 - Unidade de uso sustentável
5 - Unidade de uso sustentável em terra indígena
6 - Unidade de uso sustentável em área remanescente de quilombos
De 2019 a 2022: 
0 - A escola não está em área de localização diferenciada
1 - Área de assentamento
2 - Terra indígena
3 - Área onde se localiza comunidade remanescente de quilombos
Em 2023 foi adicionada a categoria 8: 
8 - Área onde se localizam povos e comunidades tradicionais",dicionário_dados_educação_básica_2025.xlsx
2025,Tabela_de_Matrícula,IN_PODER_PUBLICO_PARCERIA,"Parceria ou convênio com o poder público (parceria ou convênio firmado entre a Administração Pública e instituições privadas ou instituições públicas de ensino, autarquias e fundações da administração indireta e demais instituições de educação profissional técnica de nível médio dos serviços sociais autônomos que integram o sistema federal de ensino, para financiamento do atendimento educacional ou para a oferta do itinerário de formação técnica e profissional do ensino médio)","Entre 2007 e 2021:
A variável IN_CONVENIADA_PP foi renomeada para:
IN_PODER_PUBLICO_PARCERIA",dicionário_dados_educação_básica_2025.xlsx
2025,Tabela_de_Matrícula,TP_PODER_PUBLICO_PARCERIA,Poder público responsável pela parceria ou convênio entre a Administração Pública e outras instituições,"Entre 2007 e 2021:
A variável TP_CONVENIO_PODER_PUBLICO foi renomeada para: TP_PODER_PUBLICO_PARCERIA",dicionário_dados_educação_básica_2025.xlsx
2025,Tabela_de_Matrícula,QT_MAT_BAS,Número de Matrículas da Educação Básica,"Não inclui matrículas em turmas exclusivas de atividade complementar e nem em turmas exclusivas de Atendimento Educacional Especializado. Em síntese, a Educação Básica compreende matrículas nas seguintes etapas e modalidades de ensino: Educação Infantil, Ensino Fundamental, Ensino Médio, Curso Técnico Concomitante, Curso Técnico Subsequente, Itinerário Formativo Técnico Profissional Exclusivo - Curso Técnico (não articulado ao ensino médio regular), Curso FIC Concomitante, Itinerário Formativo Técnico Profissional Exclusivo - Qualificação Profissional (não articulado ao ensino médio regular) e Educação de Jovens e Adultos (EJA).",dicionário_dados_educação_básica_2025.xlsx
2025,Tabela_de_Matrícula,QT_MAT_INF,Número de Matrículas da Educação Infantil,,dicionário_dados_educação_básica_2025.xlsx
2025,Tabela_de_Matrícula,QT_MAT_INF_CRE,Número de Matrículas da Educação Infantil - Creche,,dicionário_dados_educação_básica_2025.xlsx
2025,Tabela_de_Matrícula,QT_MAT_INF_PRE,Número de Matrículas da Educação Infantil - Pré-Escola,,dicionário_dados_educação_básica_2025.xlsx
2025,Tabela_de_Matrícula,QT_MAT_FUND,Número de Matrículas do Ensino Fundamental,,dicionário_dados_educação_básica_2025.xlsx
2025,Tabela_de_Matrícula,QT_MAT_FUND_AI,Número de Matrículas do Ensino Fundamental - Anos Iniciais,,dicionário_dados_educação_básica_2025.xlsx
2025,Tabela_de_Matrícula,QT_MAT_FUND_AI_1,Número de Matrículas do Ensino Fundamental - Anos Iniciais - 1º Ano,,dicionário_dados_educação_básica_2025.xlsx
2025,Tabela_de_Matrícula,QT_MAT_FUND_AI_2,Número de Matrículas do Ensino Fundamental - Anos Iniciais - 2º Ano,,dicionário_dados_educação_básica_2025.xlsx
2025,Tabela_de_Matrícula,QT_MAT_FUND_AI_3,Número de Matrículas do Ensino Fundamental - Anos Iniciais - 3º Ano,,dicionário_dados_educação_básica_2025.xlsx
2025,Tabela_de_Matrícula,QT_MAT_FUND_AI_4,Número de Matrículas do Ensino Fundamental - Anos Iniciais - 4º Ano,,dicionário_dados_educação_básica_2025.xlsx
2025,Tabela_de_Matrícula,QT_MAT_FUND_AI_5,Número de Matrículas do Ensino Fundamental - Anos Iniciais - 5º Ano,,dicionário_dados_educação_básica_2025.xlsx
2025,Tabela_de_Matrícula,QT_MAT_FUND_AF,Número de Matrículas do Ensino Fundamental - Anos Finais,,dicionário_dados_educação_básica_2025.xlsx
2025,Tabela_de_Matrícula,QT_MAT_FUND_AF_6,Número de Matrículas do Ensino Fundamental - Anos Finais - 6º Ano,,dicionário_dados_educação_básica_2025.xlsx
2025,Tabela_de_Matrícula,QT_MAT_FUND_AF_7,Número de Matrículas do Ensino Fundamental - Anos Finais - 7º Ano,,dicionário_dados_educação_básica_2025.xlsx
2025,Tabela_de_Matrícula,QT_MAT_FUND_AF_8,Número de Matrículas do Ensino Fundamental - Anos Finais - 8º Ano,,dicionário_dados_educação_básica_2025.xlsx
2025,Tabela_de_Matrícula,QT_MAT_FUND_AF_9,Número de Matrículas do Ensino Fundamental - Anos Finais - 9º Ano,,dicionário_dados_educação_básica_2025.xlsx
2025,Tabela_de_Matrícula,QT_MAT_MED,Número de Matrículas do Ensino Médio Regular,,dicionário_dados_educação_básica_2025.xlsx
2025,Tabela_de_Matrícula,QT_MAT_MED_1,Número de Matrículas do Ensino Médio Regular - 1º ano/1ª Série,,dicionário_dados_educação_básica_2025.xlsx
2025,Tabela_de_Matrícula,QT_MAT_MED_2,Número de Matrículas do Ensino Médio Regular - 2º ano/2ª Série,,dicionário_dados_educação_básica_2025.xlsx
2025,Tabela_de_Matrícula,QT_MAT_MED_3,Número de Matrículas do Ensino Médio Regular - 3º ano/3ª Série,,dicionário_dados_educação_básica_2025.xlsx
2025,Tabela_de_Matrícula,QT_MAT_MED_4,Número de Matrículas do Ensino Médio Regular - 4º ano/4ª Série,,dicionário_dados_educação_básica_2025.xlsx
2025,Tabela_de_Matrícula,QT_MAT_MED_NS,Número de Matrículas do Ensino Médio Regular - Não Seriado,,dicionário_dados_educação_básica_2025.xlsx
2025,Tabela_de_Matrícula,QT_MAT_MED_PROP,Número de Matrículas do Ensino Médio Regular - Propedêutico,,dicionário_dados_educação_básica_2025.xlsx
2025,Tabela_de_Matrícula,QT_MAT_MED_PROP_1,Número de Matrículas do Ensino Médio Regular - Propedêutico - 1º ano/1ª Série,,dicionário_dados_educação_básica_2025.xlsx
2025,Tabela_de_Matrícula,QT_MAT_MED_PROP_2,Número de Matrículas do Ensino Médio Regular - Propedêutico - 2º ano/2ª Série,,dicionário_dados_educação_básica_2025.xlsx
2025,Tabela_de_Matrícula,QT_MAT_MED_PROP_3,Número de Matrículas do Ensino Médio Regular - Propedêutico - 3º ano/3ª Série,,dicionário_dados_educação_básica_2025.xlsx
2025,Tabela_de_Matrícula,QT_MAT_MED_PROP_4,Número de Matrículas do Ensino Médio Regular - Propedêutico - 4º ano/4ª Série,,dicionário_dados_educação_básica_2025.xlsx
2025,Tabela_de_Matrícula,QT_MAT_MED_PROP_NS,Número de Matrículas do Ensino Médio Regular - Propedêutico - Não Seriado,,dicionário_dados_educação_básica_2025.xlsx
2025,Tabela_de_Matrícula,QT_MAT_MED_IFTP_CT,Número de Matrículas do Ensino Médio Regular (Formação Geral Básica - FGB) articuladas ao Curso Técnico do Itinerário Formativo Técnico Profissional (IFTP) - Curso Técnico,,dicionário_dados_educação_básica_2025.xlsx
2025,Tabela_de_Matrícula,QT_MAT_MED_ARTI_IFTP_CT,Número de Matrículas do Ensino Médio Regular (Formação Geral Básica - FGB) articuladas ao Curso Técnico do Itinerário Formativo Técnico Profissional (IFTP) - Curso Técnico,Não inclui o Ensino Médio Normal/Magistério. Variável descontinuada porque o valor das turmas de FGB e Ensino Médio Propedêutico será igual ao valor da variável: QT_MAT_MED_IFTP_CT.,dicionário_dados_educação_básica_2025.xlsx
2025,Tabela_de_Matrícula,QT_MAT_MED_IFTP_CT_MT,Número de Matrículas do Ensino Médio Regular (Formação Geral Básica - FGB) articuladas ao Curso Técnico do Itinerário Formativo Técnico Profissional (IFTP) - Curso Técnico ofertado na mesma turma,Não inclui o Ensino Médio Normal/Magistério. Antigo nome da variável: QT_MAT_MED_ARTI_IFTP_CT_MT.,dicionário_dados_educação_básica_2025.xlsx
2025,Tabela_de_Matrícula,QT_MAT_MED_IFTP_CT_OTME,Número de Matrículas do Ensino Médio Regular (Formação Geral Básica - FGB) articuladas ao Curso Técnico do Itinerário Formativo Técnico Profissional (IFTP) - Curso Técnico ofertado em outra turma da mesma escola,Não inclui o Ensino Médio Normal/Magistério. Antigo nome da variável: QT_MAT_MED_ARTI_IFTP_CT_OTME.,dicionário_dados_educação_básica_2025.xlsx
2025,Tabela_de_Matrícula,QT_MAT_MED_IFTP_CT_OE,Número de Matrículas do Ensino Médio Regular (Formação Geral Básica - FGB) articuladas ao Curso Técnico do Itinerário Formativo Técnico Profissional (IFTP) - Curso Técnico ofertado em outra escola,Não inclui o Ensino Médio Normal/Magistério. Antigo nome da variável: QT_MAT_MED_ARTI_IFTP_CT_OE.,dicionário_dados_educação_básica_2025.xlsx
2025,Tabela_de_Matrícula,QT_MAT_MED_IFTP_CT_1,Número de Matrículas do Ensino Médio Regular (Formação Geral Básica - FGB) articuladas ao Curso Técnico do Itinerário Formativo Técnico Profissional (IFTP) - Curso Técnico - 1º ano/1ª Série,,dicionário_dados_educação_básica_2025.xlsx
2025,Tabela_de_Matrícula,QT_MAT_MED_IFTP_CT_2,Número de Matrículas do Ensino Médio Regular (Formação Geral Básica - FGB) articuladas ao Curso Técnico do Itinerário Formativo Técnico Profissional (IFTP) - Curso Técnico - 2º ano/2ª Série,,dicionário_dados_educação_básica_2025.xlsx
2025,Tabela_de_Matrícula,QT_MAT_MED_IFTP_CT_3,Número de Matrículas do Ensino Médio Regular (Formação Geral Básica - FGB) articuladas ao Curso Técnico do Itinerário Formativo Técnico Profissional (IFTP) - Curso Técnico - 3º ano/3ª Série,,dicionário_dados_educação_básica_2025.xlsx
2025,Tabela_de_Matrícula,QT_MAT_MED_IFTP_CT_4,Número de Matrículas do Ensino Médio Regular (Formação Geral Básica - FGB) articuladas ao Curso Técnico do Itinerário Formativo Técnico Profissional (IFTP) - Curso Técnico - 4º ano/4ª Série,,dicionário_dados_educação_básica_2025.xlsx
2025,Tabela_de_Matrícula,QT_MAT_MED_IFTP_CT_NS,Número de Matrículas do Ensino Médio Regular (Formação Geral Básica - FGB) articuladas ao Curso Técnico do Itinerário Formativo Técnico Profissional (IFTP) - Curso Técnico - Não Seriado,,dicionário_dados_educação_básica_2025.xlsx
2025,Tabela_de_Matrícula,QT_MAT_MED_IFTP_QP,Número de Matrículas do Ensino Médio Regular (Formação Geral Básica - FGB) articuladas ao Itinerário Formativo Técnico Profissional (IFTP) - Qualificação Profissional,,dicionário_dados_educação_básica_2025.xlsx
2025,Tabela_de_Matrícula,QT_MAT_MED_ARTI_IFTP_QP,Número de Matrículas do Ensino Médio Regular (Formação Geral Básica - FGB) articuladas ao Itinerário Formativo Técnico Profissional (IFTP) - Qualificação Profissional,Não inclui o Ensino Médio Normal/Magistério. Variável descontinuada porque o valor das turmas de FGB e Ensino Médio Propedêutico será igual ao valor da variável: QT_MAT_MED_IFTP_QP.,dicionário_dados_educação_básica_2025.xlsx
2025,Tabela_de_Matrícula,QT_MAT_MED_IFTP_QP_MT,Número de Matrículas do Ensino Médio Regular (Formação Geral Básica - FGB) articuladas ao Itinerário Formativo Técnico Profissional (IFTP) - Qualificação Profissional ofertado na mesma turma,Não inclui o Ensino Médio Normal/Magistério. Antigo nome da variável: QT_MAT_MED_ARTI_IFTP_QP_MT.,dicionário_dados_educação_básica_2025.xlsx
2025,Tabela_de_Matrícula,QT_MAT_MED_IFTP_QP_OTME,Número de Matrículas do Ensino Médio Regular (Formação Geral Básica - FGB) articuladas ao Itinerário Formativo Técnico Profissional (IFTP) - Qualificação Profissional ofertado em outra turma da mesma escola,Não inclui o Ensino Médio Normal/Magistério. Antigo nome da variável: QT_MAT_MED_ARTI_IFTP_QP_OTME.,dicionário_dados_educação_básica_2025.xlsx
2025,Tabela_de_Matrícula,QT_MAT_MED_IFTP_QP_OE,Número de Matrículas do Ensino Médio Regular (Formação Geral Básica - FGB) articuladas ao Itinerário Formativo Técnico Profissional (IFTP) - Qualificação Profissional ofertado em outra escola,Não inclui o Ensino Médio Normal/Magistério. Antigo nome da variável: QT_MAT_MED_ARTI_IFTP_QP_OE.,dicionário_dados_educação_básica_2025.xlsx
2025,Tabela_de_Matrícula,QT_MAT_MED_IFTP_QP_1,Número de Matrículas do Ensino Médio Regular (Formação Geral Básica - FGB) articuladas ao Itinerário Formativo Técnico Profissional (IFTP) - Qualificação Profissional - 1º ano/1ª Série,,dicionário_dados_educação_básica_2025.xlsx
2025,Tabela_de_Matrícula,QT_MAT_MED_IFTP_QP_2,Número de Matrículas do Ensino Médio Regular (Formação Geral Básica - FGB) articuladas ao Itinerário Formativo Técnico Profissional (IFTP) - Qualificação Profissional - 2º ano/2ª Série,,dicionário_dados_educação_básica_2025.xlsx
2025,Tabela_de_Matrícula,QT_MAT_MED_IFTP_QP_3,Número de Matrículas do Ensino Médio Regular (Formação Geral Básica - FGB) articuladas ao Itinerário Formativo Técnico Profissional (IFTP) - Qualificação Profissional - 3º ano/3ª Série,,dicionário_dados_educação_básica_2025.xlsx
2025,Tabela_de_Matrícula,QT_MAT_MED_IFTP_QP_4,Número de Matrículas do Ensino Médio Regular (Formação Geral Básica - FGB) articuladas ao Itinerário Formativo Técnico Profissional (IFTP) - Qualificação Profissional - 4º ano/4ª Série,,dicionário_dados_educação_básica_2025.xlsx
2025,Tabela_de_Matrícula,QT_MAT_MED_IFTP_QP_NS,Número de Matrículas do Ensino Médio Regular (Formação Geral Básica - FGB) articuladas ao Itinerário Formativo Técnico Profissional (IFTP) - Qualificação Profissional - Não Seriado,,dicionário_dados_educação_básica_2025.xlsx
2025,Tabela_de_Matrícula,QT_MAT_MED_NM,Número de Matrículas do Ensino Médio Regular -  Modalidade Normal/Magistério,,dicionário_dados_educação_básica_2025.xlsx
2025,Tabela_de_Matrícula,QT_MAT_MED_NM_1,Número de Matrículas do Ensino Médio Regular -  Modalidade Normal/Magistério - 1º ano/1ª Série,,dicionário_dados_educação_básica_2025.xlsx
2025,Tabela_de_Matrícula,QT_MAT_MED_NM_2,Número de Matrículas do Ensino Médio Regular -  Modalidade Normal/Magistério - 2º ano/2ª Série,,dicionário_dados_educação_básica_2025.xlsx
2025,Tabela_de_Matrícula,QT_MAT_MED_NM_3,Número de Matrículas do Ensino Médio Regular -  Modalidade Normal/Magistério - 3º ano/3ª Série,,dicionário_dados_educação_básica_2025.xlsx
2025,Tabela_de_Matrícula,QT_MAT_MED_NM_4,Número de Matrículas do Ensino Médio Regular -  Modalidade Normal/Magistério - 4º ano/4ª Série,,dicionário_dados_educação_básica_2025.xlsx
2025,Tabela_de_Matrícula,QT_MAT_MED_IFA,"Número de Matrículas do Ensino Médio Regular - Itinerário formativo de aprofundamento (IFA). Percursos educacionais estruturados de livre escolha dos estudantes, que permite aos educandos o aprofundamento de suas aprendizagens e de seu desenvolvimento em uma ou em mais áreas do conhecimento. Deve realizar-se por meio da oferta de projetos interdisciplinares e integradores, organizados com ênfase nos componentes curriculares que compõem a(s) área(s) de conhecimento eleitas, de modo a ampliar o diálogo entre as dimensões teóricas e práticas dos conteúdos, a consideração e valorização da diversidade territorial e cultural do Brasil e as escolhas estabelecidas na proposta pedagógica de cada unidade escolar.",,dicionário_dados_educação_básica_2025.xlsx
2025,Tabela_de_Matrícula,QT_MAT_MED_IFA_LING,Número de Matrículas do Ensino Médio Regular - Área do Itinerário formativo de aprofundamento (IFA) - Linguagens e suas tecnologias,,dicionário_dados_educação_básica_2025.xlsx
2025,Tabela_de_Matrícula,QT_MAT_MED_IFA_LING_MT,Número de Matrículas do Ensino Médio Regular - Área do Itinerário formativo de aprofundamento (IFA) - Linguagens e suas tecnologias na mesma turma,,dicionário_dados_educação_básica_2025.xlsx
2025,Tabela_de_Matrícula,QT_MAT_MED_IFA_LING_OTME,Número de Matrículas do Ensino Médio Regular - Área do Itinerário formativo de aprofundamento (IFA) - Linguagens e suas tecnologias em outra turma da mesma escola,,dicionário_dados_educação_básica_2025.xlsx
2025,Tabela_de_Matrícula,QT_MAT_MED_IFA_LING_OE,Número de Matrículas do Ensino Médio Regular - Área do Itinerário formativo de aprofundamento (IFA) - Linguagens e suas tecnologias em outra escola,,dicionário_dados_educação_básica_2025.xlsx
2025,Tabela_de_Matrícula,QT_MAT_MED_IFA_MATE,Número de Matrículas do Ensino Médio Regular - Área do Itinerário formativo de aprofundamento (IFA) - Matemática e suas tecnologias,,dicionário_dados_educação_básica_2025.xlsx
2025,Tabela_de_Matrícula,QT_MAT_MED_IFA_MATE_MT,Número de Matrículas do Ensino Médio Regular - Área do Itinerário formativo de aprofundamento (IFA) - Matemática e suas tecnologias na mesma turma,,dicionário_dados_educação_básica_2025.xlsx
2025,Tabela_de_Matrícula,QT_MAT_MED_IFA_MATE_OTME,Número de Matrículas do Ensino Médio Regular - Área do Itinerário formativo de aprofundamento (IFA) - Matemática e suas tecnologias em outra turma da mesma escola,,dicionário_dados_educação_básica_2025.xlsx
2025,Tabela_de_Matrícula,QT_MAT_MED_IFA_MATE_OE,Número de Matrículas do Ensino Médio Regular - Área do Itinerário formativo de aprofundamento (IFA) - Matemática e suas tecnologias em outra escola,,dicionário_dados_educação_básica_2025.xlsx
2025,Tabela_de_Matrícula,QT_MAT_MED_IFA_CIENC,Número de Matrículas do Ensino Médio Regular - Área do Itinerário formativo de aprofundamento (IFA) - Ciências da natureza e suas tecnologias,,dicionário_dados_educação_básica_2025.xlsx
2025,Tabela_de_Matrícula,QT_MAT_MED_IFA_CIENC_MT,Número de Matrículas do Ensino Médio Regular - Área do Itinerário formativo de aprofundamento (IFA) - Ciências da natureza e suas tecnologias na mesma turma,,dicionário_dados_educação_básica_2025.xlsx
2025,Tabela_de_Matrícula,QT_MAT_MED_IFA_CIENC_OTME,Número de Matrículas do Ensino Médio Regular - Área do Itinerário formativo de aprofundamento (IFA) - Ciências da natureza e suas tecnologias em outra turma da mesma escola,,dicionário_dados_educação_básica_2025.xlsx
2025,Tabela_de_Matrícula,QT_MAT_MED_IFA_CIENC_OE,Número de Matrículas do Ensino Médio Regular - Área do Itinerário formativo de aprofundamento (IFA) - Ciências da natureza e suas tecnologias em outra escola,,dicionário_dados_educação_básica_2025.xlsx
2025,Tabela_de_Matrícula,QT_MAT_MED_IFA_HUMA,Número de Matrículas do Ensino Médio Regular - Área do Itinerário formativo de aprofundamento (IFA) - Ciências humanas e sociais aplicadas,,dicionário_dados_educação_básica_2025.xlsx
2025,Tabela_de_Matrícula,QT_MAT_MED_IFA_HUMA_MT,Número de Matrículas do Ensino Médio Regular - Área do Itinerário formativo de aprofundamento (IFA) - Ciências humanas e sociais aplicadas na mesma turma,,dicionário_dados_educação_básica_2025.xlsx
2025,Tabela_de_Matrícula,QT_MAT_MED_IFA_HUMA_OTME,Número de Matrículas do Ensino Médio Regular - Área do Itinerário formativo de aprofundamento (IFA) - Ciências humanas e sociais aplicadas em outra turma da mesma escola,,dicionário_dados_educação_básica_2025.xlsx
2025,Tabela_de_Matrícula,QT_MAT_MED_IFA_HUMA_OE,Número de Matrículas do Ensino Médio Regular - Área do Itinerário formativo de aprofundamento (IFA) - Ciências humanas e sociais aplicadas em outra escola,,dicionário_dados_educação_básica_2025.xlsx
2025,Tabela_de_Matrícula,QT_MAT_PROF,Número de Matrículas da Educação Profissional,"Modo profissionalizante de ensino correspondente às turmas de cursos técnicos de nível médio nas formas articuladas (integrada ou concomitante), ou subsequente ao ensino médio e de normal/magistério, e as turmas de cursos profissionalizantes não-técnicos. Inclui as seguintes etapas de ensino:            Ensino Médio articulado ao Itinerário Formativo Técnico Profissional - Curso Técnico, Ensino Médio Normal/Magistério, Curso Técnico Concomitante, Curso Técnico Subsequente,  Curso Técnico Integrado à EJA de Nível Médio, Itinerário Formativo Técnico Profissional Exclusivo - Curso Técnico (não articulado ao ensino médio regular), Curso FIC Concomitante, Curso FIC Integrado à EJA de Nível Fundamental, Curso FIC Integrado à EJA de Nível Médio, Ensino Médio articulado ao Itinerário Formativo Técnico Profissional - Qualificação Profissional e Itinerário Formativo Técnico Profissional Exclusivo - Qualificação Profissional (não articulado ao ensino médio regular).",dicionário_dados_educação_básica_2025.xlsx
2025,Tabela_de_Matrícula,QT_MAT_PROF_TEC,Número de Matrículas da Educação Profissional Técnica,"Modo profissionalizante de ensino correspondente às turmas de cursos técnicos de nível médio nas formas articuladas (integrada ou concomitante), ou subsequente ao ensino médio e de normal/magistério. Inclui as seguintes etapas de ensino: Ensino Médio articulado ao Itinerário Formativo Técnico Profissional - Curso Técnico, Ensino Médio Normal/Magistério, Curso Técnico Concomitante, Curso Técnico Subsequente,  Curso Técnico Integrado à EJA de Nível Médio, Itinerário Formativo Técnico Profissional Exclusivo - Curso Técnico (não articulado ao ensino médio regular).",dicionário_dados_educação_básica_2025.xlsx
2025,Tabela_de_Matrícula,QT_MAT_PROF_TEC_CONC,Número de Matrículas da Educação Profissional Técnica - Curso Técnico Concomitante,,dicionário_dados_educação_básica_2025.xlsx
2025,Tabela_de_Matrícula,QT_MAT_PROF_TEC_SUBS,Número de Matrículas da Educação Profissional Técnica - Curso Técnico Subsequente,,dicionário_dados_educação_básica_2025.xlsx
2025,Tabela_de_Matrícula,QT_MAT_PROF_TEC_IFTP_CT,Número de Matrículas da Educação Profissional Técnica - Itinerário Formativo Técnico Profissional (IFTP) Exclusivo - Curso Técnico (não articulado ao ensino médio regular),,dicionário_dados_educação_básica_2025.xlsx
2025,Tabela_de_Matrícula,QT_MAT_PROF_NAO_TEC,Número de Matrículas da Educação Profissional Não-Técnica,"A Educação Profissional Não-Técnica inclui matrículas nas seguintes etapas de ensino: Curso FIC Concomitante, Curso FIC Integrado à EJA de Nível Fundamental, Curso FIC Integrado à EJA de Nível Médio, Ensino Médio articulado ao Itinerário Formativo Técnico Profissional - Qualificação Profissional e Itinerário Formativo Técnico Profissional Exclusivo - Qualificação Profissional (não articulado ao ensino médio regular).",dicionário_dados_educação_básica_2025.xlsx
2025,Tabela_de_Matrícula,QT_MAT_PROF_IFTP_QP,Número de Matrículas da Educação Profissional - Itinerário Formativo Técnico Profissional (IFTP) Exclusivo - Qualificação Profissional (não articulado ao ensino médio regular),,dicionário_dados_educação_básica_2025.xlsx
2025,Tabela_de_Matrícula,QT_MAT_PROF_FIC_CONC,Número de Matrículas da Educação Profissional - Curso FIC Concomitante,,dicionário_dados_educação_básica_2025.xlsx
2025,Tabela_de_Matrícula,QT_MAT_EJA,Número de Matrículas da Educação de Jovens e Adultos (EJA),,dicionário_dados_educação_básica_2025.xlsx
2025,Tabela_de_Matrícula,QT_MAT_EJA_FUND,Número de Matrículas da Educação de Jovens e Adultos (EJA) - Ensino Fundamental,,dicionário_dados_educação_básica_2025.xlsx
2025,Tabela_de_Matrícula,QT_MAT_EJA_FUND_NPROF,Número de Matrículas da Educação de Jovens e Adultos (EJA) - Ensino Fundamental - Sem componente profissionalizante,Não inclui as matrículas do Curso FIC Integrado na Modalidade EJA de Nível Fundamental,dicionário_dados_educação_básica_2025.xlsx
2025,Tabela_de_Matrícula,QT_MAT_EJA_FUND_AI,Número de Matrículas da Educação de Jovens e Adultos (EJA) - Ensino Fundamental - Anos Iniciais,,dicionário_dados_educação_básica_2025.xlsx
2025,Tabela_de_Matrícula,QT_MAT_EJA_FUND_AF,Número de Matrículas da Educação de Jovens e Adultos (EJA) - Ensino Fundamental - Anos Finais,,dicionário_dados_educação_básica_2025.xlsx
2025,Tabela_de_Matrícula,QT_MAT_EJA_FUND_PJ,Número de Matrículas da Educação de Jovens e Adultos (EJA) - Ensino Fundamental - Projovem Urbano,,dicionário_dados_educação_básica_2025.xlsx
2025,Tabela_de_Matrícula,QT_MAT_EJA_FUND_AIAF,Número de Matrículas da Educação de Jovens e Adultos (EJA) - Ensino Fundamental - Anos Iniciais e Anos Finais,"Categoria de etapa de ensino existente na base de matrículas apenas em 2007. De 2008 a 2015 os alunos de turmas da EJA Anos iniciais e Anos finais, foram registrados separadamente como EJA anos iniciais ou EJA anos finais do Ensino Fundamental.",dicionário_dados_educação_básica_2025.xlsx
2025,Tabela_de_Matrícula,QT_MAT_EJA_FUND_FIC,Número de Matrículas da Educação de Jovens e Adultos (EJA) - Ensino Fundamental - Curso FIC Integrado na Modalidade EJA de Nível Fundamental,,dicionário_dados_educação_básica_2025.xlsx
2025,Tabela_de_Matrícula,QT_MAT_EJA_MED,Número de Matrículas da Educação de Jovens e Adultos (EJA) - Ensino Médio,"Inclui as matrículas da EJA - Ensino Médio, EJA - Ensino Médio - Curso FIC Integrado na Modalidade EJA de Nível Médio, e EJA - Ensino Médio - Curso Técnico Integrado na Modalidade EJA de Nível Médio",dicionário_dados_educação_básica_2025.xlsx
2025,Tabela_de_Matrícula,QT_MAT_EJA_MED_NPROF,Número de Matrículas da Educação de Jovens e Adultos (EJA) - Ensino Médio - Sem componente profissionalizante,Não inclui as matrículas do Curso FIC Integrado na Modalidade EJA de Nível Médio e do Curso Técnico Integrado na Modalidade EJA de Nível Médio,dicionário_dados_educação_básica_2025.xlsx
2025,Tabela_de_Matrícula,QT_MAT_EJA_MED_FIC,Número de Matrículas da Educação de Jovens e Adultos (EJA) - Ensino Médio - Curso FIC Integrado na Modalidade EJA de Nível Médio,,dicionário_dados_educação_básica_2025.xlsx
2025,Tabela_de_Matrícula,QT_MAT_EJA_MED_TEC,Número de Matrículas da Educação de Jovens e Adultos (EJA) - Ensino Médio - Curso Técnico Integrado na Modalidade EJA de Nível Médio,,dicionário_dados_educação_básica_2025.xlsx
2025,Tabela_de_Matrícula,QT_MAT_ESP,Número de Matrículas da Educação Especial,"Número de matrículas de alunos com alguma deficiência, transtorno do espectro autista ou altas habilidades/superdotação.",dicionário_dados_educação_básica_2025.xlsx
2025,Tabela_de_Matrícula,QT_MAT_ESP_INF,Número de Matrículas da Educação Especial - Educação Infantil,,dicionário_dados_educação_básica_2025.xlsx
2025,Tabela_de_Matrícula,QT_MAT_ESP_INF_CRE,Número de Matrículas da Educação Especial - Educação Infantil - Creche,,dicionário_dados_educação_básica_2025.xlsx
2025,Tabela_de_Matrícula,QT_MAT_ESP_INF_PRE,Número de Matrículas da Educação Especial - Educação Infantil - Pré-Escola,,dicionário_dados_educação_básica_2025.xlsx
2025,Tabela_de_Matrícula,QT_MAT_ESP_FUND,Número de Matrículas da Educação Especial - Ensino Fundamental,,dicionário_dados_educação_básica_2025.xlsx
2025,Tabela_de_Matrícula,QT_MAT_ESP_FUND_AI,Número de Matrículas da Educação Especial - Ensino Fundamental - Anos Iniciais,,dicionário_dados_educação_básica_2025.xlsx
2025,Tabela_de_Matrícula,QT_MAT_ESP_FUND_AF,Número de Matrículas da Educação Especial - Ensino Fundamental - Anos Finais,,dicionário_dados_educação_básica_2025.xlsx
2025,Tabela_de_Matrícula,QT_MAT_ESP_MED,Número de Matrículas da Educação Especial - Ensino Médio,,dicionário_dados_educação_básica_2025.xlsx
2025,Tabela_de_Matrícula,QT_MAT_ESP_PROF,Número de Matrículas da Educação Especial - Educação Profissional,,dicionário_dados_educação_básica_2025.xlsx
2025,Tabela_de_Matrícula,QT_MAT_ESP_PROF_TEC,Número de Matrículas da Educação Especial - Educação Profissional Técnica,,dicionário_dados_educação_básica_2025.xlsx
2025,Tabela_de_Matrícula,QT_MAT_ESP_EJA,Número de Matrículas da Educação Especial - Educação de Jovens e Adultos (EJA),,dicionário_dados_educação_básica_2025.xlsx
2025,Tabela_de_Matrícula,QT_MAT_ESP_EJA_FUND,Número de Matrículas da Educação Especial - Educação de Jovens e Adultos (EJA) - Ensino Fundamental,,dicionário_dados_educação_básica_2025.xlsx
2025,Tabela_de_Matrícula,QT_MAT_ESP_EJA_MED,Número de Matrículas da Educação Especial - Educação de Jovens e Adultos (EJA) - Ensino Médio,,dicionário_dados_educação_básica_2025.xlsx
2025,Tabela_de_Matrícula,QT_MAT_ESP_CC,Número de Matrículas da Educação Especial em Classes Comuns,"Número de matrículas de alunos com alguma deficiência, transtorno do espectro autista ou altas habilidades/superdotação em Classes Comuns do Ensino Regular e/ou Educação de Jovens Adultos (EJA).",dicionário_dados_educação_básica_2025.xlsx
2025,Tabela_de_Matrícula,QT_MAT_ESP_CC_INF,Número de Matrículas da Educação Especial em Classes Comuns - Educação Infantil,,dicionário_dados_educação_básica_2025.xlsx
2025,Tabela_de_Matrícula,QT_MAT_ESP_CC_INF_CRE,Número de Matrículas da Educação Especial em Classes Comuns - Educação Infantil - Creche,,dicionário_dados_educação_básica_2025.xlsx
2025,Tabela_de_Matrícula,QT_MAT_ESP_CC_INF_PRE,Número de Matrículas da Educação Especial em Classes Comuns - Educação Infantil - Pré-Escola,,dicionário_dados_educação_básica_2025.xlsx
2025,Tabela_de_Matrícula,QT_MAT_ESP_CC_FUND,Número de Matrículas da Educação Especial em Classes Comuns - Ensino Fundamental,,dicionário_dados_educação_básica_2025.xlsx
2025,Tabela_de_Matrícula,QT_MAT_ESP_CC_FUND_AI,Número de Matrículas da Educação Especial em Classes Comuns - Ensino Fundamental - Anos Iniciais,,dicionário_dados_educação_básica_2025.xlsx
2025,Tabela_de_Matrícula,QT_MAT_ESP_CC_FUND_AF,Número de Matrículas da Educação Especial em Classes Comuns - Ensino Fundamental - Anos Finais,,dicionário_dados_educação_básica_2025.xlsx
2025,Tabela_de_Matrícula,QT_MAT_ESP_CC_MED,Número de Matrículas da Educação Especial em Classes Comuns - Ensino Médio,,dicionário_dados_educação_básica_2025.xlsx
2025,Tabela_de_Matrícula,QT_MAT_ESP_CC_PROF,Número de Matrículas da Educação Especial em Classes Comuns - Educação Profissional,,dicionário_dados_educação_básica_2025.xlsx
2025,Tabela_de_Matrícula,QT_MAT_ESP_CC_PROF_TEC,Número de Matrículas da Educação Especial em Classes Comuns - Educação Profissional Técnica,,dicionário_dados_educação_básica_2025.xlsx
2025,Tabela_de_Matrícula,QT_MAT_ESP_CC_EJA,Número de Matrículas da Educação Especial em Classes Comuns - Educação de Jovens e Adultos (EJA),,dicionário_dados_educação_básica_2025.xlsx
2025,Tabela_de_Matrícula,QT_MAT_ESP_CC_EJA_FUND,Número de Matrículas da Educação Especial em Classes Comuns - Educação de Jovens e Adultos (EJA) - Ensino Fundamental,,dicionário_dados_educação_básica_2025.xlsx
2025,Tabela_de_Matrícula,QT_MAT_ESP_CC_EJA_MED,Número de Matrículas da Educação Especial em Classes Comuns - Educação de Jovens e Adultos (EJA) - Ensino Médio,,dicionário_dados_educação_básica_2025.xlsx
2025,Tabela_de_Matrícula,QT_MAT_ESP_CE,Número de Matrículas da Educação Especial em Classes Exclusivas,"Número de matrículas de alunos com alguma deficiência, transtorno do espectro autista ou altas habilidades/superdotação em Classes Exclusivas (Escolas exclusivamente especializadas e/ou em classes especiais do Ensino Regular e/ou Educação de Jovens e Adultos (EJA))",dicionário_dados_educação_básica_2025.xlsx
2025,Tabela_de_Matrícula,QT_MAT_ESP_CE_INF,Número de Matrículas da Educação Especial em Classes Exclusivas - Educação Infantil,,dicionário_dados_educação_básica_2025.xlsx
2025,Tabela_de_Matrícula,QT_MAT_ESP_CE_INF_CRE,Número de Matrículas da Educação Especial em Classes Exclusivas - Educação Infantil - Creche,,dicionário_dados_educação_básica_2025.xlsx
2025,Tabela_de_Matrícula,QT_MAT_ESP_CE_INF_PRE,Número de Matrículas da Educação Especial em Classes Exclusivas - Educação Infantil - Pré-Escola,,dicionário_dados_educação_básica_2025.xlsx
2025,Tabela_de_Matrícula,QT_MAT_ESP_CE_FUND,Número de Matrículas da Educação Especial em Classes Exclusivas - Ensino Fundamental,,dicionário_dados_educação_básica_2025.xlsx
2025,Tabela_de_Matrícula,QT_MAT_ESP_CE_FUND_AI,Número de Matrículas da Educação Especial em Classes Exclusivas - Ensino Fundamental - Anos Iniciais,,dicionário_dados_educação_básica_2025.xlsx
2025,Tabela_de_Matrícula,QT_MAT_ESP_CE_FUND_AF,Número de Matrículas da Educação Especial em Classes Exclusivas - Ensino Fundamental - Anos Finais,,dicionário_dados_educação_básica_2025.xlsx
2025,Tabela_de_Matrícula,QT_MAT_ESP_CE_MED,Número de Matrículas da Educação Especial em Classes Exclusivas - Ensino Médio,,dicionário_dados_educação_básica_2025.xlsx
2025,Tabela_de_Matrícula,QT_MAT_ESP_CE_PROF,Número de Matrículas da Educação Especial em Classes Exclusivas - Educação Profissional,,dicionário_dados_educação_básica_2025.xlsx
2025,Tabela_de_Matrícula,QT_MAT_ESP_CE_PROF_TEC,Número de Matrículas da Educação Especial em Classes Exclusivas - Educação Profissional Técnica,,dicionário_dados_educação_básica_2025.xlsx
2025,Tabela_de_Matrícula,QT_MAT_ESP_CE_EJA,Número de Matrículas da Educação Especial em Classes Exclusivas - Educação de Jovens e Adultos (EJA),,dicionário_dados_educação_básica_2025.xlsx
2025,Tabela_de_Matrícula,QT_MAT_ESP_CE_EJA_FUND,Número de Matrículas da Educação Especial em Classes Exclusivas - Educação de Jovens e Adultos (EJA) - Ensino Fundamental,,dicionário_dados_educação_básica_2025.xlsx
2025,Tabela_de_Matrícula,QT_MAT_ESP_CE_EJA_MED,Número de Matrículas da Educação Especial em Classes Exclusivas - Educação de Jovens e Adultos (EJA) - Ensino Médio,,dicionário_dados_educação_básica_2025.xlsx
2025,Tabela_de_Matrícula,QT_MAT_BAS_FEM,Número de Matrículas da Educação Básica - Feminino,,dicionário_dados_educação_básica_2025.xlsx
2025,Tabela_de_Matrícula,QT_MAT_BAS_MASC,Número de Matrículas da Educação Básica - Masculino,,dicionário_dados_educação_básica_2025.xlsx
2025,Tabela_de_Matrícula,QT_MAT_BAS_ND,Número de Matrículas da Educação Básica - Cor/Raça Não Declarada,,dicionário_dados_educação_básica_2025.xlsx
2025,Tabela_de_Matrícula,QT_MAT_BAS_BRANCA,Número de Matrículas da Educação Básica - Cor/Raça Branca,,dicionário_dados_educação_básica_2025.xlsx
2025,Tabela_de_Matrícula,QT_MAT_BAS_PRETA,Número de Matrículas da Educação Básica - Cor/Raça Preta,,dicionário_dados_educação_básica_2025.xlsx
2025,Tabela_de_Matrícula,QT_MAT_BAS_PARDA,Número de Matrículas da Educação Básica - Cor/Raça Parda,,dicionário_dados_educação_básica_2025.xlsx
2025,Tabela_de_Matrícula,QT_MAT_BAS_AMARELA,Número de Matrículas da Educação Básica - Cor/Raça Amarela,,dicionário_dados_educação_básica_2025.xlsx
2025,Tabela_de_Matrícula,QT_MAT_BAS_INDIGENA,Número de Matrículas da Educação Básica - Cor/Raça Indígena,,dicionário_dados_educação_básica_2025.xlsx
2025,Tabela_de_Matrícula,QT_MAT_BAS_0_3,Número de Matrículas da Educação Básica - Até 3 anos de idade na data de referência do Censo Escolar (última quarta-feira do mês de maio de 2025),Faixa etária calculada com base na idade do aluno na data de referência do Censo Escolar (última quarta-feira do mês de maio),dicionário_dados_educação_básica_2025.xlsx
2025,Tabela_de_Matrícula,QT_MAT_BAS_4_5,Número de Matrículas da Educação Básica - Entre 4 e 5 anos de idade na data de referência do Censo Escolar (última quarta-feira do mês de maio de 2025),,dicionário_dados_educação_básica_2025.xlsx
2025,Tabela_de_Matrícula,QT_MAT_BAS_6_10,Número de Matrículas da Educação Básica - Entre 6 e 10 anos de idade na data de referência do Censo Escolar (última quarta-feira do mês de maio de 2025),,dicionário_dados_educação_básica_2025.xlsx
2025,Tabela_de_Matrícula,QT_MAT_BAS_11_14,Número de Matrículas da Educação Básica - Entre 11 e 14 anos de idade na data de referência do Censo Escolar (última quarta-feira do mês de maio de 2025),,dicionário_dados_educação_básica_2025.xlsx
2025,Tabela_de_Matrícula,QT_MAT_BAS_15_17,Número de Matrículas da Educação Básica - Entre 15 e 17 anos de idade na data de referência do Censo Escolar (última quarta-feira do mês de maio de 2025),,dicionário_dados_educação_básica_2025.xlsx
2025,Tabela_de_Matrícula,QT_MAT_BAS_18_MAIS,Número de Matrículas da Educação Básica - Com 18 ou mais anos de idade na data de referência do Censo Escolar (última quarta-feira do mês de maio de 2025),,dicionário_dados_educação_básica_2025.xlsx
2025,Tabela_de_Matrícula,QT_MAT_BAS_0_3_REF_31_03,Número de Matrículas da Educação Básica - Até 3 anos de idade na data de referência (31 de março de 2025),"Faixa etária calculada com base na idade do aluno na data de referência fixada pelo Conselho Nacional de Educação, correspondente a 31 de março, em conformidade com a Resolução CNE/CEB nº 05/2009",dicionário_dados_educação_básica_2025.xlsx
2025,Tabela_de_Matrícula,QT_MAT_BAS_4_5_REF_31_03,Número de Matrículas da Educação Básica - Entre 4 e 5 anos de idade na data de referência (31 de março de 2025),,dicionário_dados_educação_básica_2025.xlsx
2025,Tabela_de_Matrícula,QT_MAT_BAS_6_10_REF_31_03,Número de Matrículas da Educação Básica - Entre 6 e 10 anos de idade na data de referência (31 de março de 2025),,dicionário_dados_educação_básica_2025.xlsx
2025,Tabela_de_Matrícula,QT_MAT_BAS_11_14_REF_31_03,Número de Matrículas da Educação Básica - Entre 11 e 14 anos de idade na data de referência (31 de março de 2025),,dicionário_dados_educação_básica_2025.xlsx
2025,Tabela_de_Matrícula,QT_MAT_BAS_15_17_REF_31_03,Número de Matrículas da Educação Básica - Entre 15 e 17 anos de idade na data de referência (31 de março de 2025),,dicionário_dados_educação_básica_2025.xlsx
2025,Tabela_de_Matrícula,QT_MAT_BAS_18_MAIS_REF_31_03,Número de Matrículas da Educação Básica - Com 18 ou mais anos de idade na data de referência do Censo Escolar (última quarta-feira do mês de maio de 2025),,dicionário_dados_educação_básica_2025.xlsx
2025,Tabela_de_Matrícula,QT_MAT_BAS_D,Número de Matrículas da Educação Básica - Turno Diurno,Diurno - Quando a maior parte das atividades da turma são realizadas no período entre 6h e 17:59h.,dicionário_dados_educação_básica_2025.xlsx
2025,Tabela_de_Matrícula,QT_MAT_BAS_DM,Número de Matrículas da Educação Básica - Turno Diurno - Matutino,Diurno Matutino - Quando a maior parte das atividades da turma são realizadas no período entre 6h e 11:59h.,dicionário_dados_educação_básica_2025.xlsx
2025,Tabela_de_Matrícula,QT_MAT_BAS_DV,Número de Matrículas da Educação Básica - Turno Diurno - Vespertino,Diurno Vespertino - Quando a maior parte das atividades da turma são realizadas no período entre 12h e 17:59h.,dicionário_dados_educação_básica_2025.xlsx
2025,Tabela_de_Matrícula,QT_MAT_BAS_N,Número de Matrículas da Educação Básica - Turno Noturno,Noturno - quando a maior parte das atividades da turma são realizadas entre 18h e 5:59h.,dicionário_dados_educação_básica_2025.xlsx
2025,Tabela_de_Matrícula,QT_MAT_BAS_EAD,Número de Matrículas da Educação Básica - Turno não aplicável  para turmas semipresenciais ou de Educação a Distância (EAD),,dicionário_dados_educação_básica_2025.xlsx
2025,Tabela_de_Matrícula,QT_MAT_INF_CRE_D,Número de Matrículas da Educação Infantil - Creche - Turno Diurno,Diurno - Quando a maior parte das atividades da turma são realizadas no período entre 6h e 17:59h.,dicionário_dados_educação_básica_2025.xlsx
2025,Tabela_de_Matrícula,QT_MAT_INF_CRE_DM,Número de Matrículas da Educação Infantil - Creche - Turno Diurno - Matutino,Diurno Matutino - Quando a maior parte das atividades da turma são realizadas no período entre 6h e 11:59h.,dicionário_dados_educação_básica_2025.xlsx
2025,Tabela_de_Matrícula,QT_MAT_INF_CRE_DV,Número de Matrículas da Educação Infantil - Creche - Turno Diurno - Vespertino,Diurno Vespertino - Quando a maior parte das atividades da turma são realizadas no período entre 12h e 17:59h.,dicionário_dados_educação_básica_2025.xlsx
2025,Tabela_de_Matrícula,QT_MAT_INF_CRE_N,Número de Matrículas da Educação Infantil - Creche - Turno Noturno,Noturno - quando a maior parte das atividades da turma são realizadas entre 18h e 5:59h.,dicionário_dados_educação_básica_2025.xlsx
2025,Tabela_de_Matrícula,QT_MAT_INF_PRE_D,Número de Matrículas da Educação Infantil - Pré-Escola - Turno Diurno,Diurno - Quando a maior parte das atividades da turma são realizadas no período entre 6h e 17:59h.,dicionário_dados_educação_básica_2025.xlsx
2025,Tabela_de_Matrícula,QT_MAT_INF_PRE_DM,Número de Matrículas da Educação Infantil - Pré-Escola - Turno Diurno - Matutino,Diurno Matutino - Quando a maior parte das atividades da turma são realizadas no período entre 6h e 11:59h.,dicionário_dados_educação_básica_2025.xlsx
2025,Tabela_de_Matrícula,QT_MAT_INF_PRE_DV,Número de Matrículas da Educação Infantil - Pré-Escola - Turno Diurno - Vespertino,Diurno Vespertino - Quando a maior parte das atividades da turma são realizadas no período entre 12h e 17:59h.,dicionário_dados_educação_básica_2025.xlsx
2025,Tabela_de_Matrícula,QT_MAT_INF_PRE_N,Número de Matrículas da Educação Infantil - Pré-Escola - Turno Noturno,Noturno - quando a maior parte das atividades da turma são realizadas entre 18h e 5:59h.,dicionário_dados_educação_básica_2025.xlsx
2025,Tabela_de_Matrícula,QT_MAT_FUND_D,Número de Matrículas do Ensino Fundamental - Turno Diurno,Diurno - Quando a maior parte das atividades da turma são realizadas no período entre 6h e 17:59h.,dicionário_dados_educação_básica_2025.xlsx
2025,Tabela_de_Matrícula,QT_MAT_FUND_DM,Número de Matrículas do Ensino Fundamental - Turno Diurno - Matutino,Diurno Matutino - Quando a maior parte das atividades da turma são realizadas no período entre 6h e 11:59h.,dicionário_dados_educação_básica_2025.xlsx
2025,Tabela_de_Matrícula,QT_MAT_FUND_DV,Número de Matrículas do Ensino Fundamental - Turno Diurno - Vespertino,Diurno Vespertino - Quando a maior parte das atividades da turma são realizadas no período entre 12h e 17:59h.,dicionário_dados_educação_básica_2025.xlsx
2025,Tabela_de_Matrícula,QT_MAT_FUND_N,Número de Matrículas do Ensino Fundamental - Turno Noturno,Noturno - quando a maior parte das atividades da turma são realizadas entre 18h e 5:59h.,dicionário_dados_educação_básica_2025.xlsx
2025,Tabela_de_Matrícula,QT_MAT_FUND_AI_D,Número de Matrículas do Ensino Fundamental - Anos Iniciais - Turno Diurno,Diurno - Quando a maior parte das atividades da turma são realizadas no período entre 6h e 17:59h.,dicionário_dados_educação_básica_2025.xlsx
2025,Tabela_de_Matrícula,QT_MAT_FUND_AI_DM,Número de Matrículas do Ensino Fundamental - Anos Iniciais - Turno Diurno - Matutino,Diurno Matutino - Quando a maior parte das atividades da turma são realizadas no período entre 6h e 11:59h.,dicionário_dados_educação_básica_2025.xlsx
2025,Tabela_de_Matrícula,QT_MAT_FUND_AI_DV,Número de Matrículas do Ensino Fundamental - Anos Iniciais - Turno Diurno - Vespertino,Diurno Vespertino - Quando a maior parte das atividades da turma são realizadas no período entre 12h e 17:59h.,dicionário_dados_educação_básica_2025.xlsx
2025,Tabela_de_Matrícula,QT_MAT_FUND_AI_N,Número de Matrículas do Ensino Fundamental - Anos Iniciais - Turno Noturno,Noturno - quando a maior parte das atividades da turma são realizadas entre 18h e 5:59h.,dicionário_dados_educação_básica_2025.xlsx
2025,Tabela_de_Matrícula,QT_MAT_FUND_AF_D,Número de Matrículas do Ensino Fundamental - Anos Finais - Turno Diurno,Diurno - Quando a maior parte das atividades da turma são realizadas no período entre 6h e 17:59h.,dicionário_dados_educação_básica_2025.xlsx
2025,Tabela_de_Matrícula,QT_MAT_FUND_AF_DM,Número de Matrículas do Ensino Fundamental - Anos Finais - Turno Diurno - Matutino,Diurno Matutino - Quando a maior parte das atividades da turma são realizadas no período entre 6h e 11:59h.,dicionário_dados_educação_básica_2025.xlsx
2025,Tabela_de_Matrícula,QT_MAT_FUND_AF_DV,Número de Matrículas do Ensino Fundamental - Anos Finais - Turno Diurno - Vespertino,Diurno Vespertino - Quando a maior parte das atividades da turma são realizadas no período entre 12h e 17:59h.,dicionário_dados_educação_básica_2025.xlsx
2025,Tabela_de_Matrícula,QT_MAT_FUND_AF_N,Número de Matrículas do Ensino Fundamental - Anos Finais - Turno Noturno,Noturno - quando a maior parte das atividades da turma são realizadas entre 18h e 5:59h.,dicionário_dados_educação_básica_2025.xlsx
2025,Tabela_de_Matrícula,QT_MAT_MED_D,Número de Matrículas do Ensino Médio - Turno Diurno,Diurno - Quando a maior parte das atividades da turma são realizadas no período entre 6h e 17:59h.,dicionário_dados_educação_básica_2025.xlsx
2025,Tabela_de_Matrícula,QT_MAT_MED_DM,Número de Matrículas do Ensino Médio - Turno Diurno - Matutino,Diurno Matutino - Quando a maior parte das atividades da turma são realizadas no período entre 6h e 11:59h.,dicionário_dados_educação_básica_2025.xlsx
2025,Tabela_de_Matrícula,QT_MAT_MED_DV,Número de Matrículas do Ensino Médio - Turno Diurno - Vespertino,Diurno Vespertino - Quando a maior parte das atividades da turma são realizadas no período entre 12h e 17:59h.,dicionário_dados_educação_básica_2025.xlsx
2025,Tabela_de_Matrícula,QT_MAT_MED_N,Número de Matrículas do Ensino Médio - Turno Noturno,Noturno - quando a maior parte das atividades da turma são realizadas entre 18h e 5:59h.,dicionário_dados_educação_básica_2025.xlsx
2025,Tabela_de_Matrícula,QT_MAT_MED_EAD,Número de Matrículas do Ensino Médio - Turno não aplicável  para turmas semipresenciais ou de Educação a Distância (EAD),,dicionário_dados_educação_básica_2025.xlsx
2025,Tabela_de_Matrícula,QT_MAT_PROF_D,Número de Matrículas da Educação Profissional - Turno Diurno,Diurno - Quando a maior parte das atividades da turma são realizadas no período entre 6h e 17:59h.,dicionário_dados_educação_básica_2025.xlsx
2025,Tabela_de_Matrícula,QT_MAT_PROF_DM,Número de Matrículas da Educação Profissional - Turno Diurno - Matutino,Diurno Matutino - Quando a maior parte das atividades da turma são realizadas no período entre 6h e 11:59h.,dicionário_dados_educação_básica_2025.xlsx
2025,Tabela_de_Matrícula,QT_MAT_PROF_DV,Número de Matrículas da Educação Profissional - Turno Diurno - Vespertino,Diurno Vespertino - Quando a maior parte das atividades da turma são realizadas no período entre 12h e 17:59h.,dicionário_dados_educação_básica_2025.xlsx
2025,Tabela_de_Matrícula,QT_MAT_PROF_N,Número de Matrículas da Educação Profissional - Turno Noturno,Noturno - quando a maior parte das atividades da turma são realizadas entre 18h e 5:59h.,dicionário_dados_educação_básica_2025.xlsx
2025,Tabela_de_Matrícula,QT_MAT_PROF_EAD,Número de Matrículas da Educação Profissional - Turno não aplicável  para turmas semipresenciais ou de Educação a Distância (EAD),,dicionário_dados_educação_básica_2025.xlsx
2025,Tabela_de_Matrícula,QT_MAT_PROF_TEC_D,Número de Matrículas da Educação Profissional Técnica - Turno Diurno,Diurno - Quando a maior parte das atividades da turma são realizadas no período entre 6h e 17:59h.,dicionário_dados_educação_básica_2025.xlsx
2025,Tabela_de_Matrícula,QT_MAT_PROF_TEC_DM,Número de Matrículas da Educação Profissional Técnica - Turno Diurno - Matutino,Diurno Matutino - Quando a maior parte das atividades da turma são realizadas no período entre 6h e 11:59h.,dicionário_dados_educação_básica_2025.xlsx
2025,Tabela_de_Matrícula,QT_MAT_PROF_TEC_DV,Número de Matrículas da Educação Profissional Técnica - Turno Diurno - Vespertino,Diurno Vespertino - Quando a maior parte das atividades da turma são realizadas no período entre 12h e 17:59h.,dicionário_dados_educação_básica_2025.xlsx
2025,Tabela_de_Matrícula,QT_MAT_PROF_TEC_N,Número de Matrículas da Educação Profissional Técnica - Turno Noturno,Noturno - quando a maior parte das atividades da turma são realizadas entre 18h e 5:59h.,dicionário_dados_educação_básica_2025.xlsx
2025,Tabela_de_Matrícula,QT_MAT_PROF_TEC_EAD,Número de Matrículas da Educação Profissional Técnica - Turno não aplicável  para turmas semipresenciais ou de Educação a Distância (EAD),,dicionário_dados_educação_básica_2025.xlsx
2025,Tabela_de_Matrícula,QT_MAT_EJA_D,Número de Matrículas da Educação de Jovens e Adultos (EJA) - Turno Diurno,Diurno - Quando a maior parte das atividades da turma são realizadas no período entre 6h e 17:59h.,dicionário_dados_educação_básica_2025.xlsx
2025,Tabela_de_Matrícula,QT_MAT_EJA_DM,Número de Matrículas da Educação de Jovens e Adultos (EJA) - Turno Diurno - Matutino,Diurno Matutino - Quando a maior parte das atividades da turma são realizadas no período entre 6h e 11:59h.,dicionário_dados_educação_básica_2025.xlsx
2025,Tabela_de_Matrícula,QT_MAT_EJA_DV,Número de Matrículas da Educação de Jovens e Adultos (EJA) - Turno Diurno - Vespertino,Diurno Vespertino - Quando a maior parte das atividades da turma são realizadas no período entre 12h e 17:59h.,dicionário_dados_educação_básica_2025.xlsx
2025,Tabela_de_Matrícula,QT_MAT_EJA_N,Número de Matrículas da Educação de Jovens e Adultos (EJA) - Turno Noturno,Noturno - quando a maior parte das atividades da turma são realizadas entre 18h e 5:59h.,dicionário_dados_educação_básica_2025.xlsx
2025,Tabela_de_Matrícula,QT_MAT_EJA_EAD,Número de Matrículas da Educação de Jovens e Adultos (EJA) - Turno não aplicável  para turmas semipresenciais ou de Educação a Distância (EAD),,dicionário_dados_educação_básica_2025.xlsx
2025,Tabela_de_Matrícula,QT_MAT_EJA_FUND_D,Número de Matrículas da Educação de Jovens e Adultos (EJA) - Ensino Fundamental - Turno Diurno,Diurno - Quando a maior parte das atividades da turma são realizadas no período entre 6h e 17:59h.,dicionário_dados_educação_básica_2025.xlsx
2025,Tabela_de_Matrícula,QT_MAT_EJA_FUND_DM,Número de Matrículas da Educação de Jovens e Adultos (EJA) - Ensino Fundamental - Turno Diurno - Matutino,Diurno Matutino - Quando a maior parte das atividades da turma são realizadas no período entre 6h e 11:59h.,dicionário_dados_educação_básica_2025.xlsx
2025,Tabela_de_Matrícula,QT_MAT_EJA_FUND_DV,Número de Matrículas da Educação de Jovens e Adultos (EJA) - Ensino Fundamental - Turno Diurno - Vespertino,Diurno Vespertino - Quando a maior parte das atividades da turma são realizadas no período entre 12h e 17:59h.,dicionário_dados_educação_básica_2025.xlsx
2025,Tabela_de_Matrícula,QT_MAT_EJA_FUND_N,Número de Matrículas da Educação de Jovens e Adultos (EJA) - Ensino Fundamental - Turno Noturno,Noturno - quando a maior parte das atividades da turma são realizadas entre 18h e 5:59h.,dicionário_dados_educação_básica_2025.xlsx
2025,Tabela_de_Matrícula,QT_MAT_EJA_FUND_EAD,Número de Matrículas da Educação de Jovens e Adultos (EJA) - Ensino Fundamental - Turno não aplicável  para turmas semipresenciais ou de Educação a Distância (EAD),,dicionário_dados_educação_básica_2025.xlsx
2025,Tabela_de_Matrícula,QT_MAT_EJA_MED_D,Número de Matrículas da Educação de Jovens e Adultos (EJA) - Ensino Médio - Turno Diurno,Diurno - Quando a maior parte das atividades da turma são realizadas no período entre 6h e 17:59h.,dicionário_dados_educação_básica_2025.xlsx
2025,Tabela_de_Matrícula,QT_MAT_EJA_MED_DM,Número de Matrículas da Educação de Jovens e Adultos (EJA) - Ensino Médio - Turno Diurno - Matutino,Diurno Matutino - Quando a maior parte das atividades da turma são realizadas no período entre 6h e 11:59h.,dicionário_dados_educação_básica_2025.xlsx
2025,Tabela_de_Matrícula,QT_MAT_EJA_MED_DV,Número de Matrículas da Educação de Jovens e Adultos (EJA) - Ensino Médio - Turno Diurno - Vespertino,Diurno Vespertino - Quando a maior parte das atividades da turma são realizadas no período entre 12h e 17:59h.,dicionário_dados_educação_básica_2025.xlsx
2025,Tabela_de_Matrícula,QT_MAT_EJA_MED_N,Número de Matrículas da Educação de Jovens e Adultos (EJA) - Ensino Médio - Turno Noturno,Noturno - quando a maior parte das atividades da turma são realizadas entre 18h e 5:59h.,dicionário_dados_educação_básica_2025.xlsx
2025,Tabela_de_Matrícula,QT_MAT_EJA_MED_EAD,Número de Matrículas da Educação de Jovens e Adultos (EJA) - Ensino Médio - Turno não aplicável  para turmas semipresenciais ou de Educação a Distância (EAD),,dicionário_dados_educação_básica_2025.xlsx
2025,Tabela_de_Matrícula,QT_MAT_ESP_D,Número de Matrículas da Educação Especial - Turno Diurno,Diurno - Quando a maior parte das atividades da turma são realizadas no período entre 6h e 17:59h.,dicionário_dados_educação_básica_2025.xlsx
2025,Tabela_de_Matrícula,QT_MAT_ESP_DM,Número de Matrículas da Educação Especial - Turno Diurno - Matutino,Diurno Matutino - Quando a maior parte das atividades da turma são realizadas no período entre 6h e 11:59h.,dicionário_dados_educação_básica_2025.xlsx
2025,Tabela_de_Matrícula,QT_MAT_ESP_DV,Número de Matrículas da Educação Especial - Turno Diurno - Vespertino,Diurno Vespertino - Quando a maior parte das atividades da turma são realizadas no período entre 12h e 17:59h.,dicionário_dados_educação_básica_2025.xlsx
2025,Tabela_de_Matrícula,QT_MAT_ESP_N,Número de Matrículas da Educação Especial - Turno Noturno,Noturno - quando a maior parte das atividades da turma são realizadas entre 18h e 5:59h.,dicionário_dados_educação_básica_2025.xlsx
2025,Tabela_de_Matrícula,QT_MAT_ESP_EAD,Número de Matrículas da Educação Especial - Turno não aplicável  para turmas semipresenciais ou de Educação a Distância (EAD),,dicionário_dados_educação_básica_2025.xlsx
2025,Tabela_de_Matrícula,QT_MAT_ESP_CC_D,Número de Matrículas da Educação Especial em Classes Comuns - Turno Diurno,Diurno - Quando a maior parte das atividades da turma são realizadas no período entre 6h e 17:59h.,dicionário_dados_educação_básica_2025.xlsx
2025,Tabela_de_Matrícula,QT_MAT_ESP_CC_DM,Número de Matrículas da Educação Especial em Classes Comuns - Turno Diurno - Matutino,Diurno Matutino - Quando a maior parte das atividades da turma são realizadas no período entre 6h e 11:59h.,dicionário_dados_educação_básica_2025.xlsx
2025,Tabela_de_Matrícula,QT_MAT_ESP_CC_DV,Número de Matrículas da Educação Especial em Classes Comuns - Turno Diurno - Vespertino,Diurno Vespertino - Quando a maior parte das atividades da turma são realizadas no período entre 12h e 17:59h.,dicionário_dados_educação_básica_2025.xlsx
2025,Tabela_de_Matrícula,QT_MAT_ESP_CC_N,Número de Matrículas da Educação Especial em Classes Comuns - Turno Noturno,Noturno - quando a maior parte das atividades da turma são realizadas entre 18h e 5:59h.,dicionário_dados_educação_básica_2025.xlsx
2025,Tabela_de_Matrícula,QT_MAT_ESP_CC_EAD,Número de Matrículas da Educação Especial em Classes Comuns - Turno não aplicável  para turmas semipresenciais ou de Educação a Distância (EAD),,dicionário_dados_educação_básica_2025.xlsx
2025,Tabela_de_Matrícula,QT_MAT_ESP_CE_D,Número de Matrículas da Educação Especial em Classes Exclusivas - Turno Diurno,Diurno - Quando a maior parte das atividades da turma são realizadas no período entre 6h e 17:59h.,dicionário_dados_educação_básica_2025.xlsx
2025,Tabela_de_Matrícula,QT_MAT_ESP_CE_DM,Número de Matrículas da Educação Especial em Classes Exclusivas - Turno Diurno - Matutino,Diurno Matutino - Quando a maior parte das atividades da turma são realizadas no período entre 6h e 11:59h.,dicionário_dados_educação_básica_2025.xlsx
2025,Tabela_de_Matrícula,QT_MAT_ESP_CE_DV,Número de Matrículas da Educação Especial em Classes Exclusivas - Turno Diurno - Vespertino,Diurno Vespertino - Quando a maior parte das atividades da turma são realizadas no período entre 12h e 17:59h.,dicionário_dados_educação_básica_2025.xlsx
2025,Tabela_de_Matrícula,QT_MAT_ESP_CE_N,Número de Matrículas da Educação Especial em Classes Exclusivas - Turno Noturno,Noturno - quando a maior parte das atividades da turma são realizadas entre 18h e 5:59h.,dicionário_dados_educação_básica_2025.xlsx
2025,Tabela_de_Matrícula,QT_MAT_ESP_CE_EAD,Número de Matrículas da Educação Especial em Classes Exclusivas - Turno não aplicável  para turmas semipresenciais ou de Educação a Distância (EAD),,dicionário_dados_educação_básica_2025.xlsx
2025,Tabela_de_Matrícula,QT_MAT_BAS_INT,Número de Matrículas da Educação Básica - Tempo Integral,,dicionário_dados_educação_básica_2025.xlsx
2025,Tabela_de_Matrícula,QT_MAT_INF_INT,Número de Matrículas da Educação Infantil - Tempo Integral,"Considera-se em tempo integral, o tempo de permanência semanal do aluno na turma de escolarização presencial (minutos/semana) maior ou igual a 35 horas semanais, e os que estão em turmas de escolarização presenciais com carga horária menor que 35 horas semanais, mas que somado ao tempo de permanência semanal em turmas de atividade complementar (mesma rede ou outra rede), de atendimento educacional especializado (mesma rede ou outra rede) e em turmas exclusivas de itinerário formativo  (mesma rede ou outra rede),  atinja as 35 horas ou mais.",dicionário_dados_educação_básica_2025.xlsx
2025,Tabela_de_Matrícula,QT_MAT_INF_CRE_INT,Número de Matrículas da Educação Infantil - Creche - Tempo Integral,,dicionário_dados_educação_básica_2025.xlsx
2025,Tabela_de_Matrícula,QT_MAT_INF_PRE_INT,Número de Matrículas da Educação Infantil - Pré-Escola - Tempo Integral,,dicionário_dados_educação_básica_2025.xlsx
2025,Tabela_de_Matrícula,QT_MAT_FUND_INT,Número de Matrículas do Ensino Fundamental - Tempo Integral,,dicionário_dados_educação_básica_2025.xlsx
2025,Tabela_de_Matrícula,QT_MAT_FUND_AI_INT,Número de Matrículas do Ensino Fundamental - Anos Iniciais - Tempo Integral,,dicionário_dados_educação_básica_2025.xlsx
2025,Tabela_de_Matrícula,QT_MAT_FUND_AF_INT,Número de Matrículas do Ensino Fundamental - Anos Finais - Tempo Integral,,dicionário_dados_educação_básica_2025.xlsx
2025,Tabela_de_Matrícula,QT_MAT_MED_INT,Número de Matrículas do Ensino Médio - Tempo Integral,,dicionário_dados_educação_básica_2025.xlsx
2025,Tabela_de_Matrícula,QT_MAT_PROF_INT,Número de Matrículas da Educação Profissional - Tempo Integral,,dicionário_dados_educação_básica_2025.xlsx
2025,Tabela_de_Matrícula,QT_MAT_PROF_TEC_INT,Número de Matrículas da Educação Profissional Técnica - Tempo Integral,,dicionário_dados_educação_básica_2025.xlsx
2025,Tabela_de_Matrícula,QT_MAT_EJA_INT,Número de Matrículas da Educação de Jovens e Adultos (EJA) - Tempo Integral,,dicionário_dados_educação_básica_2025.xlsx
2025,Tabela_de_Matrícula,QT_MAT_EJA_FUND_INT,Número de Matrículas da Educação de Jovens e Adultos (EJA) - Ensino Fundamental - Tempo Integral,,dicionário_dados_educação_básica_2025.xlsx
2025,Tabela_de_Matrícula,QT_MAT_EJA_MED_INT,Número de Matrículas da Educação de Jovens e Adultos (EJA) - Ensino Médio - Tempo Integral,,dicionário_dados_educação_básica_2025.xlsx
2025,Tabela_de_Matrícula,QT_MAT_ESP_INT,Número de Matrículas da Educação Especial - Tempo Integral,,dicionário_dados_educação_básica_2025.xlsx
2025,Tabela_de_Matrícula,QT_MAT_ESP_CC_INT,Número de Matrículas da Educação Especial em Classes Comuns - Tempo Integral,,dicionário_dados_educação_básica_2025.xlsx
2025,Tabela_de_Matrícula,QT_MAT_ESP_CE_INT,Número de Matrículas da Educação Especial em Classes Exclusivas - Tempo Integral,,dicionário_dados_educação_básica_2025.xlsx
2025,Tabela_de_Matrícula,QT_MAT_BAS_LIBRAS,"Número de Matrículas da Educação Básica - Classe bilíngue de surdos tendo a Libras (Língua Brasileira de Sinais) como língua de instrução, ensino, comunicação e interação e a língua portuguesa escrita como segunda língua",,dicionário_dados_educação_básica_2025.xlsx
2025,Tabela_de_Matrícula,QT_MAT_ZR_URB,Número de Matrículas da Educação Básica - Localização/Zona de residência do Aluno - Urbana,,dicionário_dados_educação_básica_2025.xlsx
2025,Tabela_de_Matrícula,QT_MAT_ZR_RUR,Número de Matrículas da Educação Básica - Localização/Zona de residência do Aluno - Rural,,dicionário_dados_educação_básica_2025.xlsx
2025,Tabela_de_Matrícula,QT_MAT_ZR_NA,Número de Matrículas da Educação Básica - Localização/Zona de residência do Aluno - Não aplicável para alunos residentes no exterior,,dicionário_dados_educação_básica_2025.xlsx
2025,Tabela_de_Matrícula,QT_TRANSP_PUBLICO,Número de Matrículas da Educação Básica de alunos que utilizam transporte escolar público,,dicionário_dados_educação_básica_2025.xlsx
2025,Tabela_de_Matrícula,QT_TRANSP_RESP_EST,Número de Matrículas da Educação Básica segundo o poder público responsável pelo transporte escolar - Estadual,,dicionário_dados_educação_básica_2025.xlsx
2025,Tabela_de_Matrícula,QT_TRANSP_RESP_MUN,Número de Matrículas da Educação Básica segundo o poder público responsável pelo transporte escolar - Municipal,,dicionário_dados_educação_básica_2025.xlsx
2025,Tabela_de_Docente,NU_ANO_CENSO,Ano do Censo,,dicionário_dados_educação_básica_2025.xlsx
2025,Tabela_de_Docente,NO_REGIAO,Nome da Região Geográfica,,dicionário_dados_educação_básica_2025.xlsx
2025,Tabela_de_Docente,CO_REGIAO,Código da Região Geográfica,,dicionário_dados_educação_básica_2025.xlsx
2025,Tabela_de_Docente,NO_UF,Nome da Unidade da Federação,,dicionário_dados_educação_básica_2025.xlsx
2025,Tabela_de_Docente,SG_UF,Sigla da Unidade da Federação,,dicionário_dados_educação_básica_2025.xlsx
2025,Tabela_de_Docente,CO_UF,Código da Unidade da Federação,,dicionário_dados_educação_básica_2025.xlsx
2025,Tabela_de_Docente,NO_MUNICIPIO,Nome do Município,,dicionário_dados_educação_básica_2025.xlsx
2025,Tabela_de_Docente,CO_MUNICIPIO,Código do Município,,dicionário_dados_educação_básica_2025.xlsx
2025,Tabela_de_Docente,NO_REGIAO_GEOG_INTERM,Nome da Região Geográfica Intermediária,"A Fundação Instituto Brasileiro de Geografia e Estatísticas (IBGE), propôs em 2017 uma nova divisão geográfica regional do Brasil que corresponde às antigas Mesorregiões e Microrregiões. Assim, a partir de 2019, as regiões geográficas regionais são classificadas em Regiões Geográficas Intermediárias e Regiões Imediatas. No Censo Escolar, para fins de comparação ao longo dos anos, foram mantidas as variáveis de Mesorregiões e Microrregiões.",dicionário_dados_educação_básica_2025.xlsx
2025,Tabela_de_Docente,CO_REGIAO_GEOG_INTERM,Código da Região Geográfica Intermediária,,dicionário_dados_educação_básica_2025.xlsx
2025,Tabela_de_Docente,NO_REGIAO_GEOG_IMED,Nome da Região Geográfica Imediata,,dicionário_dados_educação_básica_2025.xlsx
2025,Tabela_de_Docente,CO_REGIAO_GEOG_IMED,Código da Região Geográfica Imediata,,dicionário_dados_educação_básica_2025.xlsx
2025,Tabela_de_Docente,NO_DISTRITO,Divisão Intramunicipal - Nome do Distrito,,dicionário_dados_educação_básica_2025.xlsx
2025,Tabela_de_Docente,CO_DISTRITO,Divisão Intramunicipal - Código do Distrito,,dicionário_dados_educação_básica_2025.xlsx
2025,Tabela_de_Docente,NO_SUBDISTRITO,Divisão Intramunicipal - Nome do Subdistrito,"A partir do Censo Escolar de 2025, a coleta de informações passou a contemplar dados geográficos desagregados pelo Código das Regiões Administrativas exclusivamente para o Distrito Federal. Em decorrência dessa alteração, nos Microdados, o nome e o código das Regiões Administrativas do Distrito Federal passaram a ser incorporados às variáveis de Código e Nome do Distrito.
Assim, nesta versão dos Microdados, as variáveis NO_REGIAO_ADMINISTRATIVA e CO_REGIAO_ADMINISTRATIVA foram, respectivamente, integradas às variáveis NO_DISTRITO e CO_DISTRITO.",dicionário_dados_educação_básica_2025.xlsx
2025,Tabela_de_Docente,CO_SUBDISTRITO,Divisão Intramunicipal - Código do Subdistrito,,dicionário_dados_educação_básica_2025.xlsx
2025,Tabela_de_Docente,NO_ENTIDADE,Nome da Escola,,dicionário_dados_educação_básica_2025.xlsx
2025,Tabela_de_Docente,CO_ENTIDADE,Código da Escola,,dicionário_dados_educação_básica_2025.xlsx
2025,Tabela_de_Docente,CO_REDE,Rede de Ensino,"Variável incluída nos Microdados com o objetivo de facilitar a identificação e a extração de informações por Rede de Ensino (Pública ou Privada). Trata-se de variável derivada da variável TP_DEPENDENCIA, sendo que a rede pública compreende as esferas Federal, Estadual e Municipal.",dicionário_dados_educação_básica_2025.xlsx
2025,Tabela_de_Docente,TP_DEPENDENCIA,Dependência Administrativa,,dicionário_dados_educação_básica_2025.xlsx
2025,Tabela_de_Docente,TP_CATEGORIA_ESCOLA_PRIVADA,Categoria da escola privada,,dicionário_dados_educação_básica_2025.xlsx
2025,Tabela_de_Docente,TP_LOCALIZACAO,Localização,,dicionário_dados_educação_básica_2025.xlsx
2025,Tabela_de_Docente,TP_LOCALIZACAO_DIFERENCIADA,Localização diferenciada da escola,"De 2007 a 2011:  
0 - Não se aplica
1 - Área de assentamento
2 - Terra indígena
3 - Área remanescente de quilombos
De 2012 a 2018:  
0 - A escola não está em área de localização diferenciada
1 - Área de assentamento
2 - Terra indígena
3 - Área remanescente de quilombos
4 - Unidade de uso sustentável
5 - Unidade de uso sustentável em terra indígena
6 - Unidade de uso sustentável em área remanescente de quilombos
De 2019 a 2022: 
0 - A escola não está em área de localização diferenciada
1 - Área de assentamento
2 - Terra indígena
3 - Área onde se localiza comunidade remanescente de quilombos
Em 2023 foi adicionada a categoria 8: 
8 - Área onde se localizam povos e comunidades tradicionais",dicionário_dados_educação_básica_2025.xlsx
2025,Tabela_de_Docente,IN_PODER_PUBLICO_PARCERIA,"Parceria ou convênio com o poder público (parceria ou convênio firmado entre a Administração Pública e instituições privadas ou instituições públicas de ensino, autarquias e fundações da administração indireta e demais instituições de educação profissional técnica de nível médio dos serviços sociais autônomos que integram o sistema federal de ensino, para financiamento do atendimento educacional ou para a oferta do itinerário de formação técnica e profissional do ensino médio)","Entre 2007 e 2021:
A variável IN_CONVENIADA_PP foi renomeada para:
IN_PODER_PUBLICO_PARCERIA",dicionário_dados_educação_básica_2025.xlsx
2025,Tabela_de_Docente,TP_PODER_PUBLICO_PARCERIA,Poder público responsável pela parceria ou convênio entre a Administração Pública e outras instituições,"Entre 2007 e 2021:
A variável TP_CONVENIO_PODER_PUBLICO foi renomeada para: TP_PODER_PUBLICO_PARCERIA",dicionário_dados_educação_básica_2025.xlsx
2025,Tabela_de_Docente,QT_DOC_BAS,Número de Docentes da Educação Básica,"Docentes referem-se aos indivíduos que estavam em efetiva regência de classe na data de referência do Censo Escolar da Educação Básica, incluindo somente o Docente em sala de aula presencial e o Docente Titular - coordenador de tutoria (de módulo ou disciplina) - EAD",dicionário_dados_educação_básica_2025.xlsx
2025,Tabela_de_Docente,QT_DOC_INF,Número de Docentes da Educação Infantil,,dicionário_dados_educação_básica_2025.xlsx
2025,Tabela_de_Docente,QT_DOC_INF_CRE,Número de Docentes da Educação Infantil - Creche,,dicionário_dados_educação_básica_2025.xlsx
2025,Tabela_de_Docente,QT_DOC_INF_PRE,Número de Docentes da Educação Infantil - Pré-Escola,,dicionário_dados_educação_básica_2025.xlsx
2025,Tabela_de_Docente,QT_DOC_FUND,Número de Docentes do Ensino Fundamental,,dicionário_dados_educação_básica_2025.xlsx
2025,Tabela_de_Docente,QT_DOC_FUND_AI,Número de Docentes do Ensino Fundamental - Anos Iniciais,,dicionário_dados_educação_básica_2025.xlsx
2025,Tabela_de_Docente,QT_DOC_FUND_AI_1,Número de Docentes do Ensino Fundamental - Anos Iniciais - 1º Ano,,dicionário_dados_educação_básica_2025.xlsx
2025,Tabela_de_Docente,QT_DOC_FUND_AI_2,Número de Docentes do Ensino Fundamental - Anos Iniciais - 2º Ano,,dicionário_dados_educação_básica_2025.xlsx
2025,Tabela_de_Docente,QT_DOC_FUND_AI_3,Número de Docentes do Ensino Fundamental - Anos Iniciais - 3º Ano,,dicionário_dados_educação_básica_2025.xlsx
2025,Tabela_de_Docente,QT_DOC_FUND_AI_4,Número de Docentes do Ensino Fundamental - Anos Iniciais - 4º Ano,,dicionário_dados_educação_básica_2025.xlsx
2025,Tabela_de_Docente,QT_DOC_FUND_AI_5,Número de Docentes do Ensino Fundamental - Anos Iniciais - 5º Ano,,dicionário_dados_educação_básica_2025.xlsx
2025,Tabela_de_Docente,QT_DOC_FUND_AI_MULTIETAPA,Número de Docentes do Ensino Fundamental - Educação Infantil e Ensino Fundamental Multietapa,,dicionário_dados_educação_básica_2025.xlsx
2025,Tabela_de_Docente,QT_DOC_FUND_AF,Número de Docentes do Ensino Fundamental - Anos Finais,,dicionário_dados_educação_básica_2025.xlsx
2025,Tabela_de_Docente,QT_DOC_FUND_AF_6,Número de Docentes do Ensino Fundamental - Anos Finais - 6º Ano,,dicionário_dados_educação_básica_2025.xlsx
2025,Tabela_de_Docente,QT_DOC_FUND_AF_7,Número de Docentes do Ensino Fundamental - Anos Finais - 7º Ano,,dicionário_dados_educação_básica_2025.xlsx
2025,Tabela_de_Docente,QT_DOC_FUND_AF_8,Número de Docentes do Ensino Fundamental - Anos Finais - 8º Ano,,dicionário_dados_educação_básica_2025.xlsx
2025,Tabela_de_Docente,QT_DOC_FUND_AF_9,Número de Docentes do Ensino Fundamental - Anos Finais - 9º Ano,,dicionário_dados_educação_básica_2025.xlsx
2025,Tabela_de_Docente,QT_DOC_FUND_AF_MULTI,Número de Docentes do Ensino Fundamental - Multi,,dicionário_dados_educação_básica_2025.xlsx
2025,Tabela_de_Docente,QT_DOC_FUND_AF_CORRFLUXO,Número de Docentes do Ensino Fundamental - Correção de Fluxo,,dicionário_dados_educação_básica_2025.xlsx
2025,Tabela_de_Docente,QT_DOC_MED,Número de Docentes do Ensino Médio Regular,,dicionário_dados_educação_básica_2025.xlsx
2025,Tabela_de_Docente,QT_DOC_MED_1,Número de Docentes do Ensino Médio Regular - 1º ano/1ª Série,,dicionário_dados_educação_básica_2025.xlsx
2025,Tabela_de_Docente,QT_DOC_MED_2,Número de Docentes do Ensino Médio Regular - 2º ano/2ª Série,,dicionário_dados_educação_básica_2025.xlsx
2025,Tabela_de_Docente,QT_DOC_MED_3,Número de Docentes do Ensino Médio Regular - 3º ano/3ª Série,,dicionário_dados_educação_básica_2025.xlsx
2025,Tabela_de_Docente,QT_DOC_MED_4,Número de Docentes do Ensino Médio Regular - 4º ano/4ª Série,,dicionário_dados_educação_básica_2025.xlsx
2025,Tabela_de_Docente,QT_DOC_MED_NS,Número de Docentes do Ensino Médio Regular - Não Seriado,,dicionário_dados_educação_básica_2025.xlsx
2025,Tabela_de_Docente,QT_DOC_MED_PROP,Número de Docentes do Ensino Médio Regular - Propedêutico,,dicionário_dados_educação_básica_2025.xlsx
2025,Tabela_de_Docente,QT_DOC_MED_PROP_1,Número de Docentes do Ensino Médio Regular - Propedêutico - 1º ano/1ª Série,,dicionário_dados_educação_básica_2025.xlsx
2025,Tabela_de_Docente,QT_DOC_MED_PROP_2,Número de Docentes do Ensino Médio Regular - Propedêutico - 2º ano/2ª Série,,dicionário_dados_educação_básica_2025.xlsx
2025,Tabela_de_Docente,QT_DOC_MED_PROP_3,Número de Docentes do Ensino Médio Regular - Propedêutico - 3º ano/3ª Série,,dicionário_dados_educação_básica_2025.xlsx
2025,Tabela_de_Docente,QT_DOC_MED_PROP_4,Número de Docentes do Ensino Médio Regular - Propedêutico - 4º ano/4ª Série,,dicionário_dados_educação_básica_2025.xlsx
2025,Tabela_de_Docente,QT_DOC_MED_PROP_NS,Número de Docentes do Ensino Médio Regular - Propedêutico - Não Seriado,,dicionário_dados_educação_básica_2025.xlsx
2025,Tabela_de_Docente,QT_DOC_MED_IFTP_CT,Número de Docentes do Ensino Médio Regular - Ensino Médio Regular articulado ao Itinerário Formativo Técnico Profissional (IFTP) - Curso Técnico,,dicionário_dados_educação_básica_2025.xlsx
2025,Tabela_de_Docente,QT_DOC_MED_IFTP_CT_1,Número de Docentes do Ensino Médio Regular - Ensino Médio Regular articulado ao Itinerário Formativo Técnico Profissional (IFTP) - Curso Técnico - 1º ano/1ª Série,,dicionário_dados_educação_básica_2025.xlsx
2025,Tabela_de_Docente,QT_DOC_MED_IFTP_CT_2,Número de Docentes do Ensino Médio Regular - Ensino Médio Regular articulado ao Itinerário Formativo Técnico Profissional (IFTP) - Curso Técnico - 2º ano/2ª Série,,dicionário_dados_educação_básica_2025.xlsx
2025,Tabela_de_Docente,QT_DOC_MED_IFTP_CT_3,Número de Docentes do Ensino Médio Regular - Ensino Médio Regular articulado ao Itinerário Formativo Técnico Profissional (IFTP) - Curso Técnico - 3º ano/3ª Série,,dicionário_dados_educação_básica_2025.xlsx
2025,Tabela_de_Docente,QT_DOC_MED_IFTP_CT_4,Número de Docentes do Ensino Médio Regular - Ensino Médio Regular articulado ao Itinerário Formativo Técnico Profissional (IFTP) - Curso Técnico - 4º ano/4ª Série,,dicionário_dados_educação_básica_2025.xlsx
2025,Tabela_de_Docente,QT_DOC_MED_IFTP_CT_NS,Número de Docentes do Ensino Médio Regular - Ensino Médio Regular articulado ao Itinerário Formativo Técnico Profissional (IFTP) - Curso Técnico - Não Seriado,,dicionário_dados_educação_básica_2025.xlsx
2025,Tabela_de_Docente,QT_DOC_MED_IFTP_QP,Número de Docentes do Ensino Médio Regular - Ensino Médio Regular articulado ao Itinerário Formativo Técnico Profissional (IFTP) - Qualificação Profissional,,dicionário_dados_educação_básica_2025.xlsx
2025,Tabela_de_Docente,QT_DOC_MED_IFTP_QP_1,Número de Docentes do Ensino Médio Regular - Ensino Médio Regular articulado ao Itinerário Formativo Técnico Profissional (IFTP) - Qualificação Profissional - 1º ano/1ª Série,,dicionário_dados_educação_básica_2025.xlsx
2025,Tabela_de_Docente,QT_DOC_MED_IFTP_QP_2,Número de Docentes do Ensino Médio Regular - Ensino Médio Regular articulado ao Itinerário Formativo Técnico Profissional (IFTP) - Qualificação Profissional - 2º ano/2ª Série,,dicionário_dados_educação_básica_2025.xlsx
2025,Tabela_de_Docente,QT_DOC_MED_IFTP_QP_3,Número de Docentes do Ensino Médio Regular - Ensino Médio Regular articulado ao Itinerário Formativo Técnico Profissional (IFTP) - Qualificação Profissional - 3º ano/3ª Série,,dicionário_dados_educação_básica_2025.xlsx
2025,Tabela_de_Docente,QT_DOC_MED_IFTP_QP_4,Número de Docentes do Ensino Médio Regular - Ensino Médio Regular articulado ao Itinerário Formativo Técnico Profissional (IFTP) - Qualificação Profissional - 4º ano/4ª Série,,dicionário_dados_educação_básica_2025.xlsx
2025,Tabela_de_Docente,QT_DOC_MED_IFTP_QP_NS,Número de Docentes do Ensino Médio Regular - Ensino Médio Regular articulado ao Itinerário Formativo Técnico Profissional (IFTP) - Qualificação Profissional - Não Seriado,,dicionário_dados_educação_básica_2025.xlsx
2025,Tabela_de_Docente,QT_DOC_MED_NM,Número de Docentes do Ensino Médio Regular -  Modalidade Normal/Magistério,,dicionário_dados_educação_básica_2025.xlsx
2025,Tabela_de_Docente,QT_DOC_MED_NM_1,Número de Docentes do Ensino Médio Regular -  Modalidade Normal/Magistério - 1º ano/1ª Série,,dicionário_dados_educação_básica_2025.xlsx
2025,Tabela_de_Docente,QT_DOC_MED_NM_2,Número de Docentes do Ensino Médio Regular -  Modalidade Normal/Magistério - 2º ano/2ª Série,,dicionário_dados_educação_básica_2025.xlsx
2025,Tabela_de_Docente,QT_DOC_MED_NM_3,Número de Docentes do Ensino Médio Regular -  Modalidade Normal/Magistério - 3º ano/3ª Série,,dicionário_dados_educação_básica_2025.xlsx
2025,Tabela_de_Docente,QT_DOC_MED_NM_4,Número de Docentes do Ensino Médio Regular -  Modalidade Normal/Magistério - 4º ano/4ª Série,,dicionário_dados_educação_básica_2025.xlsx
2025,Tabela_de_Docente,QT_DOC_PROF,Número de Docentes da Educação Profissional,"Modo profissionalizante de ensino correspondente às turmas de cursos técnicos de nível médio nas formas articuladas (integrada ou concomitante), ou subsequente ao ensino médio e de normal/magistério, e as turmas de cursos profissionalizantes não-técnicos. Inclui as seguintes etapas de ensino:            Ensino Médio articulado ao Itinerário Formativo Técnico Profissional - Curso Técnico, Ensino Médio Normal/Magistério, Curso Técnico Concomitante, Curso Técnico Subsequente,  Curso Técnico Misto (Concomitante e Subsequente), Curso Técnico Integrado à EJA de Nível Médio, Itinerário Formativo Técnico Profissional Exclusivo - Curso Técnico (não articulado ao ensino médio regular), Curso FIC Concomitante, Curso FIC Integrado à EJA de Nível Fundamental, Curso FIC Integrado à EJA de Nível Médio, Ensino Médio articulado ao Itinerário Formativo Técnico Profissional - Qualificação Profissional e Itinerário Formativo Técnico Profissional Exclusivo - Qualificação Profissional (não articulado ao ensino médio regular).",dicionário_dados_educação_básica_2025.xlsx
2025,Tabela_de_Docente,QT_DOC_PROF_TEC,Número de Docentes da Educação Profissional Técnica,"Modo profissionalizante de ensino correspondente às turmas de cursos técnicos de nível médio nas formas articuladas (integrada ou concomitante), ou subsequente ao ensino médio e de normal/magistério. Inclui as seguintes etapas de ensino: Ensino Médio articulado ao Itinerário Formativo Técnico Profissional - Curso Técnico, Ensino Médio Normal/Magistério, Curso Técnico Concomitante, Curso Técnico Subsequente,  Curso Técnico Misto (Concomitante e Subsequente), Curso Técnico Integrado à EJA de Nível Médio, Itinerário Formativo Técnico Profissional Exclusivo - Curso Técnico (não articulado ao ensino médio regular).",dicionário_dados_educação_básica_2025.xlsx
2025,Tabela_de_Docente,QT_DOC_PROF_TEC_CONC,Número de Docentes da Educação Profissional Técnica - Curso Técnico Concomitante,,dicionário_dados_educação_básica_2025.xlsx
2025,Tabela_de_Docente,QT_DOC_PROF_TEC_SUBS,Número de Docentes da Educação Profissional Técnica - Curso Técnico Subsequente,,dicionário_dados_educação_básica_2025.xlsx
2025,Tabela_de_Docente,QT_DOC_PROF_TEC_MISTO,Número de Docentes da Educação Profissional Técnica -  Curso Técnico Misto (Concomitante e Subsequente),,dicionário_dados_educação_básica_2025.xlsx
2025,Tabela_de_Docente,QT_DOC_PROF_TEC_IFTP_CT,Número de Docentes da Educação Profissional Técnica - Itinerário Formativo Técnico Profissional (IFTP) Exclusivo - Curso Técnico (não articulado ao ensino médio regular),,dicionário_dados_educação_básica_2025.xlsx
2025,Tabela_de_Docente,QT_DOC_PROF_NAO_TEC,Número de Docentes da Educação Profissional Não-Técnica,"A Educação Profissional Não -Técnica inclui as seguintes etapas de ensino: Curso FIC Concomitante, Curso FIC Integrado à EJA de Nível Fundamental, Curso FIC Integrado à EJA de Nível Médio, Ensino Médio articulado ao Itinerário Formativo Técnico Profissional - Qualificação Profissional e Itinerário Formativo Técnico Profissional Exclusivo - Qualificação Profissional (não articulado ao ensino médio regular).",dicionário_dados_educação_básica_2025.xlsx
2025,Tabela_de_Docente,QT_DOC_PROF_IFTP_QP,Número de Docentes da Educação Profissional - Itinerário Formativo Técnico Profissional (IFTP) Exclusivo - Qualificação Profissional (não articulado ao ensino médio regular),,dicionário_dados_educação_básica_2025.xlsx
2025,Tabela_de_Docente,QT_DOC_PROF_FIC_CONC,Número de Docentes da Educação Profissional - Curso FIC Concomitante,,dicionário_dados_educação_básica_2025.xlsx
2025,Tabela_de_Docente,QT_DOC_EJA,Número de Docentes da Educação de Jovens e Adultos (EJA),,dicionário_dados_educação_básica_2025.xlsx
2025,Tabela_de_Docente,QT_DOC_EJA_FUND,Número de Docentes da Educação de Jovens e Adultos (EJA) - Ensino Fundamental,,dicionário_dados_educação_básica_2025.xlsx
2025,Tabela_de_Docente,QT_DOC_EJA_FUND_NPROF,Número de Docentes da Educação de Jovens e Adultos (EJA) - Ensino Fundamental - Sem componente profissionalizante,Não inclui turmas do Curso FIC Integrado na Modalidade EJA de Nível Fundamental,dicionário_dados_educação_básica_2025.xlsx
2025,Tabela_de_Docente,QT_DOC_EJA_FUND_AI,Número de Docentes da Educação de Jovens e Adultos (EJA) - Ensino Fundamental - Anos Iniciais,,dicionário_dados_educação_básica_2025.xlsx
2025,Tabela_de_Docente,QT_DOC_EJA_FUND_AF,Número de Docentes da Educação de Jovens e Adultos (EJA) - Ensino Fundamental - Anos Finais,,dicionário_dados_educação_básica_2025.xlsx
2025,Tabela_de_Docente,QT_DOC_EJA_FUND_PJ,Número de Docentes da Educação de Jovens e Adultos (EJA) - Ensino Fundamental - Projovem Urbano,,dicionário_dados_educação_básica_2025.xlsx
2025,Tabela_de_Docente,QT_DOC_EJA_FUND_AIAF,Número de Docentes da Educação de Jovens e Adultos (EJA) - Ensino Fundamental - Anos Iniciais e Anos Finais,"Categoria de etapa de ensino existente na base de matrículas apenas em 2007. De 2008 a 2015 os alunos de turmas da EJA Anos iniciais e Anos finais, foram registrados separadamente como EJA anos iniciais ou EJA anos finais do Ensino Fundamental.",dicionário_dados_educação_básica_2025.xlsx
2025,Tabela_de_Docente,QT_DOC_EJA_FUND_FIC,Número de Docentes da Educação de Jovens e Adultos (EJA) - Ensino Fundamental - Curso FIC Integrado na Modalidade EJA de Nível Fundamental,,dicionário_dados_educação_básica_2025.xlsx
2025,Tabela_de_Docente,QT_DOC_EJA_MED,Número de Docentes da Educação de Jovens e Adultos (EJA) - Ensino Médio,,dicionário_dados_educação_básica_2025.xlsx
2025,Tabela_de_Docente,QT_DOC_EJA_MED_NPROF,Número de Docentes da Educação de Jovens e Adultos (EJA) - Ensino Médio - Sem componente profissionalizante,Não inclui turmas do Curso FIC Integrado na Modalidade EJA de Nível Médio e do Curso Técnico Integrado na Modalidade EJA de Nível Médio,dicionário_dados_educação_básica_2025.xlsx
2025,Tabela_de_Docente,QT_DOC_EJA_MED_FIC,Número de Docentes da Educação de Jovens e Adultos (EJA) - Ensino Médio - Curso FIC Integrado na Modalidade EJA de Nível Médio,,dicionário_dados_educação_básica_2025.xlsx
2025,Tabela_de_Docente,QT_DOC_EJA_MED_TEC,Número de Docentes da Educação de Jovens e Adultos (EJA) - Ensino Médio - Curso Técnico Integrado na Modalidade EJA de Nível Médio,,dicionário_dados_educação_básica_2025.xlsx
2025,Tabela_de_Docente,QT_DOC_ESP,Número de Docentes da Educação Especial,,dicionário_dados_educação_básica_2025.xlsx
2025,Tabela_de_Docente,QT_DOC_ESP_CC,Número de Docentes da Educação Especial em Classes Comuns,,dicionário_dados_educação_básica_2025.xlsx
2025,Tabela_de_Docente,QT_DOC_ESP_CE,Número de Docentes da Educação Especial em Classes Exclusivas,,dicionário_dados_educação_básica_2025.xlsx
2025,Tabela_de_Docente,QT_DOC_BAS_FEM,Número de Docentes da Educação Básica - Feminino,,dicionário_dados_educação_básica_2025.xlsx
2025,Tabela_de_Docente,QT_DOC_BAS_MASC,Número de Docentes da Educação Básica - Masculino,,dicionário_dados_educação_básica_2025.xlsx
2025,Tabela_de_Docente,QT_DOC_BAS_ND,Número de Docentes da Educação Básica - Cor/Raça Não Declarada,,dicionário_dados_educação_básica_2025.xlsx
2025,Tabela_de_Docente,QT_DOC_BAS_BRANCA,Número de Docentes da Educação Básica - Cor/Raça Branca,,dicionário_dados_educação_básica_2025.xlsx
2025,Tabela_de_Docente,QT_DOC_BAS_PRETA,Número de Docentes da Educação Básica - Cor/Raça Preta,,dicionário_dados_educação_básica_2025.xlsx
2025,Tabela_de_Docente,QT_DOC_BAS_PARDA,Número de Docentes da Educação Básica - Cor/Raça Parda,,dicionário_dados_educação_básica_2025.xlsx
2025,Tabela_de_Docente,QT_DOC_BAS_AMARELA,Número de Docentes da Educação Básica - Cor/Raça Amarela,,dicionário_dados_educação_básica_2025.xlsx
2025,Tabela_de_Docente,QT_DOC_BAS_INDIGENA,Número de Docentes da Educação Básica - Cor/Raça Indígena,,dicionário_dados_educação_básica_2025.xlsx
2025,Tabela_de_Docente,QT_DOC_BAS_0_24,Número de Docentes da Educação Básica - Até 24 anos de idade na data de referência do Censo Escolar (última quarta-feira do mês de maio de 2025),Faixa etária calculada com base na idade do aluno na data de referência do Censo Escolar (última quarta-feira do mês de maio),dicionário_dados_educação_básica_2025.xlsx
2025,Tabela_de_Docente,QT_DOC_BAS_25_29,Número de Docentes da Educação Básica - Entre 25 e 29 anos de idade na data de referência do Censo Escolar (última quarta-feira do mês de maio de 2025),,dicionário_dados_educação_básica_2025.xlsx
2025,Tabela_de_Docente,QT_DOC_BAS_30_39,Número de Docentes da Educação Básica - Entre 30 e 39 anos de idade na data de referência do Censo Escolar (última quarta-feira do mês de maio de 2025),,dicionário_dados_educação_básica_2025.xlsx
2025,Tabela_de_Docente,QT_DOC_BAS_40_49,Número de Docentes da Educação Básica - Entre 40 e 49 anos de idade na data de referência do Censo Escolar (última quarta-feira do mês de maio de 2025),,dicionário_dados_educação_básica_2025.xlsx
2025,Tabela_de_Docente,QT_DOC_BAS_50_54,Número de Docentes da Educação Básica - Entre 50 e 54 anos de idade na data de referência do Censo Escolar (última quarta-feira do mês de maio de 2025),,dicionário_dados_educação_básica_2025.xlsx
2025,Tabela_de_Docente,QT_DOC_BAS_55_59,Número de Docentes da Educação Básica - Entre 55 e 59 anos de idade na data de referência do Censo Escolar (última quarta-feira do mês de maio de 2025),,dicionário_dados_educação_básica_2025.xlsx
2025,Tabela_de_Docente,QT_DOC_BAS_60_MAIS,Número de Docentes da Educação Básica - Com 60 ou mais anos de idade na data de referência do Censo Escolar (última quarta-feira do mês de maio de 2025),,dicionário_dados_educação_básica_2025.xlsx
2025,Tabela_de_Docente,QT_DOC_BAS_PCD,"Número de Docentes da Educação Básica com alguma deficiência, transtorno do espectro autista (TEA) ou superdotação",,dicionário_dados_educação_básica_2025.xlsx
2025,Tabela_de_Docente,QT_DOC_BAS_ZR_URB,Número de Docentes da Educação Básica - Localização/Zona de residência do Docente - Urbana,,dicionário_dados_educação_básica_2025.xlsx
2025,Tabela_de_Docente,QT_DOC_BAS_ZR_RUR,Número de Docentes da Educação Básica - Localização/Zona de residência do Docente - Rural,,dicionário_dados_educação_básica_2025.xlsx
2025,Tabela_de_Docente,QT_DOC_BAS_ZR_NA,Número de Docentes da Educação Básica - Localização/Zona de residência do Docente - Não aplicável para Docentes residentes no exterior,,dicionário_dados_educação_básica_2025.xlsx
2025,Tabela_de_Docente,QT_DOC_BAS_ESCO_EF,Número de Docentes da Educação Básica - Maior nível de Escolaridade concluída - Ensino Fundamental,,dicionário_dados_educação_básica_2025.xlsx
2025,Tabela_de_Docente,QT_DOC_BAS_ESCO_EM,Número de Docentes da Educação Básica - Maior nível de Escolaridade concluída - Ensino Médio,,dicionário_dados_educação_básica_2025.xlsx
2025,Tabela_de_Docente,QT_DOC_BAS_ESCO_SUP_GRAD,Número de Docentes da Educação Básica - Maior nível de Escolaridade concluída - Educação Superior (Graduação),,dicionário_dados_educação_básica_2025.xlsx
2025,Tabela_de_Docente,QT_DOC_BAS_ESCO_SUP_GRAD_LICEN,Número de Docentes da Educação Básica - Número de Docentes da Educação Básica - Maior nível de Escolaridade concluída - Educação Superior Licenciatura,,dicionário_dados_educação_básica_2025.xlsx
2025,Tabela_de_Docente,QT_DOC_BAS_ESCO_SUP_GRAD_SLICEN,Número de Docentes da Educação Básica - Número de Docentes da Educação Básica - Maior nível de Escolaridade concluída - Educação Superior Sem Licenciatura,,dicionário_dados_educação_básica_2025.xlsx
2025,Tabela_de_Docente,QT_DOC_BAS_ESCO_SUP_POS_ESPEC,Número de Docentes da Educação Básica -  Pós-Graduação concluída - Especialização,,dicionário_dados_educação_básica_2025.xlsx
2025,Tabela_de_Docente,QT_DOC_BAS_ESCO_SUP_POS_MESTRA,Número de Docentes da Educação Básica -  Pós-Graduação concluída - Mestrado,,dicionário_dados_educação_básica_2025.xlsx
2025,Tabela_de_Docente,QT_DOC_BAS_ESCO_SUP_POS_DOUTO,Número de Docentes da Educação Básica -  Pós-Graduação concluída - Doutorado,,dicionário_dados_educação_básica_2025.xlsx
2025,Tabela_de_Docente,QT_DOC_BAS_ESCO_SUP_POS_NENHUM,Número de Docentes da Educação Básica -  Pós-Graduação concluída - Não tem pós-graduação concluída,,dicionário_dados_educação_básica_2025.xlsx
2025,Tabela_de_Docente,QT_DOC_BAS_VINCULO_CONCUR,Número de Docentes da Educação Básica -  Situação Funcional/Regime de contratação/Tipo de Vínculo (Apenas para docente de escola pública) - Concursado/efetivo/estável,,dicionário_dados_educação_básica_2025.xlsx
2025,Tabela_de_Docente,QT_DOC_BAS_VINCULO_CONTRA,Número de Docentes da Educação Básica -  Situação Funcional/Regime de contratação/Tipo de Vínculo (Apenas para docente de escola pública) - Contrato temporário,,dicionário_dados_educação_básica_2025.xlsx
2025,Tabela_de_Docente,QT_DOC_BAS_VINCULO_TERCEIR,Número de Docentes da Educação Básica -  Situação Funcional/Regime de contratação/Tipo de Vínculo (Apenas para docente de escola pública) - Contrato terceirizado,,dicionário_dados_educação_básica_2025.xlsx
2025,Tabela_de_Docente,QT_DOC_BAS_VINCULO_CLT,Número de Docentes da Educação Básica -  Situação Funcional/Regime de contratação/Tipo de Vínculo (Apenas para docente de escola pública) - Contrato CLT,,dicionário_dados_educação_básica_2025.xlsx
2025,Tabela_de_Docente,QT_DOC_BAS_DOCENTE,Número de Docentes da Educação Básica -  Função que o Profissional Exerce em Sala de Aula - Docente,,dicionário_dados_educação_básica_2025.xlsx
2025,Tabela_de_Docente,QT_DOC_BAS_AUXILIAR,Número de Docentes da Educação Básica -  Função que o Profissional Exerce em Sala de Aula - Auxiliar/Assistente Educacional,,dicionário_dados_educação_básica_2025.xlsx
2025,Tabela_de_Docente,QT_DOC_BAS_PROFI_MONITOR,Número de Docentes da Educação Básica -  Função que o Profissional Exerce em Sala de Aula - Profissional/Monitor de atividade complementar,,dicionário_dados_educação_básica_2025.xlsx
2025,Tabela_de_Docente,QT_DOC_BAS_TRADUTOR_LIBRAS,Número de Docentes da Educação Básica - Função que o Profissional Exerce em Sala de Aula - Tradutor Intérprete de Libras,,dicionário_dados_educação_básica_2025.xlsx
2025,Tabela_de_Docente,QT_DOC_BAS_TITULAR_EAD,Número de Docentes da Educação Básica -  Função que o Profissional Exerce em Sala de Aula - Docente Titular - coordenador de tutoria (de módulo ou disciplina) - EAD,,dicionário_dados_educação_básica_2025.xlsx
2025,Tabela_de_Docente,QT_DOC_BAS_TUTOR_AUX_EAD,Número de Docentes da Educação Básica -  Função que o Profissional Exerce em Sala de Aula - Docente Tutor - Auxiliar (de módulo ou disciplina) - EAD,,dicionário_dados_educação_básica_2025.xlsx
2025,Tabela_de_Docente,QT_DOC_BAS_GUIA_INTERPRETE,Número de Docentes da Educação Básica - Função que o Profissional Exerce em Sala de Aula - Guia intérprete,,dicionário_dados_educação_básica_2025.xlsx
2025,Tabela_de_Docente,QT_DOC_BAS_APOIO_PCD,Número de Docentes da Educação Básica - Função que o Profissional Exerce em Sala de Aula - Profissional de apoio escolar para alunos com deficiência (Lei 13.146/2015),,dicionário_dados_educação_básica_2025.xlsx
2025,Tabela_de_Docente,QT_DOC_BAS_INSTRUTOR_EP,Número de Docentes da Educação Básica - Função que o Profissional Exerce em Sala de Aula - Instrutor de educação profissional,,dicionário_dados_educação_básica_2025.xlsx
2025,Tabela_de_Docente,QT_DOC_BAS_ESPEC_CRE,Número de Docentes da Educação Básica - Outros cursos - Formação Continuada com no mínimo 80 horas - Específico para creche (0 a 3 anos),,dicionário_dados_educação_básica_2025.xlsx
2025,Tabela_de_Docente,QT_DOC_BAS_ESPEC_PRE_ESCOLA,Número de Docentes da Educação Básica - Outros cursos - Formação Continuada com no mínimo 80 horas - Específico para pré-escola (4 e 5 anos),,dicionário_dados_educação_básica_2025.xlsx
2025,Tabela_de_Docente,QT_DOC_BAS_ESPEC_ANOS_INICIAIS,Número de Docentes da Educação Básica - Outros cursos - Formação Continuada com no mínimo 80 horas - Específico para anos iniciais do ensino fundamental,,dicionário_dados_educação_básica_2025.xlsx
2025,Tabela_de_Docente,QT_DOC_BAS_ESPEC_ANOS_FINAIS,Número de Docentes da Educação Básica - Outros cursos - Formação Continuada com no mínimo 80 horas - Específico para anos finais do ensino fundamental,,dicionário_dados_educação_básica_2025.xlsx
2025,Tabela_de_Docente,QT_DOC_BAS_ESPEC_ENS_MEDIO,Número de Docentes da Educação Básica - Outros cursos - Formação Continuada com no mínimo 80 horas - Específico para ensino médio,,dicionário_dados_educação_básica_2025.xlsx
2025,Tabela_de_Docente,QT_DOC_BAS_ESPEC_EJA,Número de Docentes da Educação Básica - Outros cursos - Formação Continuada com no mínimo 80 horas - Específico para educação de jovens e adultos,,dicionário_dados_educação_básica_2025.xlsx
2025,Tabela_de_Docente,QT_DOC_BAS_ESPEC_ED_ESPECIAL,Número de Docentes da Educação Básica - Outros cursos - Formação Continuada com no mínimo 80 horas - Específico para educação especial,,dicionário_dados_educação_básica_2025.xlsx
2025,Tabela_de_Docente,QT_DOC_BAS_ESPEC_BIL_SURDOS,Número de Docentes da Educação Básica - Outros cursos - Formação Continuada com no mínimo 80 horas - Educação bilíngue de surdos,,dicionário_dados_educação_básica_2025.xlsx
2025,Tabela_de_Docente,QT_DOC_BAS_ESPEC_ED_INDIGENA,Número de Docentes da Educação Básica - Outros cursos - Formação Continuada com no mínimo 80 horas - Específico para educação indígena,,dicionário_dados_educação_básica_2025.xlsx
2025,Tabela_de_Docente,QT_DOC_BAS_ESPEC_CAMPO,Número de Docentes da Educação Básica - Outros cursos - Formação Continuada com no mínimo 80 horas - Educação do Campo,,dicionário_dados_educação_básica_2025.xlsx
2025,Tabela_de_Docente,QT_DOC_BAS_ESPEC_AMBIENTAL,Número de Docentes da Educação Básica - Outros cursos - Formação Continuada com no mínimo 80 horas - Educação Ambiental,,dicionário_dados_educação_básica_2025.xlsx
2025,Tabela_de_Docente,QT_DOC_BAS_ESPEC_DIR_HUMANOS,Número de Docentes da Educação Básica - Outros cursos - Formação Continuada com no mínimo 80 horas - Educação em direitos humanos,,dicionário_dados_educação_básica_2025.xlsx
2025,Tabela_de_Docente,QT_DOC_BAS_ESPEC_DIV_SEXUAL,Número de Docentes da Educação Básica - Outros cursos - Formação Continuada com no mínimo 80 horas - Gênero e Diversidade Sexual,,dicionário_dados_educação_básica_2025.xlsx
2025,Tabela_de_Docente,QT_DOC_BAS_ESPEC_DIR_ADOLESC,Número de Docentes da Educação Básica - Outros cursos - Formação Continuada com no mínimo 80 horas - Direitos de criança e adolescente,,dicionário_dados_educação_básica_2025.xlsx
2025,Tabela_de_Docente,QT_DOC_BAS_ESPEC_AFRO,Número de Docentes da Educação Básica - Outros cursos - Formação Continuada com no mínimo 80 horas - Educação para as relações étnico-raciais e história e cultura afro-brasileira e africana,,dicionário_dados_educação_básica_2025.xlsx
2025,Tabela_de_Docente,QT_DOC_BAS_ESPEC_GESTAO,Número de Docentes da Educação Básica - Outros cursos - Formação Continuada com no mínimo 80 horas - Gestão escolar,,dicionário_dados_educação_básica_2025.xlsx
2025,Tabela_de_Docente,QT_DOC_BAS_ESPEC_EDUC_TIC,Número de Docentes da Educação Básica - Outros cursos - Formação Continuada com no mínimo 80 horas - Educação e Tecnologia de Informação e Comunicação (TIC),,dicionário_dados_educação_básica_2025.xlsx
2025,Tabela_de_Docente,QT_DOC_BAS_ESPEC_OUTROS,Número de Docentes da Educação Básica - Outros cursos - Formação Continuada com no mínimo 80 horas - Outros,,dicionário_dados_educação_básica_2025.xlsx
2025,Tabela_de_Docente,QT_DOC_BAS_ESPEC_NENHUM,Número de Docentes da Educação Básica - Outros cursos - Formação Continuada com no mínimo 80 horas - Nenhum,,dicionário_dados_educação_básica_2025.xlsx
2025,Tabela_de_Docente,QT_DOC_BAS_DISC_LINGUA_PORT,Número de Docentes da Educação Básica - Disciplina que atua - Áreas do conhecimento/Componentes curriculares - Língua/ Literatura Portuguesa,,dicionário_dados_educação_básica_2025.xlsx
2025,Tabela_de_Docente,QT_DOC_BAS_DISC_EDUC_FISICA,Número de Docentes da Educação Básica - Disciplina que atua - Áreas do conhecimento/Componentes curriculares - Educação Física,,dicionário_dados_educação_básica_2025.xlsx
2025,Tabela_de_Docente,QT_DOC_BAS_DISC_ARTES,"Número de Docentes da Educação Básica - Disciplina que atua - Áreas do conhecimento/Componentes curriculares - Artes (Educação Artística, Teatro, Dança, Música, Artes Plásticas e outras)",,dicionário_dados_educação_básica_2025.xlsx
2025,Tabela_de_Docente,QT_DOC_BAS_DISC_LINGUA_ING,Número de Docentes da Educação Básica - Disciplina que atua - Áreas do conhecimento/Componentes curriculares - Língua/ Literatura estrangeira - Inglês,,dicionário_dados_educação_básica_2025.xlsx
2025,Tabela_de_Docente,QT_DOC_BAS_DISC_LINGUA_ESPA,Número de Docentes da Educação Básica - Disciplina que atua - Áreas do conhecimento/Componentes curriculares - Língua/ Literatura estrangeira - Espanhol,,dicionário_dados_educação_básica_2025.xlsx
2025,Tabela_de_Docente,QT_DOC_BAS_DISC_LINGUA_FRANC,Número de Docentes da Educação Básica - Disciplina que atua - Áreas do conhecimento/Componentes curriculares - Língua/ Literatura estrangeira - Francês,,dicionário_dados_educação_básica_2025.xlsx
2025,Tabela_de_Docente,QT_DOC_BAS_DISC_LINGUA_OUTRA,Número de Docentes da Educação Básica - Disciplina que atua - Áreas do conhecimento/Componentes curriculares - Língua/ Literatura estrangeira - Outra,,dicionário_dados_educação_básica_2025.xlsx
2025,Tabela_de_Docente,QT_DOC_BAS_DISC_LIBRAS,Número de Docentes da Educação Básica - Disciplina que atua - Áreas do conhecimento/Componentes curriculares - Libras,,dicionário_dados_educação_básica_2025.xlsx
2025,Tabela_de_Docente,QT_DOC_BAS_DISC_LINGUA_INDIG,Número de Docentes da Educação Básica - Disciplina que atua - /Componentes curriculares - Língua Indígena,,dicionário_dados_educação_básica_2025.xlsx
2025,Tabela_de_Docente,QT_DOC_BAS_DISC_PORT_SEG_LINGUA,Número de Docentes da Educação Básica - Disciplina que atua - /Componentes curriculares - Língua Portuguesa como segunda língua,,dicionário_dados_educação_básica_2025.xlsx
2025,Tabela_de_Docente,QT_DOC_BAS_DISC_MATEMATICA,Número de Docentes da Educação Básica - Disciplina que atua - /Componentes curriculares - Matemática,,dicionário_dados_educação_básica_2025.xlsx
2025,Tabela_de_Docente,QT_DOC_BAS_DISC_CIENCIAS,Número de Docentes da Educação Básica - Disciplina que atua - /Componentes curriculares - Ciências,,dicionário_dados_educação_básica_2025.xlsx
2025,Tabela_de_Docente,QT_DOC_BAS_DISC_FISICA,Número de Docentes da Educação Básica - Disciplina que atua - /Componentes curriculares - Física,,dicionário_dados_educação_básica_2025.xlsx
2025,Tabela_de_Docente,QT_DOC_BAS_DISC_QUIMICA,Número de Docentes da Educação Básica - Disciplina que atua - /Componentes curriculares - Química,,dicionário_dados_educação_básica_2025.xlsx
2025,Tabela_de_Docente,QT_DOC_BAS_DISC_BIOLOGIA,Número de Docentes da Educação Básica - Disciplina que atua - /Componentes curriculares - Biologia,,dicionário_dados_educação_básica_2025.xlsx
2025,Tabela_de_Docente,QT_DOC_BAS_DISC_HISTORIA,Número de Docentes da Educação Básica - Disciplina que atua - /Componentes curriculares - História,,dicionário_dados_educação_básica_2025.xlsx
2025,Tabela_de_Docente,QT_DOC_BAS_DISC_GEOGRAFIA,Número de Docentes da Educação Básica - Disciplina que atua - /Componentes curriculares - Geografia,,dicionário_dados_educação_básica_2025.xlsx
2025,Tabela_de_Docente,QT_DOC_BAS_DISC_SOCIOLOGIA,Número de Docentes da Educação Básica - Disciplina que atua - /Componentes curriculares - Sociologia,,dicionário_dados_educação_básica_2025.xlsx
2025,Tabela_de_Docente,QT_DOC_BAS_DISC_FILOSOFIA,Número de Docentes da Educação Básica - Disciplina que atua - /Componentes curriculares - Filosofia,,dicionário_dados_educação_básica_2025.xlsx
2025,Tabela_de_Docente,QT_DOC_BAS_DISC_EST_SOCIAIS,Número de Docentes da Educação Básica - Disciplina que atua - /Componentes curriculares - Estudos Sociais,,dicionário_dados_educação_básica_2025.xlsx
2025,Tabela_de_Docente,QT_DOC_BAS_DISC_EST_SOCIAIS_SOCI,Número de Docentes da Educação Básica - Disciplina que atua - /Componentes curriculares - Estudos Sociais ou Sociologia,,dicionário_dados_educação_básica_2025.xlsx
2025,Tabela_de_Docente,QT_DOC_BAS_DISC_INFO_COMPUTACAO,Número de Docentes da Educação Básica - Disciplina que atua - /Componentes curriculares - Informática / Computação,,dicionário_dados_educação_básica_2025.xlsx
2025,Tabela_de_Docente,QT_DOC_BAS_DISC_ENSINO_RELIGIOSO,Número de Docentes da Educação Básica - Disciplina que atua - /Componentes curriculares - Ensino Religioso,,dicionário_dados_educação_básica_2025.xlsx
2025,Tabela_de_Docente,QT_DOC_BAS_DISC_PROFISSIONA,Número de Docentes da Educação Básica - Disciplina que atua - /Componentes curriculares - Disciplinas dos cursos técnicos profissionais,,dicionário_dados_educação_básica_2025.xlsx
2025,Tabela_de_Docente,QT_DOC_BAS_DISC_ESTAGIO_SUPER,Número de Docentes da Educação Básica - Disciplina que atua - /Componentes curriculares - Estágio curricular supervisionado,,dicionário_dados_educação_básica_2025.xlsx
2025,Tabela_de_Docente,QT_DOC_BAS_DISC_PEDAGOGICAS,Número de Docentes da Educação Básica - Disciplina que atua - /Componentes curriculares - Disciplinas pedagógicas,,dicionário_dados_educação_básica_2025.xlsx
2025,Tabela_de_Docente,QT_DOC_BAS_DISC_PROJETO_DE_VIDA,Número de Docentes da Educação Básica - Disciplina que atua - /Componentes curriculares - Projeto de vida,,dicionário_dados_educação_básica_2025.xlsx
2025,Tabela_de_Docente,QT_DOC_BAS_DISC_OUTRAS,Número de Docentes da Educação Básica - Disciplina que atua - /Componentes curriculares - Outras disciplinas,,dicionário_dados_educação_básica_2025.xlsx
2025,Tabela_de_Docente,QT_DOC_BAS_LIBRAS,"Número de Docentes da Educação Básica - Classe bilíngue de surdos tendo a Libras (Língua Brasileira de Sinais) como língua de instrução, ensino, comunicação e interação e a língua portuguesa escrita como segunda língua",,dicionário_dados_educação_básica_2025.xlsx
2025,Tabela_de_Turma,NU_ANO_CENSO,Ano do Censo,,dicionário_dados_educação_básica_2025.xlsx
2025,Tabela_de_Turma,NO_REGIAO,Nome da Região Geográfica,,dicionário_dados_educação_básica_2025.xlsx
2025,Tabela_de_Turma,CO_REGIAO,Código da Região Geográfica,,dicionário_dados_educação_básica_2025.xlsx
2025,Tabela_de_Turma,NO_UF,Nome da Unidade da Federação,,dicionário_dados_educação_básica_2025.xlsx
2025,Tabela_de_Turma,SG_UF,Sigla da Unidade da Federação,,dicionário_dados_educação_básica_2025.xlsx
2025,Tabela_de_Turma,CO_UF,Código da Unidade da Federação,,dicionário_dados_educação_básica_2025.xlsx
2025,Tabela_de_Turma,NO_MUNICIPIO,Nome do Município,,dicionário_dados_educação_básica_2025.xlsx
2025,Tabela_de_Turma,CO_MUNICIPIO,Código do Município,,dicionário_dados_educação_básica_2025.xlsx
2025,Tabela_de_Turma,NO_REGIAO_GEOG_INTERM,Nome da Região Geográfica Intermediária,"A Fundação Instituto Brasileiro de Geografia e Estatísticas (IBGE), propôs em 2017 uma nova divisão geográfica regional do Brasil que corresponde às antigas Mesorregiões e Microrregiões. Assim, a partir de 2019, as regiões geográficas regionais são classificadas em Regiões Geográficas Intermediárias e Regiões Imediatas. No Censo Escolar, para fins de comparação ao longo dos anos, foram mantidas as variáveis de Mesorregiões e Microrregiões.",dicionário_dados_educação_básica_2025.xlsx
2025,Tabela_de_Turma,CO_REGIAO_GEOG_INTERM,Código da Região Geográfica Intermediária,,dicionário_dados_educação_básica_2025.xlsx
2025,Tabela_de_Turma,NO_REGIAO_GEOG_IMED,Nome da Região Geográfica Imediata,,dicionário_dados_educação_básica_2025.xlsx
2025,Tabela_de_Turma,CO_REGIAO_GEOG_IMED,Código da Região Geográfica Imediata,,dicionário_dados_educação_básica_2025.xlsx
2025,Tabela_de_Turma,NO_DISTRITO,Divisão Intramunicipal - Nome do Distrito,,dicionário_dados_educação_básica_2025.xlsx
2025,Tabela_de_Turma,CO_DISTRITO,Divisão Intramunicipal - Código do Distrito,,dicionário_dados_educação_básica_2025.xlsx
2025,Tabela_de_Turma,NO_SUBDISTRITO,Divisão Intramunicipal - Nome do Subdistrito,"A partir do Censo Escolar de 2025, a coleta de informações passou a contemplar dados geográficos desagregados pelo Código das Regiões Administrativas exclusivamente para o Distrito Federal. Em decorrência dessa alteração, nos Microdados, o nome e o código das Regiões Administrativas do Distrito Federal passaram a ser incorporados às variáveis de Código e Nome do Distrito.
Assim, nesta versão dos Microdados, as variáveis NO_REGIAO_ADMINISTRATIVA e CO_REGIAO_ADMINISTRATIVA foram, respectivamente, integradas às variáveis NO_DISTRITO e CO_DISTRITO.",dicionário_dados_educação_básica_2025.xlsx
2025,Tabela_de_Turma,CO_SUBDISTRITO,Divisão Intramunicipal - Código do Subdistrito,,dicionário_dados_educação_básica_2025.xlsx
2025,Tabela_de_Turma,NO_ENTIDADE,Nome da Escola,,dicionário_dados_educação_básica_2025.xlsx
2025,Tabela_de_Turma,CO_ENTIDADE,Código da Escola,,dicionário_dados_educação_básica_2025.xlsx
2025,Tabela_de_Turma,CO_REDE,Rede de Ensino,"Variável incluída nos Microdados com o objetivo de facilitar a identificação e a extração de informações por Rede de Ensino (Pública ou Privada). Trata-se de variável derivada da variável TP_DEPENDENCIA, sendo que a rede pública compreende as esferas Federal, Estadual e Municipal.",dicionário_dados_educação_básica_2025.xlsx
2025,Tabela_de_Turma,TP_DEPENDENCIA,Dependência Administrativa,,dicionário_dados_educação_básica_2025.xlsx
2025,Tabela_de_Turma,TP_CATEGORIA_ESCOLA_PRIVADA,Categoria da escola privada,,dicionário_dados_educação_básica_2025.xlsx
2025,Tabela_de_Turma,TP_LOCALIZACAO,Localização,,dicionário_dados_educação_básica_2025.xlsx
2025,Tabela_de_Turma,TP_LOCALIZACAO_DIFERENCIADA,Localização diferenciada da escola,"De 2007 a 2011:  
0 - Não se aplica
1 - Área de assentamento
2 - Terra indígena
3 - Área remanescente de quilombos
De 2012 a 2018:  
0 - A escola não está em área de localização diferenciada
1 - Área de assentamento
2 - Terra indígena
3 - Área remanescente de quilombos
4 - Unidade de uso sustentável
5 - Unidade de uso sustentável em terra indígena
6 - Unidade de uso sustentável em área remanescente de quilombos
De 2019 a 2022: 
0 - A escola não está em área de localização diferenciada
1 - Área de assentamento
2 - Terra indígena
3 - Área onde se localiza comunidade remanescente de quilombos
Em 2023 foi adicionada a categoria 8: 
8 - Área onde se localizam povos e comunidades tradicionais",dicionário_dados_educação_básica_2025.xlsx
2025,Tabela_de_Turma,IN_PODER_PUBLICO_PARCERIA,"Parceria ou convênio com o poder público (parceria ou convênio firmado entre a Administração Pública e instituições privadas ou instituições públicas de ensino, autarquias e fundações da administração indireta e demais instituições de educação profissional técnica de nível médio dos serviços sociais autônomos que integram o sistema federal de ensino, para financiamento do atendimento educacional ou para a oferta do itinerário de formação técnica e profissional do ensino médio)","Entre 2007 e 2021:
A variável IN_CONVENIADA_PP foi renomeada para:
IN_PODER_PUBLICO_PARCERIA",dicionário_dados_educação_básica_2025.xlsx
2025,Tabela_de_Turma,TP_PODER_PUBLICO_PARCERIA,Poder público responsável pela parceria ou convênio entre a Administração Pública e outras instituições,"Entre 2007 e 2021:
A variável TP_CONVENIO_PODER_PUBLICO foi renomeada para: TP_PODER_PUBLICO_PARCERIA",dicionário_dados_educação_básica_2025.xlsx
2025,Tabela_de_Turma,QT_TUR_BAS,Número de Turmas da Educação Básica,"Docentes referem-se aos indivíduos que estavam em efetiva regência de classe na data de referência do Censo Escolar da Educação Básica, incluindo somente o Docente em sala de aula presencial e o Docente Titular - coordenador de tutoria (de módulo ou disciplina) - EAD",dicionário_dados_educação_básica_2025.xlsx
2025,Tabela_de_Turma,QT_TUR_INF,Número de Turmas da Educação Infantil,,dicionário_dados_educação_básica_2025.xlsx
2025,Tabela_de_Turma,QT_TUR_INF_CRE,Número de Turmas da Educação Infantil - Creche,,dicionário_dados_educação_básica_2025.xlsx
2025,Tabela_de_Turma,QT_TUR_INF_PRE,Número de Turmas da Educação Infantil - Pré-Escola,,dicionário_dados_educação_básica_2025.xlsx
2025,Tabela_de_Turma,QT_TUR_FUND,Número de Turmas do Ensino Fundamental,,dicionário_dados_educação_básica_2025.xlsx
2025,Tabela_de_Turma,QT_TUR_FUND_AI,Número de Turmas do Ensino Fundamental - Anos Iniciais,,dicionário_dados_educação_básica_2025.xlsx
2025,Tabela_de_Turma,QT_TUR_FUND_AI_1,Número de Turmas do Ensino Fundamental - Anos Iniciais - 1º Ano,,dicionário_dados_educação_básica_2025.xlsx
2025,Tabela_de_Turma,QT_TUR_FUND_AI_2,Número de Turmas do Ensino Fundamental - Anos Iniciais - 2º Ano,,dicionário_dados_educação_básica_2025.xlsx
2025,Tabela_de_Turma,QT_TUR_FUND_AI_3,Número de Turmas do Ensino Fundamental - Anos Iniciais - 3º Ano,,dicionário_dados_educação_básica_2025.xlsx
2025,Tabela_de_Turma,QT_TUR_FUND_AI_4,Número de Turmas do Ensino Fundamental - Anos Iniciais - 4º Ano,,dicionário_dados_educação_básica_2025.xlsx
2025,Tabela_de_Turma,QT_TUR_FUND_AI_5,Número de Turmas do Ensino Fundamental - Anos Iniciais - 5º Ano,,dicionário_dados_educação_básica_2025.xlsx
2025,Tabela_de_Turma,QT_TUR_FUND_AI_MULTIETAPA,Número de Turmas do Ensino Fundamental - Educação Infantil e Ensino Fundamental Multietapa,,dicionário_dados_educação_básica_2025.xlsx
2025,Tabela_de_Turma,QT_TUR_FUND_AF,Número de Turmas do Ensino Fundamental - Anos Finais,,dicionário_dados_educação_básica_2025.xlsx
2025,Tabela_de_Turma,QT_TUR_FUND_AF_6,Número de Turmas do Ensino Fundamental - Anos Finais - 6º Ano,,dicionário_dados_educação_básica_2025.xlsx
2025,Tabela_de_Turma,QT_TUR_FUND_AF_7,Número de Turmas do Ensino Fundamental - Anos Finais - 7º Ano,,dicionário_dados_educação_básica_2025.xlsx
2025,Tabela_de_Turma,QT_TUR_FUND_AF_8,Número de Turmas do Ensino Fundamental - Anos Finais - 8º Ano,,dicionário_dados_educação_básica_2025.xlsx
2025,Tabela_de_Turma,QT_TUR_FUND_AF_9,Número de Turmas do Ensino Fundamental - Anos Finais - 9º Ano,,dicionário_dados_educação_básica_2025.xlsx
2025,Tabela_de_Turma,QT_TUR_FUND_AF_MULTI,Número de Turmas do Ensino Fundamental - Multi,,dicionário_dados_educação_básica_2025.xlsx
2025,Tabela_de_Turma,QT_TUR_FUND_AF_CORRFLUXO,Número de Turmas do Ensino Fundamental - Correção de Fluxo,,dicionário_dados_educação_básica_2025.xlsx
2025,Tabela_de_Turma,QT_TUR_MED,Número de Turmas do Ensino Médio Regular,,dicionário_dados_educação_básica_2025.xlsx
2025,Tabela_de_Turma,QT_TUR_MED_1,Número de Turmas do Ensino Médio Regular - 1º ano/1ª Série,,dicionário_dados_educação_básica_2025.xlsx
2025,Tabela_de_Turma,QT_TUR_MED_2,Número de Turmas do Ensino Médio Regular - 2º ano/2ª Série,,dicionário_dados_educação_básica_2025.xlsx
2025,Tabela_de_Turma,QT_TUR_MED_3,Número de Turmas do Ensino Médio Regular - 3º ano/3ª Série,,dicionário_dados_educação_básica_2025.xlsx
2025,Tabela_de_Turma,QT_TUR_MED_4,Número de Turmas do Ensino Médio Regular - 4º ano/4ª Série,,dicionário_dados_educação_básica_2025.xlsx
2025,Tabela_de_Turma,QT_TUR_MED_NS,Número de Turmas do Ensino Médio Regular - Não Seriado,,dicionário_dados_educação_básica_2025.xlsx
2025,Tabela_de_Turma,QT_TUR_MED_PROP,Número de Turmas do Ensino Médio Regular - Propedêutico,,dicionário_dados_educação_básica_2025.xlsx
2025,Tabela_de_Turma,QT_TUR_MED_PROP_1,Número de Turmas do Ensino Médio Regular - Propedêutico - 1º ano/1ª Série,,dicionário_dados_educação_básica_2025.xlsx
2025,Tabela_de_Turma,QT_TUR_MED_PROP_2,Número de Turmas do Ensino Médio Regular - Propedêutico - 2º ano/2ª Série,,dicionário_dados_educação_básica_2025.xlsx
2025,Tabela_de_Turma,QT_TUR_MED_PROP_3,Número de Turmas do Ensino Médio Regular - Propedêutico - 3º ano/3ª Série,,dicionário_dados_educação_básica_2025.xlsx
2025,Tabela_de_Turma,QT_TUR_MED_PROP_4,Número de Turmas do Ensino Médio Regular - Propedêutico - 4º ano/4ª Série,,dicionário_dados_educação_básica_2025.xlsx
2025,Tabela_de_Turma,QT_TUR_MED_PROP_NS,Número de Turmas do Ensino Médio Regular - Propedêutico - Não Seriado,,dicionário_dados_educação_básica_2025.xlsx
2025,Tabela_de_Turma,QT_TUR_MED_IFTP_CT,Número de Turmas do Ensino Médio Regular - Ensino Médio Regular articulado ao Itinerário Formativo Técnico Profissional (IFTP) - Curso Técnico,,dicionário_dados_educação_básica_2025.xlsx
2025,Tabela_de_Turma,QT_TUR_MED_IFTP_CT_1,Número de Turmas do Ensino Médio Regular - Ensino Médio Regular articulado ao Itinerário Formativo Técnico Profissional (IFTP) - Curso Técnico - 1º ano/1ª Série,,dicionário_dados_educação_básica_2025.xlsx
2025,Tabela_de_Turma,QT_TUR_MED_IFTP_CT_2,Número de Turmas do Ensino Médio Regular - Ensino Médio Regular articulado ao Itinerário Formativo Técnico Profissional (IFTP) - Curso Técnico - 2º ano/2ª Série,,dicionário_dados_educação_básica_2025.xlsx
2025,Tabela_de_Turma,QT_TUR_MED_IFTP_CT_3,Número de Turmas do Ensino Médio Regular - Ensino Médio Regular articulado ao Itinerário Formativo Técnico Profissional (IFTP) - Curso Técnico - 3º ano/3ª Série,,dicionário_dados_educação_básica_2025.xlsx
2025,Tabela_de_Turma,QT_TUR_MED_IFTP_CT_4,Número de Turmas do Ensino Médio Regular - Ensino Médio Regular articulado ao Itinerário Formativo Técnico Profissional (IFTP) - Curso Técnico - 4º ano/4ª Série,,dicionário_dados_educação_básica_2025.xlsx
2025,Tabela_de_Turma,QT_TUR_MED_IFTP_CT_NS,Número de Turmas do Ensino Médio Regular - Ensino Médio Regular articulado ao Itinerário Formativo Técnico Profissional (IFTP) - Curso Técnico - Não Seriado,,dicionário_dados_educação_básica_2025.xlsx
2025,Tabela_de_Turma,QT_TUR_MED_IFTP_QP,Número de Turmas do Ensino Médio Regular - Ensino Médio Regular articulado ao Itinerário Formativo Técnico Profissional (IFTP) - Qualificação Profissional,,dicionário_dados_educação_básica_2025.xlsx
2025,Tabela_de_Turma,QT_TUR_MED_IFTP_QP_1,Número de Turmas do Ensino Médio Regular - Ensino Médio Regular articulado ao Itinerário Formativo Técnico Profissional (IFTP) - Qualificação Profissional - 1º ano/1ª Série,,dicionário_dados_educação_básica_2025.xlsx
2025,Tabela_de_Turma,QT_TUR_MED_IFTP_QP_2,Número de Turmas do Ensino Médio Regular - Ensino Médio Regular articulado ao Itinerário Formativo Técnico Profissional (IFTP) - Qualificação Profissional - 2º ano/2ª Série,,dicionário_dados_educação_básica_2025.xlsx
2025,Tabela_de_Turma,QT_TUR_MED_IFTP_QP_3,Número de Turmas do Ensino Médio Regular - Ensino Médio Regular articulado ao Itinerário Formativo Técnico Profissional (IFTP) - Qualificação Profissional - 3º ano/3ª Série,,dicionário_dados_educação_básica_2025.xlsx
2025,Tabela_de_Turma,QT_TUR_MED_IFTP_QP_4,Número de Turmas do Ensino Médio Regular - Ensino Médio Regular articulado ao Itinerário Formativo Técnico Profissional (IFTP) - Qualificação Profissional - 4º ano/4ª Série,,dicionário_dados_educação_básica_2025.xlsx
2025,Tabela_de_Turma,QT_TUR_MED_IFTP_QP_NS,Número de Turmas do Ensino Médio Regular - Ensino Médio Regular articulado ao Itinerário Formativo Técnico Profissional (IFTP) - Qualificação Profissional - Não Seriado,,dicionário_dados_educação_básica_2025.xlsx
2025,Tabela_de_Turma,QT_TUR_MED_NM,Número de Turmas do Ensino Médio Regular -  Modalidade Normal/Magistério,,dicionário_dados_educação_básica_2025.xlsx
2025,Tabela_de_Turma,QT_TUR_MED_NM_1,Número de Turmas do Ensino Médio Regular -  Modalidade Normal/Magistério - 1º ano/1ª Série,,dicionário_dados_educação_básica_2025.xlsx
2025,Tabela_de_Turma,QT_TUR_MED_NM_2,Número de Turmas do Ensino Médio Regular -  Modalidade Normal/Magistério - 2º ano/2ª Série,,dicionário_dados_educação_básica_2025.xlsx
2025,Tabela_de_Turma,QT_TUR_MED_NM_3,Número de Turmas do Ensino Médio Regular -  Modalidade Normal/Magistério - 3º ano/3ª Série,,dicionário_dados_educação_básica_2025.xlsx
2025,Tabela_de_Turma,QT_TUR_MED_NM_4,Número de Turmas do Ensino Médio Regular -  Modalidade Normal/Magistério - 4º ano/4ª Série,,dicionário_dados_educação_básica_2025.xlsx
2025,Tabela_de_Turma,QT_TUR_MED_IFA_EXC,"Número de Turmas do Ensino Médio Regular - Itinerário Formativo Exclusivo - Turma de Itinerário Formativo de Aprofundamento (IFA) - Exclusivo, que possui algum aluno do Ensino Médio Regular",,dicionário_dados_educação_básica_2025.xlsx
2025,Tabela_de_Turma,QT_TUR_MED_IFTP_EXC,"Número de Turmas do Ensino Médio Regular - Itinerário Formativo Técnico Profissional (IFTP) Exclusivo - Curso Técnico, que possui algum aluno do Ensino Médio Regular",,dicionário_dados_educação_básica_2025.xlsx
2025,Tabela_de_Turma,QT_TUR_MED_IFTP_EXC_QP,"Número de Turmas do Ensino Médio Regular - Itinerário Formativo Técnico Profissional (IFTP) Exclusivo - Qualificação Profissional, que possui algum aluno do Ensino Médio Regular",,dicionário_dados_educação_básica_2025.xlsx
2025,Tabela_de_Turma,QT_TUR_MED_IFA,"Número de Matrículas do Ensino Médio Regular - Itinerário formativo de aprofundamento (IFA). Percursos educacionais estruturados de livre escolha dos estudantes, que permite aos educandos o aprofundamento de suas aprendizagens e de seu desenvolvimento em uma ou em mais áreas do conhecimento. Deve realizar-se por meio da oferta de projetos interdisciplinares e integradores, organizados com ênfase nos componentes curriculares que compõem a(s) área(s) de conhecimento eleitas, de modo a ampliar o diálogo entre as dimensões teóricas e práticas dos conteúdos, a consideração e valorização da diversidade territorial e cultural do Brasil e as escolhas estabelecidas na proposta pedagógica de cada unidade escolar.",,dicionário_dados_educação_básica_2025.xlsx
2025,Tabela_de_Turma,QT_TUR_MED_IFA_LING,Número de Turmas do Ensino Médio Regular - Área do Itinerário formativo de aprofundamento (IFA) - Linguagens e suas tecnologias,,dicionário_dados_educação_básica_2025.xlsx
2025,Tabela_de_Turma,QT_TUR_MED_IFA_MATE,Número de Turmas do Ensino Médio Regular - Área do Itinerário formativo de aprofundamento (IFA) - Matemática e suas tecnologias,,dicionário_dados_educação_básica_2025.xlsx
2025,Tabela_de_Turma,QT_TUR_MED_IFA_CIENC,Número de Turmas do Ensino Médio Regular - Área do Itinerário formativo de aprofundamento (IFA) - Ciências da natureza e suas tecnologias,,dicionário_dados_educação_básica_2025.xlsx
2025,Tabela_de_Turma,QT_TUR_MED_IFA_HUMA,Número de Turmas do Ensino Médio Regular - Área do Itinerário formativo de aprofundamento (IFA) - Ciências humanas e sociais aplicadas,,dicionário_dados_educação_básica_2025.xlsx
2025,Tabela_de_Turma,QT_TUR_PROF,Número de Turmas da Educação Profissional,"Modo profissionalizante de ensino correspondente às turmas de cursos técnicos de nível médio nas formas articuladas (integrada ou concomitante), ou subsequente ao ensino médio e de normal/magistério, e as turmas de cursos profissionalizantes não-técnicos. Inclui as seguintes etapas de ensino:            Ensino Médio articulado ao Itinerário Formativo Técnico Profissional - Curso Técnico, Ensino Médio Normal/Magistério, Curso Técnico Concomitante, Curso Técnico Subsequente,  Curso Técnico Misto (Concomitante e Subsequente), Curso Técnico Integrado à EJA de Nível Médio, Itinerário Formativo Técnico Profissional Exclusivo - Curso Técnico (não articulado ao ensino médio regular), Curso FIC Concomitante, Curso FIC Integrado à EJA de Nível Fundamental, Curso FIC Integrado à EJA de Nível Médio, Ensino Médio articulado ao Itinerário Formativo Técnico Profissional - Qualificação Profissional e Itinerário Formativo Técnico Profissional Exclusivo - Qualificação Profissional (não articulado ao ensino médio regular).",dicionário_dados_educação_básica_2025.xlsx
2025,Tabela_de_Turma,QT_TUR_PROF_TEC,Número de Turmas da Educação Profissional Técnica,"Modo profissionalizante de ensino correspondente às turmas de cursos técnicos de nível médio nas formas articuladas (integrada ou concomitante), ou subsequente ao ensino médio e de normal/magistério. Inclui as seguintes etapas de ensino: Ensino Médio articulado ao Itinerário Formativo Técnico Profissional - Curso Técnico, Ensino Médio Normal/Magistério, Curso Técnico Concomitante, Curso Técnico Subsequente,  Curso Técnico Misto (Concomitante e Subsequente), Curso Técnico Integrado à EJA de Nível Médio, Itinerário Formativo Técnico Profissional Exclusivo - Curso Técnico (não articulado ao ensino médio regular).",dicionário_dados_educação_básica_2025.xlsx
2025,Tabela_de_Turma,QT_TUR_PROF_TEC_CONC,Número de Turmas da Educação Profissional Técnica - Curso Técnico Concomitante,,dicionário_dados_educação_básica_2025.xlsx
2025,Tabela_de_Turma,QT_TUR_PROF_TEC_SUBS,Número de Turmas da Educação Profissional Técnica - Curso Técnico Subsequente,,dicionário_dados_educação_básica_2025.xlsx
2025,Tabela_de_Turma,QT_TUR_PROF_TEC_MISTO,Número de Turmas da Educação Profissional Técnica -  Curso Técnico Misto (Concomitante e Subsequente),,dicionário_dados_educação_básica_2025.xlsx
2025,Tabela_de_Turma,QT_TUR_PROF_TEC_IFTP_CT,Número de Turmas da Educação Profissional Técnica - Itinerário Formativo Técnico Profissional (IFTP) Exclusivo - Curso Técnico (não articulado ao ensino médio regular),,dicionário_dados_educação_básica_2025.xlsx
2025,Tabela_de_Turma,QT_TUR_PROF_NAO_TEC,Número de Turmas da Educação Profissional Não-Técnica,"A Educação Profissional Não -Técnica inclui as seguintes etapas de ensino: Curso FIC Concomitante, Curso FIC Integrado à EJA de Nível Fundamental, Curso FIC Integrado à EJA de Nível Médio, Ensino Médio articulado ao Itinerário Formativo Técnico Profissional - Qualificação Profissional e Itinerário Formativo Técnico Profissional Exclusivo - Qualificação Profissional (não articulado ao ensino médio regular).",dicionário_dados_educação_básica_2025.xlsx
2025,Tabela_de_Turma,QT_TUR_PROF_IFTP_QP,Número de Turmas da Educação Profissional - Itinerário Formativo Técnico Profissional (IFTP) Exclusivo - Qualificação Profissional (não articulado ao ensino médio regular),,dicionário_dados_educação_básica_2025.xlsx
2025,Tabela_de_Turma,QT_TUR_PROF_FIC_CONC,Número de Turmas da Educação Profissional - Curso FIC Concomitante,,dicionário_dados_educação_básica_2025.xlsx
2025,Tabela_de_Turma,QT_TUR_EJA,Número de Turmas da Educação de Jovens e Adultos (EJA),,dicionário_dados_educação_básica_2025.xlsx
2025,Tabela_de_Turma,QT_TUR_EJA_FUND,Número de Turmas da Educação de Jovens e Adultos (EJA) - Ensino Fundamental,,dicionário_dados_educação_básica_2025.xlsx
2025,Tabela_de_Turma,QT_TUR_EJA_FUND_NPROF,Número de Turmas da Educação de Jovens e Adultos (EJA) - Ensino Fundamental - Sem componente profissionalizante,Não inclui turmas do Curso FIC Integrado na Modalidade EJA de Nível Fundamental,dicionário_dados_educação_básica_2025.xlsx
2025,Tabela_de_Turma,QT_TUR_EJA_FUND_AI,Número de Turmas da Educação de Jovens e Adultos (EJA) - Ensino Fundamental - Anos Iniciais,,dicionário_dados_educação_básica_2025.xlsx
2025,Tabela_de_Turma,QT_TUR_EJA_FUND_AF,Número de Turmas da Educação de Jovens e Adultos (EJA) - Ensino Fundamental - Anos Finais,,dicionário_dados_educação_básica_2025.xlsx
2025,Tabela_de_Turma,QT_TUR_EJA_FUND_PJ,Número de Turmas da Educação de Jovens e Adultos (EJA) - Ensino Fundamental - Projovem Urbano,,dicionário_dados_educação_básica_2025.xlsx
2025,Tabela_de_Turma,QT_TUR_EJA_FUND_AIAF,Número de Turmas da Educação de Jovens e Adultos (EJA) - Ensino Fundamental - Anos Iniciais e Anos Finais,"Categoria de etapa de ensino existente na base de matrículas apenas em 2007. De 2008 a 2015 os alunos de turmas da EJA Anos iniciais e Anos finais, foram registrados separadamente como EJA anos iniciais ou EJA anos finais do Ensino Fundamental.",dicionário_dados_educação_básica_2025.xlsx
2025,Tabela_de_Turma,QT_TUR_EJA_FUND_FIC,Número de Turmas da Educação de Jovens e Adultos (EJA) - Ensino Fundamental - Curso FIC Integrado na Modalidade EJA de Nível Fundamental,,dicionário_dados_educação_básica_2025.xlsx
2025,Tabela_de_Turma,QT_TUR_EJA_MED,Número de Turmas da Educação de Jovens e Adultos (EJA) - Ensino Médio,,dicionário_dados_educação_básica_2025.xlsx
2025,Tabela_de_Turma,QT_TUR_EJA_MED_NPROF,Número de Turmas da Educação de Jovens e Adultos (EJA) - Ensino Médio - Sem componente profissionalizante,Não inclui turmas do Curso FIC Integrado na Modalidade EJA de Nível Médio e do Curso Técnico Integrado na Modalidade EJA de Nível Médio,dicionário_dados_educação_básica_2025.xlsx
2025,Tabela_de_Turma,QT_TUR_EJA_MED_FIC,Número de Turmas da Educação de Jovens e Adultos (EJA) - Ensino Médio - Curso FIC Integrado na Modalidade EJA de Nível Médio,,dicionário_dados_educação_básica_2025.xlsx
2025,Tabela_de_Turma,QT_TUR_EJA_MED_TEC,Número de Turmas da Educação de Jovens e Adultos (EJA) - Ensino Médio - Curso Técnico Integrado na Modalidade EJA de Nível Médio,,dicionário_dados_educação_básica_2025.xlsx
2025,Tabela_de_Turma,QT_TUR_ESP,Número de Turmas da Educação Especial,,dicionário_dados_educação_básica_2025.xlsx
2025,Tabela_de_Turma,QT_TUR_ESP_CC,Número de Turmas da Educação Especial em Classes Comuns,,dicionário_dados_educação_básica_2025.xlsx
2025,Tabela_de_Turma,QT_TUR_ESP_CE,Número de Turmas da Educação Especial em Classes Exclusivas,,dicionário_dados_educação_básica_2025.xlsx
2025,Tabela_de_Turma,QT_TUR_BAS_D,Número de Turmas da Educação Básica - Turno Diurno,Diurno - Quando a maior parte das atividades da turma são realizadas no período entre 6h e 17:59h.,dicionário_dados_educação_básica_2025.xlsx
2025,Tabela_de_Turma,QT_TUR_BAS_DM,Número de Turmas da Educação Básica - Turno Diurno - Matutino,Diurno Matutino - Quando a maior parte das atividades da turma são realizadas no período entre 6h e 11:59h.,dicionário_dados_educação_básica_2025.xlsx
2025,Tabela_de_Turma,QT_TUR_BAS_DV,Número de Turmas da Educação Básica - Turno Diurno - Vespertino,Diurno Vespertino - Quando a maior parte das atividades da turma são realizadas no período entre 12h e 17:59h.,dicionário_dados_educação_básica_2025.xlsx
2025,Tabela_de_Turma,QT_TUR_BAS_N,Número de Turmas da Educação Básica - Turno Noturno,Noturno - quando a maior parte das atividades da turma são realizadas entre 18h e 5:59h.,dicionário_dados_educação_básica_2025.xlsx
2025,Tabela_de_Turma,QT_TUR_BAS_EAD,Número de Turmas da Educação Básica - Turno não aplicável  para turmas semipresenciais ou de Educação a Distância (EAD),,dicionário_dados_educação_básica_2025.xlsx
2025,Tabela_de_Turma,QT_TUR_INF_CRE_D,Número de Turmas da Educação Infantil - Creche - Turno Diurno,Diurno - Quando a maior parte das atividades da turma são realizadas no período entre 6h e 17:59h.,dicionário_dados_educação_básica_2025.xlsx
2025,Tabela_de_Turma,QT_TUR_INF_CRE_DM,Número de Turmas da Educação Infantil - Creche - Turno Diurno - Matutino,Diurno Matutino - Quando a maior parte das atividades da turma são realizadas no período entre 6h e 11:59h.,dicionário_dados_educação_básica_2025.xlsx
2025,Tabela_de_Turma,QT_TUR_INF_CRE_DV,Número de Turmas da Educação Infantil - Creche - Turno Diurno - Vespertino,Diurno Vespertino - Quando a maior parte das atividades da turma são realizadas no período entre 12h e 17:59h.,dicionário_dados_educação_básica_2025.xlsx
2025,Tabela_de_Turma,QT_TUR_INF_CRE_N,Número de Turmas da Educação Infantil - Creche - Turno Noturno,Noturno - quando a maior parte das atividades da turma são realizadas entre 18h e 5:59h.,dicionário_dados_educação_básica_2025.xlsx
2025,Tabela_de_Turma,QT_TUR_INF_PRE_D,Número de Turmas da Educação Infantil - Pré-Escola - Turno Diurno,Diurno - Quando a maior parte das atividades da turma são realizadas no período entre 6h e 17:59h.,dicionário_dados_educação_básica_2025.xlsx
2025,Tabela_de_Turma,QT_TUR_INF_PRE_DM,Número de Turmas da Educação Infantil - Pré-Escola - Turno Diurno - Matutino,Diurno Matutino - Quando a maior parte das atividades da turma são realizadas no período entre 6h e 11:59h.,dicionário_dados_educação_básica_2025.xlsx
2025,Tabela_de_Turma,QT_TUR_INF_PRE_DV,Número de Turmas da Educação Infantil - Pré-Escola - Turno Diurno - Vespertino,Diurno Vespertino - Quando a maior parte das atividades da turma são realizadas no período entre 12h e 17:59h.,dicionário_dados_educação_básica_2025.xlsx
2025,Tabela_de_Turma,QT_TUR_INF_PRE_N,Número de Turmas da Educação Infantil - Pré-Escola - Turno Noturno,Noturno - quando a maior parte das atividades da turma são realizadas entre 18h e 5:59h.,dicionário_dados_educação_básica_2025.xlsx
2025,Tabela_de_Turma,QT_TUR_FUND_D,Número de Turmas do Ensino Fundamental - Turno Diurno,Diurno - Quando a maior parte das atividades da turma são realizadas no período entre 6h e 17:59h.,dicionário_dados_educação_básica_2025.xlsx
2025,Tabela_de_Turma,QT_TUR_FUND_DM,Número de Turmas do Ensino Fundamental - Turno Diurno - Matutino,Diurno Matutino - Quando a maior parte das atividades da turma são realizadas no período entre 6h e 11:59h.,dicionário_dados_educação_básica_2025.xlsx
2025,Tabela_de_Turma,QT_TUR_FUND_DV,Número de Turmas do Ensino Fundamental - Turno Diurno - Vespertino,Diurno Vespertino - Quando a maior parte das atividades da turma são realizadas no período entre 12h e 17:59h.,dicionário_dados_educação_básica_2025.xlsx
2025,Tabela_de_Turma,QT_TUR_FUND_N,Número de Turmas do Ensino Fundamental - Turno Noturno,Noturno - quando a maior parte das atividades da turma são realizadas entre 18h e 5:59h.,dicionário_dados_educação_básica_2025.xlsx
2025,Tabela_de_Turma,QT_TUR_FUND_AI_D,Número de Turmas do Ensino Fundamental - Anos Iniciais - Turno Diurno,Diurno - Quando a maior parte das atividades da turma são realizadas no período entre 6h e 17:59h.,dicionário_dados_educação_básica_2025.xlsx
2025,Tabela_de_Turma,QT_TUR_FUND_AI_DM,Número de Turmas do Ensino Fundamental - Anos Iniciais - Turno Diurno - Matutino,Diurno Matutino - Quando a maior parte das atividades da turma são realizadas no período entre 6h e 11:59h.,dicionário_dados_educação_básica_2025.xlsx
2025,Tabela_de_Turma,QT_TUR_FUND_AI_DV,Número de Turmas do Ensino Fundamental - Anos Iniciais - Turno Diurno - Vespertino,Diurno Vespertino - Quando a maior parte das atividades da turma são realizadas no período entre 12h e 17:59h.,dicionário_dados_educação_básica_2025.xlsx
2025,Tabela_de_Turma,QT_TUR_FUND_AI_N,Número de Turmas do Ensino Fundamental - Anos Iniciais - Turno Noturno,Noturno - quando a maior parte das atividades da turma são realizadas entre 18h e 5:59h.,dicionário_dados_educação_básica_2025.xlsx
2025,Tabela_de_Turma,QT_TUR_FUND_AF_D,Número de Turmas do Ensino Fundamental - Anos Finais - Turno Diurno,Diurno - Quando a maior parte das atividades da turma são realizadas no período entre 6h e 17:59h.,dicionário_dados_educação_básica_2025.xlsx
2025,Tabela_de_Turma,QT_TUR_FUND_AF_DM,Número de Turmas do Ensino Fundamental - Anos Finais - Turno Diurno - Matutino,Diurno Matutino - Quando a maior parte das atividades da turma são realizadas no período entre 6h e 11:59h.,dicionário_dados_educação_básica_2025.xlsx
2025,Tabela_de_Turma,QT_TUR_FUND_AF_DV,Número de Turmas do Ensino Fundamental - Anos Finais - Turno Diurno - Vespertino,Diurno Vespertino - Quando a maior parte das atividades da turma são realizadas no período entre 12h e 17:59h.,dicionário_dados_educação_básica_2025.xlsx
2025,Tabela_de_Turma,QT_TUR_FUND_AF_N,Número de Turmas do Ensino Fundamental - Anos Finais - Turno Noturno,Noturno - quando a maior parte das atividades da turma são realizadas entre 18h e 5:59h.,dicionário_dados_educação_básica_2025.xlsx
2025,Tabela_de_Turma,QT_TUR_MED_D,Número de Turmas do Ensino Médio - Turno Diurno,Diurno - Quando a maior parte das atividades da turma são realizadas no período entre 6h e 17:59h.,dicionário_dados_educação_básica_2025.xlsx
2025,Tabela_de_Turma,QT_TUR_MED_DM,Número de Turmas do Ensino Médio - Turno Diurno - Matutino,Diurno Matutino - Quando a maior parte das atividades da turma são realizadas no período entre 6h e 11:59h.,dicionário_dados_educação_básica_2025.xlsx
2025,Tabela_de_Turma,QT_TUR_MED_DV,Número de Turmas do Ensino Médio - Turno Diurno - Vespertino,Diurno Vespertino - Quando a maior parte das atividades da turma são realizadas no período entre 12h e 17:59h.,dicionário_dados_educação_básica_2025.xlsx
2025,Tabela_de_Turma,QT_TUR_MED_N,Número de Turmas do Ensino Médio - Turno Noturno,Noturno - quando a maior parte das atividades da turma são realizadas entre 18h e 5:59h.,dicionário_dados_educação_básica_2025.xlsx
2025,Tabela_de_Turma,QT_TUR_MED_EAD,Número de Turmas do Ensino Médio - Turno não aplicável  para turmas semipresenciais ou de Educação a Distância (EAD),,dicionário_dados_educação_básica_2025.xlsx
2025,Tabela_de_Turma,QT_TUR_PROF_D,Número de Turmas da Educação Profissional - Turno Diurno,Diurno - Quando a maior parte das atividades da turma são realizadas no período entre 6h e 17:59h.,dicionário_dados_educação_básica_2025.xlsx
2025,Tabela_de_Turma,QT_TUR_PROF_DM,Número de Turmas da Educação Profissional - Turno Diurno - Matutino,Diurno Matutino - Quando a maior parte das atividades da turma são realizadas no período entre 6h e 11:59h.,dicionário_dados_educação_básica_2025.xlsx
2025,Tabela_de_Turma,QT_TUR_PROF_DV,Número de Turmas da Educação Profissional - Turno Diurno - Vespertino,Diurno Vespertino - Quando a maior parte das atividades da turma são realizadas no período entre 12h e 17:59h.,dicionário_dados_educação_básica_2025.xlsx
2025,Tabela_de_Turma,QT_TUR_PROF_N,Número de Turmas da Educação Profissional - Turno Noturno,Noturno - quando a maior parte das atividades da turma são realizadas entre 18h e 5:59h.,dicionário_dados_educação_básica_2025.xlsx
2025,Tabela_de_Turma,QT_TUR_PROF_EAD,Número de Turmas da Educação Profissional - Turno não aplicável  para turmas semipresenciais ou de Educação a Distância (EAD),,dicionário_dados_educação_básica_2025.xlsx
2025,Tabela_de_Turma,QT_TUR_PROF_TEC_D,Número de Turmas da Educação Profissional Técnica - Turno Diurno,Diurno - Quando a maior parte das atividades da turma são realizadas no período entre 6h e 17:59h.,dicionário_dados_educação_básica_2025.xlsx
2025,Tabela_de_Turma,QT_TUR_PROF_TEC_DM,Número de Turmas da Educação Profissional Técnica - Turno Diurno - Matutino,Diurno Matutino - Quando a maior parte das atividades da turma são realizadas no período entre 6h e 11:59h.,dicionário_dados_educação_básica_2025.xlsx
2025,Tabela_de_Turma,QT_TUR_PROF_TEC_DV,Número de Turmas da Educação Profissional Técnica - Turno Diurno - Vespertino,Diurno Vespertino - Quando a maior parte das atividades da turma são realizadas no período entre 12h e 17:59h.,dicionário_dados_educação_básica_2025.xlsx
2025,Tabela_de_Turma,QT_TUR_PROF_TEC_N,Número de Turmas da Educação Profissional Técnica - Turno Noturno,Noturno - quando a maior parte das atividades da turma são realizadas entre 18h e 5:59h.,dicionário_dados_educação_básica_2025.xlsx
2025,Tabela_de_Turma,QT_TUR_PROF_TEC_EAD,Número de Turmas da Educação Profissional Técnica - Turno não aplicável  para turmas semipresenciais ou de Educação a Distância (EAD),,dicionário_dados_educação_básica_2025.xlsx
2025,Tabela_de_Turma,QT_TUR_EJA_D,Número de Turmas da Educação de Jovens e Adultos (EJA) - Turno Diurno,Diurno - Quando a maior parte das atividades da turma são realizadas no período entre 6h e 17:59h.,dicionário_dados_educação_básica_2025.xlsx
2025,Tabela_de_Turma,QT_TUR_EJA_DM,Número de Turmas da Educação de Jovens e Adultos (EJA) - Turno Diurno - Matutino,Diurno Matutino - Quando a maior parte das atividades da turma são realizadas no período entre 6h e 11:59h.,dicionário_dados_educação_básica_2025.xlsx
2025,Tabela_de_Turma,QT_TUR_EJA_DV,Número de Turmas da Educação de Jovens e Adultos (EJA) - Turno Diurno - Vespertino,Diurno Vespertino - Quando a maior parte das atividades da turma são realizadas no período entre 12h e 17:59h.,dicionário_dados_educação_básica_2025.xlsx
2025,Tabela_de_Turma,QT_TUR_EJA_N,Número de Turmas da Educação de Jovens e Adultos (EJA) - Turno Noturno,Noturno - quando a maior parte das atividades da turma são realizadas entre 18h e 5:59h.,dicionário_dados_educação_básica_2025.xlsx
2025,Tabela_de_Turma,QT_TUR_EJA_EAD,Número de Turmas da Educação de Jovens e Adultos (EJA) - Turno não aplicável  para turmas semipresenciais ou de Educação a Distância (EAD),,dicionário_dados_educação_básica_2025.xlsx
2025,Tabela_de_Turma,QT_TUR_EJA_FUND_D,Número de Turmas da Educação de Jovens e Adultos (EJA) - Ensino Fundamental - Turno Diurno,Diurno - Quando a maior parte das atividades da turma são realizadas no período entre 6h e 17:59h.,dicionário_dados_educação_básica_2025.xlsx
2025,Tabela_de_Turma,QT_TUR_EJA_FUND_DM,Número de Turmas da Educação de Jovens e Adultos (EJA) - Ensino Fundamental - Turno Diurno - Matutino,Diurno Matutino - Quando a maior parte das atividades da turma são realizadas no período entre 6h e 11:59h.,dicionário_dados_educação_básica_2025.xlsx
2025,Tabela_de_Turma,QT_TUR_EJA_FUND_DV,Número de Turmas da Educação de Jovens e Adultos (EJA) - Ensino Fundamental - Turno Diurno - Vespertino,Diurno Vespertino - Quando a maior parte das atividades da turma são realizadas no período entre 12h e 17:59h.,dicionário_dados_educação_básica_2025.xlsx
2025,Tabela_de_Turma,QT_TUR_EJA_FUND_N,Número de Turmas da Educação de Jovens e Adultos (EJA) - Ensino Fundamental - Turno Noturno,Noturno - quando a maior parte das atividades da turma são realizadas entre 18h e 5:59h.,dicionário_dados_educação_básica_2025.xlsx
2025,Tabela_de_Turma,QT_TUR_EJA_FUND_EAD,Número de Turmas da Educação de Jovens e Adultos (EJA) - Ensino Fundamental - Turno não aplicável  para turmas semipresenciais ou de Educação a Distância (EAD),,dicionário_dados_educação_básica_2025.xlsx
2025,Tabela_de_Turma,QT_TUR_EJA_MED_D,Número de Turmas da Educação de Jovens e Adultos (EJA) - Ensino Médio - Turno Diurno,Diurno - Quando a maior parte das atividades da turma são realizadas no período entre 6h e 17:59h.,dicionário_dados_educação_básica_2025.xlsx
2025,Tabela_de_Turma,QT_TUR_EJA_MED_DM,Número de Turmas da Educação de Jovens e Adultos (EJA) - Ensino Médio - Turno Diurno - Matutino,Diurno Matutino - Quando a maior parte das atividades da turma são realizadas no período entre 6h e 11:59h.,dicionário_dados_educação_básica_2025.xlsx
2025,Tabela_de_Turma,QT_TUR_EJA_MED_DV,Número de Turmas da Educação de Jovens e Adultos (EJA) - Ensino Médio - Turno Diurno - Vespertino,Diurno Vespertino - Quando a maior parte das atividades da turma são realizadas no período entre 12h e 17:59h.,dicionário_dados_educação_básica_2025.xlsx
2025,Tabela_de_Turma,QT_TUR_EJA_MED_N,Número de Turmas da Educação de Jovens e Adultos (EJA) - Ensino Médio - Turno Noturno,Noturno - quando a maior parte das atividades da turma são realizadas entre 18h e 5:59h.,dicionário_dados_educação_básica_2025.xlsx
2025,Tabela_de_Turma,QT_TUR_EJA_MED_EAD,Número de Turmas da Educação de Jovens e Adultos (EJA) - Ensino Médio - Turno não aplicável  para turmas semipresenciais ou de Educação a Distância (EAD),,dicionário_dados_educação_básica_2025.xlsx
2025,Tabela_de_Turma,QT_TUR_ESP_D,Número de Turmas da Educação Especial - Turno Diurno,Diurno - Quando a maior parte das atividades da turma são realizadas no período entre 6h e 17:59h.,dicionário_dados_educação_básica_2025.xlsx
2025,Tabela_de_Turma,QT_TUR_ESP_DM,Número de Turmas da Educação Especial - Turno Diurno - Matutino,Diurno Matutino - Quando a maior parte das atividades da turma são realizadas no período entre 6h e 11:59h.,dicionário_dados_educação_básica_2025.xlsx
2025,Tabela_de_Turma,QT_TUR_ESP_DV,Número de Turmas da Educação Especial - Turno Diurno - Vespertino,Diurno Vespertino - Quando a maior parte das atividades da turma são realizadas no período entre 12h e 17:59h.,dicionário_dados_educação_básica_2025.xlsx
2025,Tabela_de_Turma,QT_TUR_ESP_N,Número de Turmas da Educação Especial - Turno Noturno,Noturno - quando a maior parte das atividades da turma são realizadas entre 18h e 5:59h.,dicionário_dados_educação_básica_2025.xlsx
2025,Tabela_de_Turma,QT_TUR_ESP_EAD,Número de Turmas da Educação Especial - Turno não aplicável  para turmas semipresenciais ou de Educação a Distância (EAD),,dicionário_dados_educação_básica_2025.xlsx
2025,Tabela_de_Turma,QT_TUR_ESP_CC_D,Número de Turmas da Educação Especial em Classes Comuns - Turno Diurno,Diurno - Quando a maior parte das atividades da turma são realizadas no período entre 6h e 17:59h.,dicionário_dados_educação_básica_2025.xlsx
2025,Tabela_de_Turma,QT_TUR_ESP_CC_DM,Número de Turmas da Educação Especial em Classes Comuns - Turno Diurno - Matutino,Diurno Matutino - Quando a maior parte das atividades da turma são realizadas no período entre 6h e 11:59h.,dicionário_dados_educação_básica_2025.xlsx
2025,Tabela_de_Turma,QT_TUR_ESP_CC_DV,Número de Turmas da Educação Especial em Classes Comuns - Turno Diurno - Vespertino,Diurno Vespertino - Quando a maior parte das atividades da turma são realizadas no período entre 12h e 17:59h.,dicionário_dados_educação_básica_2025.xlsx
2025,Tabela_de_Turma,QT_TUR_ESP_CC_N,Número de Turmas da Educação Especial em Classes Comuns - Turno Noturno,Noturno - quando a maior parte das atividades da turma são realizadas entre 18h e 5:59h.,dicionário_dados_educação_básica_2025.xlsx
2025,Tabela_de_Turma,QT_TUR_ESP_CC_EAD,Número de Turmas da Educação Especial em Classes Comuns - Turno não aplicável  para turmas semipresenciais ou de Educação a Distância (EAD),,dicionário_dados_educação_básica_2025.xlsx
2025,Tabela_de_Turma,QT_TUR_ESP_CE_D,Número de Turmas da Educação Especial em Classes Exclusivas - Turno Diurno,Diurno - Quando a maior parte das atividades da turma são realizadas no período entre 6h e 17:59h.,dicionário_dados_educação_básica_2025.xlsx
2025,Tabela_de_Turma,QT_TUR_ESP_CE_DM,Número de Turmas da Educação Especial em Classes Exclusivas - Turno Diurno - Matutino,Diurno Matutino - Quando a maior parte das atividades da turma são realizadas no período entre 6h e 11:59h.,dicionário_dados_educação_básica_2025.xlsx
2025,Tabela_de_Turma,QT_TUR_ESP_CE_DV,Número de Turmas da Educação Especial em Classes Exclusivas - Turno Diurno - Vespertino,Diurno Vespertino - Quando a maior parte das atividades da turma são realizadas no período entre 12h e 17:59h.,dicionário_dados_educação_básica_2025.xlsx
2025,Tabela_de_Turma,QT_TUR_ESP_CE_N,Número de Turmas da Educação Especial em Classes Exclusivas - Turno Noturno,Noturno - quando a maior parte das atividades da turma são realizadas entre 18h e 5:59h.,dicionário_dados_educação_básica_2025.xlsx
2025,Tabela_de_Turma,QT_TUR_ESP_CE_EAD,Número de Turmas da Educação Especial em Classes Exclusivas - Turno não aplicável  para turmas semipresenciais ou de Educação a Distância (EAD),,dicionário_dados_educação_básica_2025.xlsx
2025,Tabela_de_Turma,QT_TUR_BAS_INT,Número de Turmas da Educação Básica - Tempo Integral,,dicionário_dados_educação_básica_2025.xlsx
2025,Tabela_de_Turma,QT_TUR_INF_INT,Número de Turmas da Educação Infantil - Tempo Integral,,dicionário_dados_educação_básica_2025.xlsx
2025,Tabela_de_Turma,QT_TUR_INF_CRE_INT,Número de Turmas da Educação Infantil - Creche - Tempo Integral,,dicionário_dados_educação_básica_2025.xlsx
2025,Tabela_de_Turma,QT_TUR_INF_PRE_INT,Número de Turmas da Educação Infantil - Pré-Escola - Tempo Integral,,dicionário_dados_educação_básica_2025.xlsx
2025,Tabela_de_Turma,QT_TUR_FUND_INT,Número de Turmas do Ensino Fundamental - Tempo Integral,,dicionário_dados_educação_básica_2025.xlsx
2025,Tabela_de_Turma,QT_TUR_FUND_AI_INT,Número de Turmas do Ensino Fundamental - Anos Iniciais - Tempo Integral,,dicionário_dados_educação_básica_2025.xlsx
2025,Tabela_de_Turma,QT_TUR_FUND_AF_INT,Número de Turmas do Ensino Fundamental - Anos Finais - Tempo Integral,,dicionário_dados_educação_básica_2025.xlsx
2025,Tabela_de_Turma,QT_TUR_MED_INT,Número de Turmas do Ensino Médio - Tempo Integral,,dicionário_dados_educação_básica_2025.xlsx
2025,Tabela_de_Turma,QT_TUR_PROF_INT,Número de Turmas da Educação Profissional - Tempo Integral,Faixa etária calculada com base na idade do aluno na data de referência do Censo Escolar (última quarta-feira do mês de maio),dicionário_dados_educação_básica_2025.xlsx
2025,Tabela_de_Turma,QT_TUR_PROF_TEC_INT,Número de Turmas da Educação Profissional Técnica - Tempo Integral,,dicionário_dados_educação_básica_2025.xlsx
2025,Tabela_de_Turma,QT_TUR_EJA_INT,Número de Turmas da Educação de Jovens e Adultos (EJA) - Tempo Integral,,dicionário_dados_educação_básica_2025.xlsx
2025,Tabela_de_Turma,QT_TUR_EJA_FUND_INT,Número de Turmas da Educação de Jovens e Adultos (EJA) - Ensino Fundamental - Tempo Integral,,dicionário_dados_educação_básica_2025.xlsx
2025,Tabela_de_Turma,QT_TUR_EJA_MED_INT,Número de Turmas da Educação de Jovens e Adultos (EJA) - Ensino Médio - Tempo Integral,,dicionário_dados_educação_básica_2025.xlsx
2025,Tabela_de_Turma,QT_TUR_ESP_INT,Número de Turmas da Educação Especial - Tempo Integral,,dicionário_dados_educação_básica_2025.xlsx
2025,Tabela_de_Turma,QT_TUR_ESP_CC_INT,Número de Turmas da Educação Especial em Classes Comuns - Tempo Integral,,dicionário_dados_educação_básica_2025.xlsx
2025,Tabela_de_Turma,QT_TUR_ESP_CE_INT,Número de Turmas da Educação Especial em Classes Exclusivas - Tempo Integral,,dicionário_dados_educação_básica_2025.xlsx
2025,Tabela_de_Turma,QT_TUR_BAS_DISC_LINGUA_PORT,Áreas do conhecimento/Componentes curriculares - Língua/ Literatura Portuguesa,,dicionário_dados_educação_básica_2025.xlsx
2025,Tabela_de_Turma,QT_TUR_BAS_DISC_EDUC_FISICA,Áreas do conhecimento/Componentes curriculares - Educação Física,,dicionário_dados_educação_básica_2025.xlsx
2025,Tabela_de_Turma,QT_TUR_BAS_DISC_ARTES,"Áreas do conhecimento/Componentes curriculares - Artes (Educação Artística, Teatro, Dança, Música, Artes Plásticas e outras)",,dicionário_dados_educação_básica_2025.xlsx
2025,Tabela_de_Turma,QT_TUR_BAS_DISC_LINGUA_ING,Áreas do conhecimento/Componentes curriculares - Língua/ Literatura estrangeira - Inglês,,dicionário_dados_educação_básica_2025.xlsx
2025,Tabela_de_Turma,QT_TUR_BAS_DISC_LINGUA_ESPA,Áreas do conhecimento/Componentes curriculares - Língua/ Literatura estrangeira - Espanhol,,dicionário_dados_educação_básica_2025.xlsx
2025,Tabela_de_Turma,QT_TUR_BAS_DISC_LINGUA_FRANC,Áreas do conhecimento/Componentes curriculares - Língua/ Literatura estrangeira - Francês,,dicionário_dados_educação_básica_2025.xlsx
2025,Tabela_de_Turma,QT_TUR_BAS_DISC_LINGUA_OUTRA,Áreas do conhecimento/Componentes curriculares - Língua/ Literatura estrangeira - Outra,,dicionário_dados_educação_básica_2025.xlsx
2025,Tabela_de_Turma,QT_TUR_BAS_DISC_LIBRAS,Áreas do conhecimento/Componentes curriculares - Libras,,dicionário_dados_educação_básica_2025.xlsx
2025,Tabela_de_Turma,QT_TUR_BAS_DISC_LINGUA_INDIG,Áreas do conhecimento/Componentes curriculares - Língua Indígena,,dicionário_dados_educação_básica_2025.xlsx
2025,Tabela_de_Turma,QT_TUR_BAS_DISC_PORT_SEG_LINGUA,Áreas do conhecimento/Componentes curriculares - Língua Portuguesa como segunda língua,,dicionário_dados_educação_básica_2025.xlsx
2025,Tabela_de_Turma,QT_TUR_BAS_DISC_MATEMATICA,Áreas do conhecimento/Componentes curriculares - Matemática,,dicionário_dados_educação_básica_2025.xlsx
2025,Tabela_de_Turma,QT_TUR_BAS_DISC_CIENCIAS,Áreas do conhecimento/Componentes curriculares - Ciências,,dicionário_dados_educação_básica_2025.xlsx
2025,Tabela_de_Turma,QT_TUR_BAS_DISC_FISICA,Áreas do conhecimento/Componentes curriculares - Física,,dicionário_dados_educação_básica_2025.xlsx
2025,Tabela_de_Turma,QT_TUR_BAS_DISC_QUIMICA,Áreas do conhecimento/Componentes curriculares - Química,,dicionário_dados_educação_básica_2025.xlsx
2025,Tabela_de_Turma,QT_TUR_BAS_DISC_BIOLOGIA,Áreas do conhecimento/Componentes curriculares - Biologia,,dicionário_dados_educação_básica_2025.xlsx
2025,Tabela_de_Turma,QT_TUR_BAS_DISC_HISTORIA,Áreas do conhecimento/Componentes curriculares - História,,dicionário_dados_educação_básica_2025.xlsx
2025,Tabela_de_Turma,QT_TUR_BAS_DISC_GEOGRAFIA,Áreas do conhecimento/Componentes curriculares - Geografia,,dicionário_dados_educação_básica_2025.xlsx
2025,Tabela_de_Turma,QT_TUR_BAS_DISC_SOCIOLOGIA,Áreas do conhecimento/Componentes curriculares - Sociologia,,dicionário_dados_educação_básica_2025.xlsx
2025,Tabela_de_Turma,QT_TUR_BAS_DISC_FILOSOFIA,Áreas do conhecimento/Componentes curriculares - Filosofia,,dicionário_dados_educação_básica_2025.xlsx
2025,Tabela_de_Turma,QT_TUR_BAS_DISC_EST_SOCIAIS,Áreas do conhecimento/Componentes curriculares - Estudos Sociais,,dicionário_dados_educação_básica_2025.xlsx
2025,Tabela_de_Turma,QT_TUR_BAS_DISC_EST_SOCIAIS_SOCI,Áreas do conhecimento/Componentes curriculares - Estudos Sociais ou Sociologia,,dicionário_dados_educação_básica_2025.xlsx
2025,Tabela_de_Turma,QT_TUR_BAS_DISC_INFO_COMPUTACAO,Áreas do conhecimento/Componentes curriculares - Informática / Computação,,dicionário_dados_educação_básica_2025.xlsx
2025,Tabela_de_Turma,QT_TUR_BAS_DISC_ENSINO_RELIGIOSO,Áreas do conhecimento/Componentes curriculares - Ensino Religioso,,dicionário_dados_educação_básica_2025.xlsx
2025,Tabela_de_Turma,QT_TUR_BAS_DISC_PROFISSIONA,Áreas do conhecimento/Componentes curriculares - Disciplinas dos cursos técnicos profissionais,,dicionário_dados_educação_básica_2025.xlsx
2025,Tabela_de_Turma,QT_TUR_BAS_DISC_ESTAGIO_SUPER,Áreas do conhecimento/Componentes curriculares - Estágio curricular supervisionado,,dicionário_dados_educação_básica_2025.xlsx
2025,Tabela_de_Turma,QT_TUR_BAS_DISC_PEDAGOGICAS,Áreas do conhecimento/Componentes curriculares - Disciplinas pedagógicas,,dicionário_dados_educação_básica_2025.xlsx
2025,Tabela_de_Turma,QT_TUR_BAS_DISC_PROJETO_DE_VIDA,Áreas do conhecimento/Componentes curriculares - Projeto de vida,,dicionário_dados_educação_básica_2025.xlsx
2025,Tabela_de_Turma,QT_TUR_BAS_DISC_OUTRAS,Áreas do conhecimento/Componentes curriculares - Outras disciplinas,,dicionário_dados_educação_básica_2025.xlsx
2025,Tabela_de_Turma,QT_TUR_BAS_LIBRAS,"Número de Turmas da Educação Básica - Classe bilíngue de surdos tendo a Libras (Língua Brasileira de Sinais) como língua de instrução, ensino, comunicação e interação e a língua portuguesa escrita como segunda língua",,dicionário_dados_educação_básica_2025.xlsx
2025,Tabela_de_Gestor,NU_ANO_CENSO,Ano do Censo,,dicionário_dados_educação_básica_2025.xlsx
2025,Tabela_de_Gestor,NO_REGIAO,Nome da Região Geográfica,,dicionário_dados_educação_básica_2025.xlsx
2025,Tabela_de_Gestor,CO_REGIAO,Código da Região Geográfica,,dicionário_dados_educação_básica_2025.xlsx
2025,Tabela_de_Gestor,NO_UF,Nome da Unidade da Federação,,dicionário_dados_educação_básica_2025.xlsx
2025,Tabela_de_Gestor,SG_UF,Sigla da Unidade da Federação,,dicionário_dados_educação_básica_2025.xlsx
2025,Tabela_de_Gestor,CO_UF,Código da Unidade da Federação,,dicionário_dados_educação_básica_2025.xlsx
2025,Tabela_de_Gestor,NO_MUNICIPIO,Nome do Município,,dicionário_dados_educação_básica_2025.xlsx
2025,Tabela_de_Gestor,CO_MUNICIPIO,Código do Município,,dicionário_dados_educação_básica_2025.xlsx
2025,Tabela_de_Gestor,NO_REGIAO_GEOG_INTERM,Nome da Região Geográfica Intermediária,"A Fundação Instituto Brasileiro de Geografia e Estatísticas (IBGE), propôs em 2017 uma nova divisão geográfica regional do Brasil que corresponde às antigas Mesorregiões e Microrregiões. Assim, a partir de 2019, as regiões geográficas regionais são classificadas em Regiões Geográficas Intermediárias e Regiões Imediatas. No Censo Escolar, para fins de comparação ao longo dos anos, foram mantidas as variáveis de Mesorregiões e Microrregiões.",dicionário_dados_educação_básica_2025.xlsx
2025,Tabela_de_Gestor,CO_REGIAO_GEOG_INTERM,Código da Região Geográfica Intermediária,,dicionário_dados_educação_básica_2025.xlsx
2025,Tabela_de_Gestor,NO_REGIAO_GEOG_IMED,Nome da Região Geográfica Imediata,,dicionário_dados_educação_básica_2025.xlsx
2025,Tabela_de_Gestor,CO_REGIAO_GEOG_IMED,Código da Região Geográfica Imediata,,dicionário_dados_educação_básica_2025.xlsx
2025,Tabela_de_Gestor,NO_DISTRITO,Divisão Intramunicipal - Nome do Distrito,,dicionário_dados_educação_básica_2025.xlsx
2025,Tabela_de_Gestor,CO_DISTRITO,Divisão Intramunicipal - Código do Distrito,,dicionário_dados_educação_básica_2025.xlsx
2025,Tabela_de_Gestor,NO_SUBDISTRITO,Divisão Intramunicipal - Nome do Subdistrito,"A partir do Censo Escolar de 2025, a coleta de informações passou a contemplar dados geográficos desagregados pelo Código das Regiões Administrativas exclusivamente para o Distrito Federal. Em decorrência dessa alteração, nos Microdados, o nome e o código das Regiões Administrativas do Distrito Federal passaram a ser incorporados às variáveis de Código e Nome do Distrito.
Assim, nesta versão dos Microdados, as variáveis NO_REGIAO_ADMINISTRATIVA e CO_REGIAO_ADMINISTRATIVA foram, respectivamente, integradas às variáveis NO_DISTRITO e CO_DISTRITO.",dicionário_dados_educação_básica_2025.xlsx
2025,Tabela_de_Gestor,CO_SUBDISTRITO,Divisão Intramunicipal - Código do Subdistrito,,dicionário_dados_educação_básica_2025.xlsx
2025,Tabela_de_Gestor,NO_ENTIDADE,Nome da Escola,,dicionário_dados_educação_básica_2025.xlsx
2025,Tabela_de_Gestor,CO_ENTIDADE,Código da Escola,,dicionário_dados_educação_básica_2025.xlsx
2025,Tabela_de_Gestor,CO_REDE,Rede de Ensino,"Variável incluída nos Microdados com o objetivo de facilitar a identificação e a extração de informações por Rede de Ensino (Pública ou Privada). Trata-se de variável derivada da variável TP_DEPENDENCIA, sendo que a rede pública compreende as esferas Federal, Estadual e Municipal.",dicionário_dados_educação_básica_2025.xlsx
2025,Tabela_de_Gestor,TP_DEPENDENCIA,Dependência Administrativa,s,dicionário_dados_educação_básica_2025.xlsx
2025,Tabela_de_Gestor,TP_CATEGORIA_ESCOLA_PRIVADA,Categoria da escola privada,s,dicionário_dados_educação_básica_2025.xlsx
2025,Tabela_de_Gestor,TP_LOCALIZACAO,Localização,s,dicionário_dados_educação_básica_2025.xlsx
2025,Tabela_de_Gestor,TP_LOCALIZACAO_DIFERENCIADA,Localização diferenciada da escola,s,dicionário_dados_educação_básica_2025.xlsx
2025,Tabela_de_Gestor,IN_PODER_PUBLICO_PARCERIA,"Parceria ou convênio com o poder público (parceria ou convênio firmado entre a Administração Pública e instituições privadas ou instituições públicas de ensino, autarquias e fundações da administração indireta e demais instituições de educação profissional técnica de nível médio dos serviços sociais autônomos que integram o sistema federal de ensino, para financiamento do atendimento educacional ou para a oferta do itinerário de formação técnica e profissional do ensino médio)",s,dicionário_dados_educação_básica_2025.xlsx
2025,Tabela_de_Gestor,TP_PODER_PUBLICO_PARCERIA,Poder público responsável pela parceria ou convênio entre a Administração Pública e outras instituições,s,dicionário_dados_educação_básica_2025.xlsx
2025,Tabela_de_Gestor,QT_GEST_BAS,Número de Gestores Escolares da Educação Básica,,dicionário_dados_educação_básica_2025.xlsx
2025,Tabela_de_Gestor,QT_GEST_BAS_FEM,Número de Gestores Escolares da Educação Básica - Feminino,,dicionário_dados_educação_básica_2025.xlsx
2025,Tabela_de_Gestor,QT_GEST_BAS_MASC,Número de Gestores Escolares da Educação Básica - Masculino,,dicionário_dados_educação_básica_2025.xlsx
2025,Tabela_de_Gestor,QT_GEST_BAS_ND,Número de Gestores Escolares da Educação Básica - Cor/Raça Não Declarada,,dicionário_dados_educação_básica_2025.xlsx
2025,Tabela_de_Gestor,QT_GEST_BAS_BRANCA,Número de Gestores Escolares da Educação Básica - Cor/Raça Branca,,dicionário_dados_educação_básica_2025.xlsx
2025,Tabela_de_Gestor,QT_GEST_BAS_PRETA,Número de Gestores Escolares da Educação Básica - Cor/Raça Preta,,dicionário_dados_educação_básica_2025.xlsx
2025,Tabela_de_Gestor,QT_GEST_BAS_PARDA,Número de Gestores Escolares da Educação Básica - Cor/Raça Parda,,dicionário_dados_educação_básica_2025.xlsx
2025,Tabela_de_Gestor,QT_GEST_BAS_AMARELA,Número de Gestores Escolares da Educação Básica - Cor/Raça Amarela,,dicionário_dados_educação_básica_2025.xlsx
2025,Tabela_de_Gestor,QT_GEST_BAS_INDIGENA,Número de Gestores Escolares da Educação Básica - Cor/Raça Indígena,,dicionário_dados_educação_básica_2025.xlsx
2025,Tabela_de_Gestor,QT_GEST_BAS_NACIO_BRASILEIRA,Número de Gestores Escolares da Educação Básica - Nacionalidade - Brasileira,,dicionário_dados_educação_básica_2025.xlsx
2025,Tabela_de_Gestor,QT_GEST_BAS_NACIO_ESTRANG,Número de Gestores Escolares da Educação Básica - Nacionalidade - Estrangeira,,dicionário_dados_educação_básica_2025.xlsx
2025,Tabela_de_Gestor,QT_GEST_BAS_0_24,Número de Gestores Escolares da Educação Básica - Até 24 anos de idade na data de referência do Censo Escolar (última quarta-feira do mês de maio de 2025),Faixa etária calculada com base na idade do aluno na data de referência do Censo Escolar (última quarta-feira do mês de maio),dicionário_dados_educação_básica_2025.xlsx
2025,Tabela_de_Gestor,QT_GEST_BAS_25_29,Número de Gestores Escolares da Educação Básica - Entre 25 e 29 anos de idade na data de referência do Censo Escolar (última quarta-feira do mês de maio de 2025),,dicionário_dados_educação_básica_2025.xlsx
2025,Tabela_de_Gestor,QT_GEST_BAS_30_39,Número de Gestores Escolares da Educação Básica - Entre 30 e 39 anos de idade na data de referência do Censo Escolar (última quarta-feira do mês de maio de 2025),,dicionário_dados_educação_básica_2025.xlsx
2025,Tabela_de_Gestor,QT_GEST_BAS_40_49,Número de Gestores Escolares da Educação Básica - Entre 40 e 49 anos de idade na data de referência do Censo Escolar (última quarta-feira do mês de maio de 2025),,dicionário_dados_educação_básica_2025.xlsx
2025,Tabela_de_Gestor,QT_GEST_BAS_50_54,Número de Gestores Escolares da Educação Básica - Entre 50 e 54 anos de idade na data de referência do Censo Escolar (última quarta-feira do mês de maio de 2025),,dicionário_dados_educação_básica_2025.xlsx
2025,Tabela_de_Gestor,QT_GEST_BAS_55_59,Número de Gestores Escolares da Educação Básica - Entre 55 e 59 anos de idade na data de referência do Censo Escolar (última quarta-feira do mês de maio de 2025),,dicionário_dados_educação_básica_2025.xlsx
2025,Tabela_de_Gestor,QT_GEST_BAS_60_MAIS,Número de Gestores Escolares da Educação Básica - Com 60 ou mais anos de idade na data de referência do Censo Escolar (última quarta-feira do mês de maio de 2025),,dicionário_dados_educação_básica_2025.xlsx
2025,Tabela_de_Gestor,QT_GEST_BAS_PCD,"Número de Gestores Escolares da Educação Básica com alguma deficiência, transtorno do espectro autista (TEA) ou superdotação",,dicionário_dados_educação_básica_2025.xlsx
2025,Tabela_de_Gestor,QT_GEST_BAS_ZR_URB,Número de Gestores Escolares da Educação Básica - Localização/Zona de residência do Gestor Escolar - Urbana,,dicionário_dados_educação_básica_2025.xlsx
2025,Tabela_de_Gestor,QT_GEST_BAS_ZR_RUR,Número de Gestores Escolares da Educação Básica - Localização/Zona de residência do Gestor Escolar - Rural,,dicionário_dados_educação_básica_2025.xlsx
2025,Tabela_de_Gestor,QT_GEST_BAS_ZR_NA,Número de Gestores Escolares da Educação Básica - Localização/Zona de residência do Gestor Escolar - Não aplicável para Gestores Escolares residentes no exterior,,dicionário_dados_educação_básica_2025.xlsx
2025,Tabela_de_Gestor,QT_GEST_BAS_ESCO_EF,Número de Gestores Escolares da Educação Básica - Maior nível de Escolaridade concluída - Ensino Fundamental,,dicionário_dados_educação_básica_2025.xlsx
2025,Tabela_de_Gestor,QT_GEST_BAS_ESCO_EM,Número de Gestores Escolares da Educação Básica - Maior nível de Escolaridade concluída - Ensino Médio,,dicionário_dados_educação_básica_2025.xlsx
2025,Tabela_de_Gestor,QT_GEST_BAS_ESCO_SUP_GRAD,Número de Gestores Escolares da Educação Básica - Maior nível de Escolaridade concluída - Educação Superior (Graduação),,dicionário_dados_educação_básica_2025.xlsx
2025,Tabela_de_Gestor,QT_GEST_BAS_ESCO_SUP_GRAD_LICEN,Número de Gestores Escolares da Educação Básica - Número de Gestores Escolares da Educação Básica - Maior nível de Escolaridade concluída - Educação Superior Licenciatura,,dicionário_dados_educação_básica_2025.xlsx
2025,Tabela_de_Gestor,QT_GEST_BAS_ESCO_SUP_GRAD_SLICEN,Número de Gestores Escolares da Educação Básica - Número de Gestores Escolares da Educação Básica - Maior nível de Escolaridade concluída - Educação Superior Sem Licenciatura,,dicionário_dados_educação_básica_2025.xlsx
2025,Tabela_de_Gestor,QT_GEST_BAS_ESCO_SUP_POS_ESPEC,Número de Gestores Escolares da Educação Básica -  Pós-Graduação concluída - Especialização,,dicionário_dados_educação_básica_2025.xlsx
2025,Tabela_de_Gestor,QT_GEST_BAS_ESCO_SUP_POS_MESTRA,Número de Gestores Escolares da Educação Básica -  Pós-Graduação concluída - Mestrado,,dicionário_dados_educação_básica_2025.xlsx
2025,Tabela_de_Gestor,QT_GEST_BAS_ESCO_SUP_POS_DOUTO,Número de Gestores Escolares da Educação Básica -  Pós-Graduação concluída - Doutorado,,dicionário_dados_educação_básica_2025.xlsx
2025,Tabela_de_Gestor,QT_GEST_BAS_ESCO_SUP_POS_NENHUM,Número de Gestores Escolares da Educação Básica -  Pós-Graduação concluída - Não tem pós-graduação concluída,,dicionário_dados_educação_básica_2025.xlsx
2025,Tabela_de_Gestor,QT_GEST_BAS_VINCULO_CONCUR,Número de Gestores Escolares da Educação Básica -  Situação Funcional/Regime de contratação/Tipo de Vínculo (Só é aplicável para o cargo de diretor nas escolas públicas) - Concursado/efetivo/estável,,dicionário_dados_educação_básica_2025.xlsx
2025,Tabela_de_Gestor,QT_GEST_BAS_VINCULO_CONTRA,Número de Gestores Escolares da Educação Básica -  Situação Funcional/Regime de contratação/Tipo de Vínculo (Só é aplicável para o cargo de diretor nas escolas públicas) - Contrato temporário,,dicionário_dados_educação_básica_2025.xlsx
2025,Tabela_de_Gestor,QT_GEST_BAS_VINCULO_TERCEIR,Número de Gestores Escolares da Educação Básica -  Situação Funcional/Regime de contratação/Tipo de Vínculo (Só é aplicável para o cargo de diretor nas escolas públicas) - Contrato terceirizado,,dicionário_dados_educação_básica_2025.xlsx
2025,Tabela_de_Gestor,QT_GEST_BAS_VINCULO_CLT,Número de Gestores Escolares da Educação Básica -  Situação Funcional/Regime de contratação/Tipo de Vínculo (Só é aplicável para o cargo de diretor nas escolas públicas) - Contrato CLT,,dicionário_dados_educação_básica_2025.xlsx
2025,Tabela_de_Gestor,QT_GEST_BAS_DIRETOR,Número de Gestores Escolares da Educação Básica - Cargo do gestor escolar - Diretor,,dicionário_dados_educação_básica_2025.xlsx
2025,Tabela_de_Gestor,QT_GEST_BAS_OUTRO,Número de Gestores Escolares da Educação Básica - Cargo do gestor escolar - Outro Cargo,,dicionário_dados_educação_básica_2025.xlsx
2025,Tabela_de_Gestor,QT_GEST_BAS_ACESSO_CARGO_PROP,Número de Gestores Escolares da Educação Básica -  Critério de acesso ao cargo/função - Ser proprietário ou sócio-proprietário da escola (exclusivo para escola privada),,dicionário_dados_educação_básica_2025.xlsx
2025,Tabela_de_Gestor,QT_GEST_BAS_ACESSO_CARGO_INDIC,Número de Gestores Escolares da Educação Básica -  Critério de acesso ao cargo/função - Exclusivamente por indicação/escolha da gestão,,dicionário_dados_educação_básica_2025.xlsx
2025,Tabela_de_Gestor,QT_GEST_BAS_ACESSO_CARGO_SEL,Número de Gestores Escolares da Educação Básica -  Critério de acesso ao cargo/função - Processo seletivo qualificado e escolha/nomeação da gestão,,dicionário_dados_educação_básica_2025.xlsx
2025,Tabela_de_Gestor,QT_GEST_BAS_ACESSO_CARGO_CONC,Número de Gestores Escolares da Educação Básica -  Critério de acesso ao cargo/função - Concurso público específico para o cargo de gestor escolar (exclusivo para escola pública),,dicionário_dados_educação_básica_2025.xlsx
2025,Tabela_de_Gestor,QT_GEST_BAS_ACESSO_CARGO_ELEIC,Número de Gestores Escolares da Educação Básica -  Critério de acesso ao cargo/função - Exclusivamente por processo eleitoral com  a participação da comunidade escolar (exclusivo para escola pública),,dicionário_dados_educação_básica_2025.xlsx
2025,Tabela_de_Gestor,QT_GEST_BAS_ACESSO_CARGO_P_SEL,Número de Gestores Escolares da Educação Básica -  Critério de acesso ao cargo/função - Processo seletivo qualificado e eleição com participação da comunidade escolar (exclusivo para escola pública),,dicionário_dados_educação_básica_2025.xlsx
2025,Tabela_de_Gestor,QT_GEST_BAS_ACESSO_CARGO_OUTRO,Número de Gestores Escolares da Educação Básica -  Critério de acesso ao cargo/função - Outro,,dicionário_dados_educação_básica_2025.xlsx
2025,Tabela_de_Gestor,QT_GEST_BAS_ESPEC_CRE,Número de Gestores Escolares da Educação Básica - Outros cursos - Formação Continuada com no mínimo 80 horas - Específico para creche (0 a 3 anos),,dicionário_dados_educação_básica_2025.xlsx
2025,Tabela_de_Gestor,QT_GEST_BAS_ESPEC_PRE_ESCOLA,Número de Gestores Escolares da Educação Básica - Outros cursos - Formação Continuada com no mínimo 80 horas - Específico para pré-escola (4 e 5 anos),,dicionário_dados_educação_básica_2025.xlsx
2025,Tabela_de_Gestor,QT_GEST_BAS_ESPEC_ANOS_INICIAIS,Número de Gestores Escolares da Educação Básica - Outros cursos - Formação Continuada com no mínimo 80 horas - Específico para anos iniciais do ensino fundamental,,dicionário_dados_educação_básica_2025.xlsx
2025,Tabela_de_Gestor,QT_GEST_BAS_ESPEC_ANOS_FINAIS,Número de Gestores Escolares da Educação Básica - Outros cursos - Formação Continuada com no mínimo 80 horas - Específico para anos finais do ensino fundamental,,dicionário_dados_educação_básica_2025.xlsx
2025,Tabela_de_Gestor,QT_GEST_BAS_ESPEC_ENS_MEDIO,Número de Gestores Escolares da Educação Básica - Outros cursos - Formação Continuada com no mínimo 80 horas - Específico para ensino médio,,dicionário_dados_educação_básica_2025.xlsx
2025,Tabela_de_Gestor,QT_GEST_BAS_ESPEC_EJA,Número de Gestores Escolares da Educação Básica - Outros cursos - Formação Continuada com no mínimo 80 horas - Específico para educação de jovens e adultos,,dicionário_dados_educação_básica_2025.xlsx
2025,Tabela_de_Gestor,QT_GEST_BAS_ESPEC_ED_ESPECIAL,Número de Gestores Escolares da Educação Básica - Outros cursos - Formação Continuada com no mínimo 80 horas - Específico para educação especial,,dicionário_dados_educação_básica_2025.xlsx
2025,Tabela_de_Gestor,QT_GEST_BAS_ESPEC_BIL_SURDOS,Número de Gestores Escolares da Educação Básica - Outros cursos - Formação Continuada com no mínimo 80 horas - Educação bilíngue de surdos,,dicionário_dados_educação_básica_2025.xlsx
2025,Tabela_de_Gestor,QT_GEST_BAS_ESPEC_ED_INDIGENA,Número de Gestores Escolares da Educação Básica - Outros cursos - Formação Continuada com no mínimo 80 horas - Específico para educação indígena,,dicionário_dados_educação_básica_2025.xlsx
2025,Tabela_de_Gestor,QT_GEST_BAS_ESPEC_CAMPO,Número de Gestores Escolares da Educação Básica - Outros cursos - Formação Continuada com no mínimo 80 horas - Educação do Campo,,dicionário_dados_educação_básica_2025.xlsx
2025,Tabela_de_Gestor,QT_GEST_BAS_ESPEC_AMBIENTAL,Número de Gestores Escolares da Educação Básica - Outros cursos - Formação Continuada com no mínimo 80 horas - Educação Ambiental,,dicionário_dados_educação_básica_2025.xlsx
2025,Tabela_de_Gestor,QT_GEST_BAS_ESPEC_DIR_HUMANOS,Número de Gestores Escolares da Educação Básica - Outros cursos - Formação Continuada com no mínimo 80 horas - Educação em direitos humanos,,dicionário_dados_educação_básica_2025.xlsx
2025,Tabela_de_Gestor,QT_GEST_BAS_ESPEC_DIV_SEXUAL,Número de Gestores Escolares da Educação Básica - Outros cursos - Formação Continuada com no mínimo 80 horas - Gênero e Diversidade Sexual,,dicionário_dados_educação_básica_2025.xlsx
2025,Tabela_de_Gestor,QT_GEST_BAS_ESPEC_DIR_ADOLESC,Número de Gestores Escolares da Educação Básica - Outros cursos - Formação Continuada com no mínimo 80 horas - Direitos de criança e adolescente,,dicionário_dados_educação_básica_2025.xlsx
2025,Tabela_de_Gestor,QT_GEST_BAS_ESPEC_AFRO,Número de Gestores Escolares da Educação Básica - Outros cursos - Formação Continuada com no mínimo 80 horas - Educação para as relações étnico-raciais e história e cultura afro-brasileira e africana,,dicionário_dados_educação_básica_2025.xlsx
2025,Tabela_de_Gestor,QT_GEST_BAS_ESPEC_GESTAO,Número de Gestores Escolares da Educação Básica - Outros cursos - Formação Continuada com no mínimo 80 horas - Gestão escolar,,dicionário_dados_educação_básica_2025.xlsx
2025,Tabela_de_Gestor,QT_GEST_BAS_ESPEC_EDUC_TIC,Número de Gestores Escolares da Educação Básica - Outros cursos - Formação Continuada com no mínimo 80 horas - Educação e Tecnologia de Informação e Comunicação (TIC),,dicionário_dados_educação_básica_2025.xlsx
2025,Tabela_de_Gestor,QT_GEST_BAS_ESPEC_OUTROS,Número de Gestores Escolares da Educação Básica - Outros cursos - Formação Continuada com no mínimo 80 horas - Outros,,dicionário_dados_educação_básica_2025.xlsx
2025,Tabela_de_Gestor,QT_GEST_BAS_ESPEC_NENHUM,Número de Gestores Escolares da Educação Básica - Outros cursos - Formação Continuada com no mínimo 80 horas - Nenhum,,dicionário_dados_educação_básica_2025.xlsx
2025,Tabela_Curso_Técnico,NU_ANO_CENSO,Ano do Censo,,dicionário_dados_educação_básica_2025.xlsx
2025,Tabela_Curso_Técnico,NO_REGIAO,Nome da Região Geográfica,,dicionário_dados_educação_básica_2025.xlsx
2025,Tabela_Curso_Técnico,CO_REGIAO,Código da Região Geográfica,,dicionário_dados_educação_básica_2025.xlsx
2025,Tabela_Curso_Técnico,NO_UF,Nome da Unidade da Federação,,dicionário_dados_educação_básica_2025.xlsx
2025,Tabela_Curso_Técnico,SG_UF,Sigla da Unidade da Federação,,dicionário_dados_educação_básica_2025.xlsx
2025,Tabela_Curso_Técnico,CO_UF,Código da Unidade da Federação,,dicionário_dados_educação_básica_2025.xlsx
2025,Tabela_Curso_Técnico,NO_MUNICIPIO,Nome do Município,,dicionário_dados_educação_básica_2025.xlsx
2025,Tabela_Curso_Técnico,CO_MUNICIPIO,Código do Município,,dicionário_dados_educação_básica_2025.xlsx
2025,Tabela_Curso_Técnico,NO_REGIAO_GEOG_INTERM,Nome da Região Geográfica Intermediária,"A Fundação Instituto Brasileiro de Geografia e Estatísticas (IBGE), propôs em 2017 uma nova divisão geográfica regional do Brasil que corresponde às antigas Mesorregiões e Microrregiões. Assim, a partir de 2019, as regiões geográficas regionais são classificadas em Regiões Geográficas Intermediárias e Regiões Imediatas. No Censo Escolar, para fins de comparação ao longo dos anos, foram mantidas as variáveis de Mesorregiões e Microrregiões.",dicionário_dados_educação_básica_2025.xlsx
2025,Tabela_Curso_Técnico,CO_REGIAO_GEOG_INTERM,Código da Região Geográfica Intermediária,,dicionário_dados_educação_básica_2025.xlsx
2025,Tabela_Curso_Técnico,NO_REGIAO_GEOG_IMED,Nome da Região Geográfica Imediata,,dicionário_dados_educação_básica_2025.xlsx
2025,Tabela_Curso_Técnico,CO_REGIAO_GEOG_IMED,Código da Região Geográfica Imediata,,dicionário_dados_educação_básica_2025.xlsx
2025,Tabela_Curso_Técnico,NO_DISTRITO,Divisão Intramunicipal - Nome do Distrito,,dicionário_dados_educação_básica_2025.xlsx
2025,Tabela_Curso_Técnico,CO_DISTRITO,Divisão Intramunicipal - Código do Distrito,,dicionário_dados_educação_básica_2025.xlsx
2025,Tabela_Curso_Técnico,NO_SUBDISTRITO,Divisão Intramunicipal - Nome do Subdistrito,"A partir do Censo Escolar de 2025, a coleta de informações passou a contemplar dados geográficos desagregados pelo Código das Regiões Administrativas exclusivamente para o Distrito Federal. Em decorrência dessa alteração, nos Microdados, o nome e o código das Regiões Administrativas do Distrito Federal passaram a ser incorporados às variáveis de Código e Nome do Distrito.
Assim, nesta versão dos Microdados, as variáveis NO_REGIAO_ADMINISTRATIVA e CO_REGIAO_ADMINISTRATIVA foram, respectivamente, integradas às variáveis NO_DISTRITO e CO_DISTRITO.",dicionário_dados_educação_básica_2025.xlsx
2025,Tabela_Curso_Técnico,CO_SUBDISTRITO,Divisão Intramunicipal - Código do Subdistrito,,dicionário_dados_educação_básica_2025.xlsx
2025,Tabela_Curso_Técnico,NO_ENTIDADE,Código da Escola,,dicionário_dados_educação_básica_2025.xlsx
2025,Tabela_Curso_Técnico,CO_ENTIDADE,Nome da Escola,,dicionário_dados_educação_básica_2025.xlsx
2025,Tabela_Curso_Técnico,CO_REDE,Rede de Ensino,"Variável incluída nos Microdados com o objetivo de facilitar a identificação e a extração de informações por Rede de Ensino (Pública ou Privada). Trata-se de variável derivada da variável TP_DEPENDENCIA, sendo que a rede pública compreende as esferas Federal, Estadual e Municipal.",dicionário_dados_educação_básica_2025.xlsx
2025,Tabela_Curso_Técnico,TP_DEPENDENCIA,Dependência Administrativa,,dicionário_dados_educação_básica_2025.xlsx
2025,Tabela_Curso_Técnico,TP_CATEGORIA_ESCOLA_PRIVADA,Categoria da escola privada,,dicionário_dados_educação_básica_2025.xlsx
2025,Tabela_Curso_Técnico,TP_LOCALIZACAO,Localização,,dicionário_dados_educação_básica_2025.xlsx
2025,Tabela_Curso_Técnico,TP_LOCALIZACAO_DIFERENCIADA,Localização diferenciada da escola,"De 2007 a 2011:  
0 - Não se aplica
1 - Área de assentamento
2 - Terra indígena
3 - Área remanescente de quilombos
De 2012 a 2018:  
0 - A escola não está em área de localização diferenciada
1 - Área de assentamento
2 - Terra indígena
3 - Área remanescente de quilombos
4 - Unidade de uso sustentável
5 - Unidade de uso sustentável em terra indígena
6 - Unidade de uso sustentável em área remanescente de quilombos
De 2019 a 2022: 
0 - A escola não está em área de localização diferenciada
1 - Área de assentamento
2 - Terra indígena
3 - Área onde se localiza comunidade remanescente de quilombos
Em 2023 foi adicionada a categoria 8: 
8 - Área onde se localizam povos e comunidades tradicionais",dicionário_dados_educação_básica_2025.xlsx
2025,Tabela_Curso_Técnico,IN_PODER_PUBLICO_PARCERIA,"Parceria ou convênio com o poder público (parceria ou convênio firmado entre a Administração Pública e instituições privadas ou instituições públicas de ensino, autarquias e fundações da administração indireta e demais instituições de educação profissional técnica de nível médio dos serviços sociais autônomos que integram o sistema federal de ensino, para financiamento do atendimento educacional ou para a oferta do itinerário de formação técnica e profissional do ensino médio)","Entre 2007 e 2021:
A variável IN_CONVENIADA_PP foi renomeada para:
IN_PODER_PUBLICO_PARCERIA",dicionário_dados_educação_básica_2025.xlsx
2025,Tabela_Curso_Técnico,TP_PODER_PUBLICO_PARCERIA,Poder público responsável pela parceria ou convênio entre a Administração Pública e outras instituições,"Entre 2007 e 2021:
A variável TP_CONVENIO_PODER_PUBLICO foi renomeada para: TP_PODER_PUBLICO_PARCERIA",dicionário_dados_educação_básica_2025.xlsx
2025,Tabela_Curso_Técnico,NO_AREA_CURSO_PROFISSIONAL,Nome da Área do Curso Técnico,,dicionário_dados_educação_básica_2025.xlsx
2025,Tabela_Curso_Técnico,ID_AREA_CURSO_PROFISSIONAL,Código da Área do Curso Técnico,,dicionário_dados_educação_básica_2025.xlsx
2025,Tabela_Curso_Técnico,NO_CURSO_EDUC_PROFISSIONAL,Nome do Cursos Técnico,,dicionário_dados_educação_básica_2025.xlsx
2025,Tabela_Curso_Técnico,CO_CURSO_EDUC_PROFISSIONAL,Código do Curso Técnico,,dicionário_dados_educação_básica_2025.xlsx
2025,Tabela_Curso_Técnico,QT_CURSO_TEC,Número de Cursos Técnicos,,dicionário_dados_educação_básica_2025.xlsx
2025,Tabela_Curso_Técnico,QT_MAT_CURSO_TEC,Número de Matrículas em Cursos Técnicos,,dicionário_dados_educação_básica_2025.xlsx
2025,Tabela_Curso_Técnico,QT_CURSO_TEC_IFTP,Número de Cursos Técnicos - Ensino Médio Regular articulado ao Itinerário Formativo Técnico Profissional (IFTP) - Curso Técnico,,dicionário_dados_educação_básica_2025.xlsx
2025,Tabela_Curso_Técnico,QT_MAT_CURSO_TEC_IFTP,Número de Matrículas em Cursos Técnicos - Ensino Médio Regular articulado ao Itinerário Formativo Técnico Profissional (IFTP) - Curso Técnico,,dicionário_dados_educação_básica_2025.xlsx
2025,Tabela_Curso_Técnico,QT_CURSO_TEC_IFTP_MT,Número de Cursos Técnicos - Ensino Médio Regular articulado ao Itinerário Formativo Técnico Profissional (IFTP) - Curso Técnico na mesma turma,,dicionário_dados_educação_básica_2025.xlsx
2025,Tabela_Curso_Técnico,QT_MAT_CURSO_TEC_IFTP_MT,Número de Matrículas em Cursos Técnicos - Ensino Médio Regular articulado ao Itinerário Formativo Técnico Profissional (IFTP) - Curso Técnico na mesma turma,,dicionário_dados_educação_básica_2025.xlsx
2025,Tabela_Curso_Técnico,QT_CURSO_TEC_IFTP_OTME,Número de Cursos Técnicos - Ensino Médio Regular articulado ao Itinerário Formativo Técnico Profissional (IFTP) - Curso Técnico em outra turma da mesma escola,,dicionário_dados_educação_básica_2025.xlsx
2025,Tabela_Curso_Técnico,QT_MAT_CURSO_TEC_IFTP_OTME,Número de Matrículas em Cursos Técnicos - Ensino Médio Regular articulado ao Itinerário Formativo Técnico Profissional (IFTP) - Curso Técnico em outra turma da mesma escola,,dicionário_dados_educação_básica_2025.xlsx
2025,Tabela_Curso_Técnico,QT_CURSO_TEC_IFTP_OE,Número de Cursos Técnicos - Ensino Médio Regular articulado ao Itinerário Formativo Técnico Profissional (IFTP) - Curso Técnico em outra escola,,dicionário_dados_educação_básica_2025.xlsx
2025,Tabela_Curso_Técnico,QT_MAT_CURSO_TEC_IFTP_OE,Número de Matrículas em Cursos Técnicos - Ensino Médio Regular articulado ao Itinerário Formativo Técnico Profissional (IFTP) - Curso Técnico em outra escola,,dicionário_dados_educação_básica_2025.xlsx
2025,Tabela_Curso_Técnico,QT_CURSO_TEC_NM,Número de Cursos Técnicos - Ensino Médio Regular - Modalidade Normal/Magistério,,dicionário_dados_educação_básica_2025.xlsx
2025,Tabela_Curso_Técnico,QT_MAT_CURSO_TEC_NM,Número de Matrículas em Cursos Técnicos - Ensino Médio Regular - Modalidade Normal/Magistério,,dicionário_dados_educação_básica_2025.xlsx
2025,Tabela_Curso_Técnico,QT_CURSO_TEC_CONC,Número de Cursos Técnicos - Educação Profissional Técnica - Curso Técnico Concomitante,,dicionário_dados_educação_básica_2025.xlsx
2025,Tabela_Curso_Técnico,QT_MAT_CURSO_TEC_CONC,Número de Matrículas em Cursos Técnicos - Educação Profissional Técnica - Curso Técnico Concomitante,,dicionário_dados_educação_básica_2025.xlsx
2025,Tabela_Curso_Técnico,QT_CURSO_TEC_SUBS,Número de Cursos Técnicos - Educação Profissional Técnica - Curso Técnico Subsequente,,dicionário_dados_educação_básica_2025.xlsx
2025,Tabela_Curso_Técnico,QT_MAT_CURSO_TEC_SUBS,Número de Matrículas em Cursos Técnicos - Educação Profissional Técnica - Curso Técnico Subsequente,,dicionário_dados_educação_básica_2025.xlsx
2025,Tabela_Curso_Técnico,QT_CURSO_TEC_IFTP_CT,Número de Cursos da Educação Profissional Técnica - Itinerário Formativo Técnico Profissional (IFTP) Exclusivo - Curso Técnico (não articulado ao ensino médio regular),,dicionário_dados_educação_básica_2025.xlsx
2025,Tabela_Curso_Técnico,QT_MAT_CURSO_TEC_IFTP_CT,Número de Matrículas em Cursos Técnicos da Educação Profissional Técnica - Itinerário Formativo Técnico Profissional (IFTP) Exclusivo - Curso Técnico (não articulado ao ensino médio regular),,dicionário_dados_educação_básica_2025.xlsx
2025,Tabela_Curso_Técnico,QT_CURSO_TEC_EJA,Número de Cursos Técnicos - Curso Técnico Integrado na Modalidade EJA de Nível Médio,,dicionário_dados_educação_básica_2025.xlsx
2025,Tabela_Curso_Técnico,QT_MAT_CURSO_TEC_EJA,Número de Matrículas em Cursos Técnicos - Curso Técnico Integrado na Modalidade EJA de Nível Médio,,dicionário_dados_educação_básica_2025.xlsx
